time_s,pos_x,pos_y,pos_z,vel_x,vel_y,vel_z,acc_x,acc_y,acc_z,quat_w,quat_x,quat_y,quat_z,ang_vel_x,ang_vel_y,ang_vel_z,mass_kg,cg_z,thrust_x,thrust_y,thrust_z,aero_x,aero_y,aero_z,inertia_x,inertia_y,inertia_z,wind_x,wind_y,wind_z,tvc_cmd_pitch,tvc_cmd_yaw,tvc_err_pitch,tvc_err_yaw,num_engines
0,2.08969e-08,0,-4.90649e-06,4.17901e-05,0,-0.00981298,0,0,0,0.999048,0,0.0436194,0,0,-7.16724e-05,0,100,1.04085,0,0,0,4.18789,-0,0.0678011,130.97,130.97,2.6,10,0,0,0.043626,-0,-0.0872664,0,1
0.01,0.000164737,0,0.000748818,0.0327902,0,0.149781,0,0,0,0.999051,0,0.0435551,0,0,-0.0254219,0,99.992,1.04082,103.184,0,2497.87,4.19944,-0,0.0550773,130.964,130.964,2.59984,10,0,0,0.0410267,-0,-0.0871377,0,1
0.02,0.000653478,0,0.00299599,0.0648378,0,0.299672,0,0,0,0.999059,0,0.0433679,0,0,-0.0492685,0,99.984,1.04078,96.752,0,2498.13,4.21143,-0,0.0430033,130.957,130.957,2.59968,10,0,0,0.0384547,-0,-0.086763,0,1
0.03,0.00145897,0,0.00674264,0.0961328,0,0.449677,0,0,0,0.999072,0,0.0430653,0,0,-0.0716295,0,99.976,1.04075,90.4002,0,2498.37,4.22624,-0,0.0308302,130.951,130.951,2.59952,10,0,0,0.0359157,-0,-0.0861573,0,1
0.04,0.00257346,0,0.0119899,0.126628,0,0.599799,0,0,0,0.99909,0,0.0426547,0,0,-0.092526,0,99.968,1.04071,84.1423,0,2498.58,4.24388,-0,0.0185606,130.944,130.944,2.59936,10,0,0,0.0334151,-0,-0.0853353,0,1
0.05,0.00398872,0,0.018739,0.156282,0,0.750041,0,0,0,0.999112,0,0.0421433,0,0,-0.111982,0,99.96,1.04068,77.9905,0,2498.78,4.2644,-0,0.00619582,130.938,130.938,2.5992,10,0,0,0.0309576,-0,-0.0843116,0,1
0.06,0.00569617,0,0.0269912,0.185057,0,0.900405,0,0,0,0.999137,0,0.0415383,0,0,-0.130023,0,99.952,1.04065,71.9565,0,2498.97,4.25024,-0,-0.00626382,130.931,130.931,2.59904,10,0,0,0.0285479,-0,-0.0831004,0,1
0.07,0.00768679,0,0.0367475,0.212913,0,1.05089,0,0,0,0.999165,0,0.0408465,0,0,-0.146669,0,99.944,1.04061,66.0528,0,2499.13,4.20126,-0,-0.0188188,130.924,130.924,2.59888,10,0,0,0.026191,-0,-0.0817158,0,1
0.08,0.00995127,0,0.0480094,0.239823,0,1.2015,0,0,0,0.999197,0,0.0400751,0,0,-0.161951,0,99.936,1.04058,60.2895,0,2499.28,4.15464,-0,-0.0314704,130.918,130.918,2.59872,10,0,0,0.0238907,-0,-0.0801716,0,1
0.09,0.01248,0,0.0607779,0.265762,0,1.35223,0,0,0,0.99923,0,0.0392306,0,0,-0.175902,0,99.928,1.04054,54.6748,0,2499.41,4.11038,-0,-0.0442209,130.911,130.911,2.59856,10,0,0,0.0216504,-0,-0.0784813,0,1
0.1,0.0152632,0,0.0750543,0.29071,0,1.50308,0,0,0,0.999266,0,0.0383196,0,0,-0.18856,0,99.92,1.04051,49.2164,0,2499.52,4.06846,-0,-0.0570728,130.905,130.905,2.5984,10,0,0,0.019473,-0,-0.0766579,0,1
0.11,0.0182908,0,0.0908398,0.314652,0,1.65404,0,0,0,0.999302,0,0.0373485,0,0,-0.199961,0,99.912,1.04048,43.9209,0,2499.62,4.02886,-0,-0.0700299,130.898,130.898,2.59824,10,0,0,0.0173611,-0,-0.0747143,0,1
0.12,0.0215528,0,0.108136,0.337575,0,1.80512,0,0,0,0.99934,0,0.0363234,0,0,-0.210145,0,99.904,1.04044,38.7941,0,2499.71,3.99157,-0,-0.0830959,130.892,130.892,2.59808,10,0,0,0.0153169,-0,-0.0726628,0,1
0.13,0.0250389,0,0.126943,0.359471,0,1.95631,0,0,0,0.999379,0,0.0352504,0,0,-0.219152,0,99.896,1.04041,33.8409,0,2499.78,3.95656,-0,-0.0962754,130.885,130.885,2.59792,10,0,0,0.0133425,-0,-0.0705153,0,1
0.14,0.0287388,0,0.147262,0.380335,0,2.1076,0,0,0,0.999417,0,0.0341351,0,0,-0.227023,0,99.888,1.04038,29.0657,0,2499.84,3.9238,-0,-0.109573,130.878,130.878,2.59776,10,0,0,0.0114394,-0,-0.0682835,0,1
0.15,0.0326421,0,0.169095,0.400164,0,2.259,0,0,0,0.999456,0,0.0329833,0,0,-0.233802,0,99.88,1.04034,24.4718,0,2499.89,3.89326,-0,-0.122995,130.872,130.872,2.5976,10,0,0,0.00960909,-0,-0.0659785,0,1
0.16,0.0367386,0,0.192442,0.41896,0,2.4105,0,0,0,0.999494,0,0.0318001,0,0,-0.23953,0,99.872,1.04031,20.0619,0,2499.93,3.86489,-0,-0.136546,130.865,130.865,2.59744,10,0,0,0.00785251,-0,-0.063611,0,1
0.17,0.0410179,0,0.217305,0.436727,0,2.56209,0,0,0,0.999532,0,0.0305909,0,0,-0.244252,0,99.864,1.04027,15.8383,0,2499.96,3.83866,-0,-0.150231,130.859,130.859,2.59728,10,0,0,0.00617048,-0,-0.0611913,0,1
0.18,0.0454697,0,0.243684,0.453471,0,2.71377,0,0,0,0.999569,0,0.0293604,0,0,-0.248011,0,99.856,1.04024,11.8021,0,2499.99,3.81452,-0,-0.164057,130.852,130.852,2.59712,10,0,0,0.00456354,-0,-0.0587292,0,1
0.19,0.0500839,0,0.271581,0.469201,0,2.86553,0,0,0,0.999605,0,0.0281134,0,0,-0.250851,0,99.848,1.04021,7.95441,0,2500,3.79244,-0,-0.17803,130.846,130.846,2.59696,10,0,0,0.00303199,-0,-0.0562342,0,1
0.2,0.0548504,0,0.300995,0.48393,0,3.01737,0,0,0,0.999639,0,0.0268543,0,0,-0.252817,0,99.84,1.04017,4.29524,0,2500.01,3.77237,-0,-0.192156,130.839,130.839,2.5968,10,0,0,0.00157586,-0,-0.0537151,0,1
0.21,0.0597592,0,0.331929,0.49767,0,3.16929,0,0,0,0.999673,0,0.0255875,0,0,-0.253953,0,99.832,1.04014,0.82432,0,2500.02,3.75425,-0,-0.206441,130.832,130.832,2.59664,10,0,0,0.00019502,-0,-0.0511806,0,1
0.22,0.0648006,0,0.364381,0.510438,0,3.32128,0,0,0,0.999704,0,0.024317,0,0,-0.254303,0,99.824,1.0401,-2.45921,0,2500.02,3.73805,-0,-0.22089,130.826,130.826,2.59648,10,0,0,-0.00111091,-0,-0.0486387,0,1
0.23,0.0699648,0,0.398354,0.522251,0,3.47333,0,0,0,0.999734,0,0.0230465,0,0,-0.25391,0,99.816,1.04007,-5.55671,0,2500.02,3.72371,-0,-0.235511,130.819,130.819,2.59632,10,0,0,-0.00234249,-0,-0.046097,0,1
0.24,0.0752425,0,0.433848,0.533129,0,3.62544,0,0,0,0.999763,0,0.0217797,0,0,-0.252819,0,99.808,1.04004,-8.46995,0,2500.01,3.71118,-0,-0.250307,130.813,130.813,2.59616,10,0,0,-0.00350046,-0,-0.0435628,0,1
0.25,0.0806244,0,0.470863,0.543092,0,3.77761,0,0,0,0.999789,0,0.02052,0,0,-0.251071,0,99.8,1.04,-11.2012,0,2500,3.70042,-0,-0.265286,130.806,130.806,2.596,10,0,0,-0.00458571,-0,-0.0410429,0,1
0.26,0.0861014,0,0.5094,0.552163,0,3.92983,0,0,0,0.999814,0,0.0192705,0,0,-0.24871,0,99.792,1.03997,-13.753,0,2499.99,3.69137,-0,-0.280453,130.8,130.8,2.59584,10,0,0,-0.00559932,-0,-0.0385435,0,1
0.27,0.0916647,0,0.54946,0.560366,0,4.0821,0,0,0,0.999837,0,0.0180343,0,0,-0.245778,0,99.784,1.03993,-16.1283,0,2499.98,3.68399,-0,-0.295813,130.793,130.793,2.59568,10,0,0,-0.00654248,-0,-0.0360706,0,1
0.28,0.0973059,0,0.591043,0.567724,0,4.23442,0,0,0,0.999859,0,0.0168141,0,0,-0.242314,0,99.776,1.0399,-18.3306,0,2499.97,3.67822,-0,-0.311371,130.786,130.786,2.59552,10,0,0,-0.00741653,-0,-0.0336297,0,1
0.29,0.103016,0,0.634149,0.574265,0,4.38677,0,0,0,0.999878,0,0.0156123,0,0,-0.238359,0,99.768,1.03987,-20.3633,0,2499.95,3.67402,-0,-0.327133,130.78,130.78,2.59536,10,0,0,-0.00822294,-0,-0.0312259,0,1
0.3,0.108789,0,0.678778,0.580014,0,4.53917,0,0,0,0.999896,0,0.0144315,0,0,-0.233953,0,99.76,1.03983,-22.2305,0,2499.94,3.67135,-0,-0.343102,130.773,130.773,2.5952,10,0,0,-0.00896326,-0,-0.028864,0,1
0.31,0.114614,0,0.724932,0.584999,0,4.69159,0,0,0,0.999912,0,0.0132737,0,0,-0.229133,0,99.752,1.0398,-23.9361,0,2499.93,3.67014,-0,-0.359283,130.767,130.767,2.59504,10,0,0,-0.00963917,-0,-0.0265483,0,1
0.32,0.120486,0,0.77261,0.589249,0,4.84405,0,0,0,0.999926,0,0.012141,0,0,-0.223937,0,99.744,1.03976,-25.4847,0,2499.92,3.67037,-0,-0.375681,130.76,130.76,2.59488,10,0,0,-0.0102524,-0,-0.0242826,0,1
0.33,0.126397,0,0.821813,0.592791,0,4.99655,0,0,0,0.999939,0,0.0110351,0,0,-0.218402,0,99.736,1.03973,-26.8807,0,2499.9,3.67198,-0,-0.3923,130.753,130.753,2.59472,10,0,0,-0.0108049,-0,-0.0220707,0,1
0.34,0.13234,0,0.872541,0.595654,0,5.14906,0,0,0,0.99995,0,0.00995764,0,0,-0.212562,0,99.728,1.0397,-28.129,0,2499.89,3.67493,-0,-0.409143,130.747,130.747,2.59456,10,0,0,-0.0112984,-0,-0.0199156,0,1
0.35,0.138308,0,0.924795,0.597868,0,5.30161,0,0,0,0.99996,0,0.00891005,0,0,-0.206451,0,99.72,1.03966,-29.2344,0,2499.88,3.67919,-0,-0.426214,130.74,130.74,2.5944,10,0,0,-0.0117349,-0,-0.0178203,0,1
0.36,0.144295,0,0.978573,0.599462,0,5.45417,0,0,0,0.999969,0,0.00789361,0,0,-0.200103,0,99.712,1.03963,-30.202,0,2499.88,3.6847,-0,-0.443517,130.734,130.734,2.59424,10,0,0,-0.0121166,-0,-0.0157874,0,1
0.37,0.150295,0,1.03388,0.600465,0,5.60676,0,0,0,0.999976,0,0.00690943,0,0,-0.193548,0,99.704,1.03959,-31.0369,0,2499.87,3.69142,-0,-0.461054,130.727,130.727,2.59408,10,0,0,-0.0124453,-0,-0.013819,0,1
0.38,0.156302,0,1.09071,0.600907,0,5.75937,0,0,0,0.999982,0,0.00595847,0,0,-0.186818,0,99.696,1.03956,-31.7442,0,2499.86,3.69933,-0,-0.478829,130.721,130.721,2.59392,10,0,0,-0.0127233,-0,-0.011917,0,1
0.39,0.162311,0,1.14907,0.600817,0,5.91199,0,0,0,0.999987,0,0.00504153,0,0,-0.179941,0,99.688,1.03953,-32.3294,0,2499.86,3.70838,-0,-0.496844,130.714,130.714,2.59376,10,0,0,-0.0129526,-0,-0.0100831,0,1
0.4,0.168317,0,1.20895,0.600226,0,6.06464,0,0,0,0.999991,0,0.00415928,0,0,-0.172946,0,99.68,1.03949,-32.7977,0,2499.86,3.71854,-0,-0.515103,130.707,130.707,2.5936,10,0,0,-0.0131353,-0,-0.00831858,0,1
0.41,0.174314,0,1.27036,0.59916,0,6.2173,0,0,0,0.999995,0,0.00331224,0,0,-0.165859,0,99.672,1.03946,-33.1545,0,2499.86,3.72977,-0,-0.533607,130.701,130.701,2.59344,10,0,0,-0.0132737,-0,-0.00662449,0,1
0.42,0.180299,0,1.33329,0.59765,0,6.36998,0,0,0,0.999997,0,0.0025008,0,0,-0.158707,0,99.664,1.03942,-33.4053,0,2499.86,3.74204,-0,-0.552359,130.694,130.694,2.59328,10,0,0,-0.0133699,-0,-0.00500161,0,1
0.43,0.186266,0,1.39776,0.595724,0,6.52267,0,0,0,0.999999,0,0.00172525,0,0,-0.151512,0,99.656,1.03939,-33.5553,0,2499.86,3.75531,-0,-0.571361,130.688,130.688,2.59312,10,0,0,-0.0134259,-0,-0.0034505,0,1
0.44,0.192212,0,1.46375,0.593408,0,6.67538,0,0,0,1,0,0.000985721,0,0,-0.144298,0,99.648,1.03936,-33.6099,0,2499.86,3.76956,-0,-0.590615,130.681,130.681,2.59296,10,0,0,-0.0134441,-0,-0.00197144,0,1
0.45,0.198133,0,1.53127,0.590732,0,6.8281,0,0,0,1,0,0.000282265,0,0,-0.137087,0,99.64,1.03932,-33.5745,0,2499.87,3.78475,-0,-0.610124,130.675,130.675,2.5928,10,0,0,-0.0134264,-0,-0.00056453,0,1
0.46,0.204025,0,1.60031,0.587722,0,6.98084,0,0,0,1,0,-0.000385185,0,0,-0.129899,0,99.632,1.03929,-33.4544,0,2499.87,3.80086,-0,-0.629888,130.668,130.668,2.59264,10,0,0,-0.013375,-0,0.000770369,0,1
0.47,0.209886,0,1.67088,0.584403,0,7.13359,0,0,0,0.999999,0,-0.00101679,0,0,-0.122753,0,99.624,1.03925,-33.2547,0,2499.88,3.81786,-0,-0.649911,130.661,130.661,2.59248,10,0,0,-0.0132921,-0,0.00203358,0,1
0.48,0.215713,0,1.74298,0.580803,0,7.28636,0,0,0,0.999999,0,-0.00161282,0,0,-0.115668,0,99.616,1.03922,-32.9807,0,2499.89,3.83572,-0,-0.670193,130.655,130.655,2.59232,10,0,0,-0.0131796,-0,0.00322563,0,1
0.49,0.221501,0,1.81661,0.576945,0,7.43914,0,0,0,0.999998,0,-0.0021736,0,0,-0.10866,0,99.608,1.03919,-32.6374,0,2499.89,3.85442,-0,-0.690737,130.648,130.648,2.59216,10,0,0,-0.0130396,-0,0.0043472,0,1
0.5,0.227251,0,1.89176,0.572854,0,7.59194,0,0,0,0.999996,0,-0.00269957,0,0,-0.101745,0,99.6,1.03915,-32.2298,0,2499.9,3.87393,-0,-0.711543,130.642,130.642,2.592,10,0,0,-0.0128741,-0,0.00539914,0,1
0.51,0.232958,0,1.96845,0.568553,0,7.74475,0,0,0,0.999995,0,-0.00319122,0,0,-0.0949374,0,99.592,1.03912,-31.7628,0,2499.91,3.89422,-0,-0.732614,130.635,130.635,2.59184,10,0,0,-0.012685,-0,0.00638246,0,1
0.52,0.238621,0,2.04666,0.564067,0,7.89758,0,0,0,0.999993,0,-0.00364914,0,0,-0.0882507,0,99.584,1.03908,-31.2412,0,2499.93,3.91528,-0,-0.753951,130.629,130.629,2.59168,10,0,0,-0.0124742,-0,0.0072983,0,1
0.53,0.244239,0,2.1264,0.559415,0,8.05043,0,0,0,0.999992,0,-0.00407395,0,0,-0.0816971,0,99.576,1.03905,-30.6697,0,2499.94,3.93708,-0,-0.775556,130.622,130.622,2.59152,10,0,0,-0.0122437,-0,0.00814792,0,1
0.54,0.249809,0,2.20767,0.55462,0,8.20329,0,0,0,0.99999,0,-0.00446635,0,0,-0.0752877,0,99.568,1.03902,-30.0527,0,2499.95,3.9596,-0,-0.79743,130.615,130.615,2.59136,10,0,0,-0.0119951,-0,0.00893272,0,1
0.55,0.255331,0,2.29047,0.549703,0,8.35616,0,0,0,0.999988,0,-0.00482708,0,0,-0.0690327,0,99.56,1.03898,-29.3947,0,2499.96,3.98282,-0,-0.819574,130.609,130.609,2.5912,10,0,0,-0.0117304,-0,0.00965419,0,1
0.56,0.260803,0,2.37479,0.544682,0,8.50905,0,0,0,0.999987,0,-0.00515694,0,0,-0.0629413,0,99.552,1.03895,-28.7,0,2499.98,4.00672,-0,-0.84199,130.602,130.602,2.59104,10,0,0,-0.0114511,-0,0.0103139,0,1
0.57,0.266224,0,2.46065,0.539577,0,8.66196,0,0,0,0.999985,0,-0.00545677,0,0,-0.0570216,0,99.544,1.03891,-27.9728,0,2499.99,4.03127,-0,-0.86468,130.596,130.596,2.59088,10,0,0,-0.011159,-0,0.0109136,0,1
0.58,0.271594,0,2.54803,0.534406,0,8.81489,0,0,0,0.999984,0,-0.00572744,0,0,-0.0512807,0,99.536,1.03888,-27.217,0,2500,4.05647,-0,-0.887645,130.589,130.589,2.59072,10,0,0,-0.0108555,-0,0.011455,0,1
0.59,0.276912,0,2.63694,0.529185,0,8.96783,0,0,0,0.999982,0,-0.00596988,0,0,-0.045725,0,99.528,1.03884,-26.4365,0,2500.02,4.08229,-0,-0.910887,130.582,130.582,2.59056,10,0,0,-0.0105424,-0,0.0119398,0,1
0.6,0.282178,0,2.72739,0.523931,0,9.12079,0,0,0,0.999981,0,-0.00618501,0,0,-0.0403598,0,99.52,1.03881,-25.6349,0,2500.03,4.10871,-0,-0.934406,130.576,130.576,2.5904,10,0,0,-0.010221,-0,0.0123701,0,1
0.61,0.287391,0,2.81936,0.51866,0,9.27377,0,0,0,0.99998,0,-0.00637379,0,0,-0.0351897,0,99.512,1.03878,-24.816,0,2500.04,4.13571,-0,-0.958206,130.569,130.569,2.59024,10,0,0,-0.00989281,-0,0.0127477,0,1
0.62,0.292551,0,2.91286,0.513386,0,9.42677,0,0,0,0.999979,0,-0.00653723,0,0,-0.0302183,0,99.504,1.03874,-23.983,0,2500.06,4.16328,-0,-0.982286,130.563,130.563,2.59008,10,0,0,-0.00955911,-0,0.0130745,0,1
0.63,0.297658,0,3.0079,0.508122,0,9.57978,0,0,0,0.999978,0,-0.00667631,0,0,-0.0254487,0,99.496,1.03871,-23.1393,0,2500.07,4.19141,-0,-1.00665,130.556,130.556,2.58992,10,0,0,-0.00922123,-0,0.0133527,0,1
0.64,0.302713,0,3.10446,0.502883,0,9.73282,0,0,0,0.999977,0,-0.00679205,0,0,-0.020883,0,99.488,1.03867,-22.2878,0,2500.08,4.22006,-0,-1.0313,130.55,130.55,2.58976,10,0,0,-0.00888041,-0,0.0135842,0,1
0.65,0.307716,0,3.20255,0.497679,0,9.88587,0,0,0,0.999976,0,-0.00688548,0,0,-0.0165228,0,99.48,1.03864,-21.4317,0,2500.1,4.24924,-0,-1.05623,130.543,130.543,2.5896,10,0,0,-0.00853781,-0,0.0137711,0,1
0.66,0.312667,0,3.30218,0.492522,0,10.0389,0,0,0,0.999976,0,-0.00695762,0,0,-0.0123687,0,99.472,1.03861,-20.5736,0,2500.11,4.27892,-0,-1.08145,130.536,130.536,2.58944,10,0,0,-0.00819455,-0,0.0139154,0,1
0.67,0.317567,0,3.40333,0.487423,0,10.192,0,0,0,0.999975,0,-0.00700951,0,0,-0.00842104,0,99.464,1.03857,-19.7162,0,2500.12,4.30908,-0,-1.10696,130.53,130.53,2.58928,10,0,0,-0.00785167,-0,0.0140191,0,1
0.68,0.322416,0,3.50602,0.482392,0,10.3452,0,0,0,0.999975,0,-0.00704217,0,0,-0.00467935,0,99.456,1.03854,-18.862,0,2500.14,4.33972,-0,-1.13277,130.523,130.523,2.58912,10,0,0,-0.00751017,-0,0.0140845,0,1
0.69,0.327215,0,3.61023,0.477437,0,10.4983,0,0,0,0.999975,0,-0.00705664,0,0,-0.00114266,0,99.448,1.0385,-18.0133,0,2500.15,4.37081,-0,-1.15886,130.517,130.517,2.58896,10,0,0,-0.00717097,-0,0.0141134,0,1
0.7,0.331965,0,3.71598,0.472567,0,10.6514,0,0,0,0.999975,0,-0.00705394,0,0,0.00219057,0,99.44,1.03847,-17.1723,0,2500.16,4.40234,-0,-1.18525,130.51,130.51,2.5888,10,0,0,-0.00683494,-0,0.014108,0,1
0.71,0.336666,0,3.82326,0.467789,0,10.8046,0,0,0,0.999975,0,-0.00703508,0,0,0.00532233,0,99.432,1.03844,-16.3411,0,2500.17,4.4343,-0,-1.21194,130.504,130.504,2.58864,10,0,0,-0.0065029,-0,0.0140703,0,1
0.72,0.341321,0,3.93208,0.46311,0,10.9578,0,0,0,0.999975,0,-0.00700105,0,0,0.00825512,0,99.424,1.0384,-15.5216,0,2500.18,4.46668,-0,-1.23893,130.497,130.497,2.58848,10,0,0,-0.0061756,-0,0.0140022,0,1
0.73,0.345929,0,4.04242,0.458537,0,11.111,0,0,0,0.999976,0,-0.00695286,0,0,0.0109918,0,99.416,1.03837,-14.7155,0,2500.2,4.49945,-0,-1.26621,130.49,130.49,2.58832,10,0,0,-0.00585373,-0,0.0139058,0,1
0.74,0.350492,0,4.1543,0.454074,0,11.2643,0,0,0,0.999976,0,-0.00689146,0,0,0.0135358,0,99.408,1.03833,-13.9244,0,2500.21,4.5326,-0,-1.2938,130.484,130.484,2.58816,10,0,0,-0.00553794,-0,0.013783,0,1
0.75,0.355011,0,4.2677,0.449728,0,11.4175,0,0,0,0.999977,0,-0.00681782,0,0,0.0158906,0,99.4,1.0383,-13.1498,0,2500.22,4.56613,-0,-1.3217,130.477,130.477,2.588,10,0,0,-0.00522881,-0,0.0136357,0,1
0.76,0.359487,0,4.38265,0.445501,0,11.5708,0,0,0,0.999977,0,-0.00673287,0,0,0.0180603,0,99.392,1.03827,-12.3931,0,2500.23,4.60001,-0,-1.34989,130.471,130.471,2.58784,10,0,0,-0.00492688,-0,0.0134658,0,1
0.77,0.363921,0,4.49912,0.441397,0,11.7241,0,0,0,0.999978,0,-0.00663752,0,0,0.0200493,0,99.384,1.03823,-11.6555,0,2500.24,4.63424,-0,-1.3784,130.464,130.464,2.58768,10,0,0,-0.00463264,-0,0.0132751,0,1
0.78,0.368315,0,4.61713,0.437421,0,11.8774,0,0,0,0.999979,0,-0.00653267,0,0,0.021862,0,99.376,1.0382,-10.9381,0,2500.25,4.6688,-0,-1.40722,130.458,130.458,2.58752,10,0,0,-0.00434652,-0,0.0130654,0,1
0.79,0.37267,0,4.73667,0.433573,0,12.0307,0,0,0,0.999979,0,-0.00641919,0,0,0.0235033,0,99.368,1.03816,-10.2418,0,2500.26,4.70367,-0,-1.43635,130.451,130.451,2.58736,10,0,0,-0.00406891,-0,0.0128385,0,1
0.8,0.376987,0,4.85774,0.429857,0,12.1841,0,0,0,0.99998,0,-0.00629792,0,0,0.0249782,0,99.36,1.03813,-9.56761,0,2500.27,4.73886,-0,-1.46579,130.444,130.444,2.5872,10,0,0,-0.00380014,-0,0.0125959,0,1
0.81,0.381268,0,4.98035,0.426273,0,12.3375,0,0,0,0.999981,0,-0.00616969,0,0,0.026292,0,99.352,1.03809,-8.9162,0,2500.28,4.77433,-0,-1.49555,130.438,130.438,2.58704,10,0,0,-0.00354052,-0,0.0123395,0,1
0.82,0.385513,0,5.10449,0.422823,0,12.4908,0,0,0,0.999982,0,-0.00603527,0,0,0.0274501,0,99.344,1.03806,-8.28821,0,2500.29,4.81008,-0,-1.52563,130.431,130.431,2.58688,10,0,0,-0.0032903,-0,0.0120706,0,1
0.83,0.389725,0,5.23017,0.419507,0,12.6443,0,0,0,0.999983,0,-0.00589544,0,0,0.028458,0,99.336,1.03803,-7.68419,0,2500.3,4.84611,-0,-1.55603,130.425,130.425,2.58672,10,0,0,-0.00304968,-0,0.011791,0,1
0.84,0.393904,0,5.35738,0.416326,0,12.7977,0,0,0,0.999983,0,-0.00575094,0,0,0.0293213,0,99.328,1.03799,-7.10459,0,2500.31,4.88239,-0,-1.58675,130.418,130.418,2.58656,10,0,0,-0.00281884,-0,0.0115019,0,1
0.85,0.398052,0,5.48612,0.413278,0,12.9512,0,0,0,0.999984,0,-0.00560247,0,0,0.0300458,0,99.32,1.03796,-6.54974,0,2500.32,4.91891,-0,-1.6178,130.411,130.411,2.5864,10,0,0,-0.00259792,-0,0.011205,0,1
0.86,0.40217,0,5.6164,0.410365,0,13.1046,0,0,0,0.999985,0,-0.00545071,0,0,0.0306373,0,99.312,1.03792,-6.0199,0,2500.33,4.95567,-0,-1.64917,130.405,130.405,2.58624,10,0,0,-0.002387,-0,0.0109015,0,1
0.87,0.406259,0,5.74821,0.407583,0,13.2581,0,0,0,0.999986,0,-0.00529631,0,0,0.0311017,0,99.304,1.03789,-5.51524,0,2500.33,4.99265,-0,-1.68086,130.398,130.398,2.58608,10,0,0,-0.00218617,-0,0.0105927,0,1
0.88,0.410322,0,5.88156,0.404933,0,13.4116,0,0,0,0.999987,0,-0.0051399,0,0,0.0314448,0,99.296,1.03786,-5.03584,0,2500.34,5.02984,-0,-1.71289,130.392,130.392,2.58592,10,0,0,-0.00199544,-0,0.0102798,0,1
0.89,0.414358,0,6.01645,0.402413,0,13.5652,0,0,0,0.999988,0,-0.00498206,0,0,0.0316726,0,99.288,1.03782,-4.58171,0,2500.35,5.06723,-0,-1.74525,130.385,130.385,2.58576,10,0,0,-0.00181482,-0,0.00996416,0,1
0.9,0.41837,0,6.15287,0.40002,0,13.7187,0,0,0,0.999988,0,-0.00482336,0,0,0.031791,0,99.28,1.03779,-4.15279,0,2500.36,5.10481,-0,-1.77795,130.379,130.379,2.5856,10,0,0,-0.00164427,-0,0.00964675,0,1
0.91,0.422359,0,6.29082,0.397752,0,13.8723,0,0,0,0.999989,0,-0.00466433,0,0,0.0318059,0,99.272,1.03775,-3.74895,0,2500.37,5.14257,-0,-1.81098,130.372,130.372,2.58544,10,0,0,-0.00148376,-0,0.00932869,0,1
0.92,0.426326,0,6.43031,0.395608,0,14.0259,0,0,0,0.99999,0,-0.00450547,0,0,0.031723,0,99.264,1.03772,-3.36999,0,2500.38,5.1805,-0,-1.84434,130.365,130.365,2.58528,10,0,0,-0.00133318,-0,0.00901096,0,1
0.93,0.430272,0,6.57134,0.393584,0,14.1795,0,0,0,0.999991,0,-0.00434725,0,0,0.0315483,0,99.256,1.03768,-3.01565,0,2500.39,5.21859,-0,-1.87805,130.359,130.359,2.58512,10,0,0,-0.00119244,-0,0.00869453,0,1
0.94,0.434198,0,6.7139,0.391677,0,14.3331,0,0,0,0.999991,0,-0.00419013,0,0,0.0312873,0,99.248,1.03765,-2.68562,0,2500.4,5.25683,-0,-1.9121,130.352,130.352,2.58496,10,0,0,-0.00106141,-0,0.00838029,0,1
0.95,0.438106,0,6.858,0.389885,0,14.4868,0,0,0,0.999992,0,-0.00403452,0,0,0.0309459,0,99.24,1.03762,-2.37954,0,2500.41,5.29521,-0,-1.94649,130.346,130.346,2.5848,10,0,0,-0.000939939,-0,0.00806906,0,1
0.96,0.441996,0,7.00364,0.388204,0,14.6404,0,0,0,0.999992,0,-0.0038808,0,0,0.0305294,0,99.232,1.03758,-2.09698,0,2500.41,5.33372,-0,-1.98122,130.339,130.339,2.58464,10,0,0,-0.000827865,-0,0.00776162,0,1
0.97,0.44587,0,7.15081,0.38663,0,14.7941,0,0,0,0.999993,0,-0.00372934,0,0,0.0300435,0,99.224,1.03755,-1.83751,0,2500.42,5.37235,-0,-2.0163,130.333,130.333,2.58448,10,0,0,-0.000725,-0,0.0074587,0,1
0.98,0.449729,0,7.29952,0.385161,0,14.9478,0,0,0,0.999994,0,-0.00358047,0,0,0.0294934,0,99.216,1.03751,-1.60061,0,2500.43,5.4111,-0,-2.05173,130.326,130.326,2.58432,10,0,0,-0.000631145,-0,0.00716096,0,1
0.99,0.453574,0,7.44976,0.383793,0,15.1015,0,0,0,0.999994,0,-0.00343451,0,0,0.0288843,0,99.208,1.03748,-1.38575,0,2500.44,5.44996,-0,-2.08751,130.319,130.319,2.58416,10,0,0,-0.000546086,-0,0.00686903,0,1
1,0.457405,0,7.60155,0.382522,0,15.2553,0,0,0,0.999995,0,-0.00329172,0,0,0.0282214,0,99.2,1.03745,-1.19237,0,2500.45,5.48891,-0,-2.12363,130.313,130.313,2.584,10,0,0,-0.000469593,-0,0.00658346,0,1
1.01,0.461224,0,7.75487,0.381344,0,15.409,0,0,0,0.999995,0,-0.00315238,0,0,0.0275095,0,99.192,1.03741,-1.01988,0,2500.46,5.52795,-0,-2.16011,130.306,130.306,2.58384,10,0,0,-0.000401428,-0,0.00630477,0,1
1.02,0.465032,0,7.90973,0.380255,0,15.5628,0,0,0,0.999995,0,-0.0030167,0,0,0.0267537,0,99.184,1.03738,-0.867649,0,2500.47,5.56708,-0,-2.19695,130.3,130.3,2.58368,10,0,0,-0.000341342,-0,0.00603342,0,1
1.03,0.46883,0,8.06613,0.379252,0,15.7166,0,0,0,0.999996,0,-0.00288491,0,0,0.0259584,0,99.176,1.03734,-0.735037,0,2500.48,5.60628,-0,-2.23414,130.293,130.293,2.58352,10,0,0,-0.000289076,-0,0.00576982,0,1
1.04,0.472618,0,8.22406,0.378331,0,15.8704,0,0,0,0.999996,0,-0.00275718,0,0,0.0251282,0,99.168,1.03731,-0.621379,0,2500.49,5.64556,-0,-2.27168,130.286,130.286,2.58336,10,0,0,-0.000244364,-0,0.00551437,0,1
1.05,0.476397,0,8.38353,0.377487,0,16.0242,0,0,0,0.999997,0,-0.00263368,0,0,0.0242675,0,99.16,1.03727,-0.525996,0,2500.5,5.68489,-0,-2.30959,130.28,130.28,2.5832,10,0,0,-0.000206933,-0,0.00526736,0,1
1.06,0.480168,0,8.54454,0.376717,0,16.1781,0,0,0,0.999997,0,-0.00251455,0,0,0.0233805,0,99.152,1.03724,-0.448195,0,2500.51,5.72429,-0,-2.34785,130.273,130.273,2.58304,10,0,0,-0.000176506,-0,0.0050291,0,1
1.07,0.483931,0,8.70709,0.376016,0,16.3319,0,0,0,0.999997,0,-0.00239991,0,0,0.0224711,0,99.144,1.03721,-0.38727,0,2500.52,5.76373,-0,-2.38647,130.267,130.267,2.58288,10,0,0,-0.0001528,-0,0.00479983,0,1
1.08,0.487688,0,8.87118,0.375381,0,16.4858,0,0,0,0.999997,0,-0.00228987,0,0,0.0215434,0,99.136,1.03717,-0.342511,0,2500.53,5.80322,-0,-2.42545,130.26,130.26,2.58272,10,0,0,-0.00013553,-0,0.00457974,0,1
1.09,0.491439,0,9.03681,0.374809,0,16.6397,0,0,0,0.999998,0,-0.0021845,0,0,0.020601,0,99.128,1.03714,-0.313197,0,2500.54,5.84275,-0,-2.4648,130.254,130.254,2.58256,10,0,0,-0.000124408,-0,0.00436901,0,1
1.1,0.495185,0,9.20398,0.374294,0,16.7936,0,0,0,0.999998,0,-0.00208388,0,0,0.0196473,0,99.12,1.0371,-0.298609,0,2500.55,5.88232,-0,-2.50451,130.247,130.247,2.5824,10,0,0,-0.000119147,-0,0.00416776,0,1
1.11,0.498925,0,9.37268,0.373833,0,16.9475,0,0,0,0.999998,0,-0.00198804,0,0,0.0186859,0,99.112,1.03707,-0.298024,0,2500.56,5.92191,-0,-2.54458,130.24,130.24,2.58224,10,0,0,-0.000119457,-0,0.00397609,0,1
1.12,0.502661,0,9.54293,0.373423,0,17.1015,0,0,0,0.999998,0,-0.00189703,0,0,0.0177198,0,99.104,1.03704,-0.31072,0,2500.57,5.96153,-0,-2.58502,130.234,130.234,2.58208,10,0,0,-0.000125049,-0,0.00379406,0,1
1.13,0.506394,0,9.71471,0.37306,0,17.2555,0,0,0,0.999998,0,-0.00181085,0,0,0.0167521,0,99.096,1.037,-0.33598,0,2500.58,6.00118,-0,-2.62583,130.227,130.227,2.58192,10,0,0,-0.000135637,-0,0.0036217,0,1
1.14,0.510123,0,9.88804,0.372739,0,17.4094,0,0,0,0.999999,0,-0.0017295,0,0,0.0157857,0,99.088,1.03697,-0.373091,0,2500.59,6.04084,-0,-2.667,130.221,130.221,2.58176,10,0,0,-0.000150935,-0,0.00345901,0,1
1.15,0.513849,0,10.0629,0.372458,0,17.5634,0,0,0,0.999999,0,-0.00165298,0,0,0.0148232,0,99.08,1.03693,-0.421346,0,2500.6,6.08052,-0,-2.70854,130.214,130.214,2.5816,10,0,0,-0.000170662,-0,0.00330597,0,1
1.16,0.517572,0,10.2393,0.372213,0,17.7175,0,0,0,0.999999,0,-0.00158126,0,0,0.0138672,0,99.072,1.0369,-0.480048,0,2500.61,6.12021,-0,-2.75045,130.208,130.208,2.58144,10,0,0,-0.000194539,-0,0.00316252,0,1
1.17,0.521293,0,10.4173,0.372,0,17.8715,0,0,0,0.999999,0,-0.0015143,0,0,0.0129201,0,99.064,1.03686,-0.548509,0,2500.62,6.15991,-0,-2.79272,130.201,130.201,2.58128,10,0,0,-0.000222291,-0,0.0030286,0,1
1.18,0.525012,0,10.5967,0.371817,0,18.0255,0,0,0,0.999999,0,-0.00145204,0,0,0.0119839,0,99.056,1.03683,-0.626053,0,2500.63,6.19961,-0,-2.83537,130.194,130.194,2.58112,10,0,0,-0.000253649,-0,0.00290409,0,1
1.19,0.528729,0,10.7778,0.371659,0,18.1796,0,0,0,0.999999,0,-0.00139444,0,0,0.0110609,0,99.048,1.0368,-0.712018,0,2500.64,6.23932,-0,-2.87839,130.188,130.188,2.58096,10,0,0,-0.000288347,-0,0.00278887,0,1
1.2,0.532445,0,10.9603,0.371524,0,18.3337,0,0,0,0.999999,0,-0.00134141,0,0,0.0101528,0,99.04,1.03676,-0.805752,0,2500.65,6.27903,-0,-2.92177,130.181,130.181,2.5808,10,0,0,-0.000326126,-0,0.00268282,0,1
1.21,0.53616,0,11.1444,0.371409,0,18.4878,0,0,0,0.999999,0,-0.00129288,0,0,0.00926146,0,99.032,1.03673,-0.906622,0,2500.66,6.31874,-0,-2.96553,130.175,130.175,2.58064,10,0,0,-0.000366734,-0,0.00258576,0,1
1.22,0.539874,0,11.3301,0.371311,0,18.6419,0,0,0,0.999999,0,-0.00124876,0,0,0.00838841,0,99.024,1.03669,-1.01401,0,2500.67,6.35845,-0,-3.00967,130.168,130.168,2.58048,10,0,0,-0.000409923,-0,0.00249753,0,1
1.23,0.543586,0,11.5173,0.371227,0,18.7961,0,0,0,0.999999,0,-0.00120896,0,0,0.0075351,0,99.016,1.03666,-1.12731,0,2500.68,6.39815,-0,-3.05417,130.161,130.161,2.58032,10,0,0,-0.000455453,-0,0.00241793,0,1
1.24,0.547298,0,11.706,0.371154,0,18.9502,0,0,0,0.999999,0,-0.00117338,0,0,0.00670285,0,99.008,1.03662,-1.24595,0,2500.69,6.43785,-0,-3.09904,130.155,130.155,2.58016,10,0,0,-0.000503092,-0,0.00234675,0,1
1.25,0.551009,0,11.8963,0.371089,0,19.1044,0,0,0,0.999999,0,-0.0011419,0,0,0.00589283,0,99,1.03659,-1.36934,0,2500.7,6.47754,-0,-3.14429,130.148,130.148,2.58,10,0,0,-0.000552614,-0,0.00228379,0,1
1.26,0.55472,0,12.0881,0.371031,0,19.2586,0,0,0,0.999999,0,-0.00111441,0,0,0.00510609,0,98.992,1.03656,-1.49696,0,2500.72,6.51723,-0,-3.18992,130.142,130.142,2.57984,10,0,0,-0.000603801,-0,0.00222882,0,1
1.27,0.55843,0,12.2815,0.370977,0,19.4128,0,0,0,0.999999,0,-0.0010908,0,0,0.00434353,0,98.984,1.03652,-1.62827,0,2500.73,6.55691,-0,-3.23591,130.135,130.135,2.57968,10,0,0,-0.000656443,-0,0.00218159,0,1
1.28,0.56214,0,12.4763,0.370924,0,19.567,0,0,0,0.999999,0,-0.00107093,0,0,0.00360595,0,98.976,1.03649,-1.76276,0,2500.74,6.59658,-0,-3.28228,130.129,130.129,2.57952,10,0,0,-0.000710337,-0,0.00214187,0,1
1.29,0.565849,0,12.6728,0.370871,0,19.7212,0,0,0,0.999999,0,-0.00105469,0,0,0.00289403,0,98.968,1.03645,-1.89995,0,2500.75,6.63625,-0,-3.32902,130.122,130.122,2.57936,10,0,0,-0.00076529,-0,0.00210939,0,1
1.3,0.569557,0,12.8708,0.370815,0,19.8755,0,0,0,0.999999,0,-0.00104195,0,0,0.00220833,0,98.96,1.03642,-2.03937,0,2500.76,6.6759,-0,-3.37614,130.115,130.115,2.5792,10,0,0,-0.000821115,-0,0.0020839,0,1
1.31,0.573265,0,13.0703,0.370754,0,20.0298,0,0,0,0.999999,0,-0.00103257,0,0,0.0015493,0,98.952,1.03638,-2.18057,0,2500.77,6.71555,-0,-3.42363,130.109,130.109,2.57904,10,0,0,-0.000877635,-0,0.00206513,0,1
1.32,0.576972,0,13.2714,0.370687,0,20.1841,0,0,0,0.999999,0,-0.00102641,0,0,0.0009173,0,98.944,1.03635,-2.32312,0,2500.79,6.7552,-0,-3.4715,130.102,130.102,2.57888,10,0,0,-0.00093468,-0,0.00205282,0,1
1.33,0.580679,0,13.474,0.370612,0,20.3384,0,0,0,0.999999,0,-0.00102335,0,0,0.000312576,0,98.936,1.03632,-2.46663,0,2500.8,6.79483,-0,-3.51974,130.096,130.096,2.57872,10,0,0,-0.000992089,-0,0.00204669,0,1
1.34,0.584384,0,13.6781,0.370527,0,20.4927,0,0,0,0.999999,0,-0.00102324,0,0,-0.000264707,0,98.928,1.03628,-2.6107,0,2500.81,6.83446,-0,-3.56835,130.089,130.089,2.57856,10,0,0,-0.00104971,-0,0.00204648,0,1
1.35,0.588089,0,13.8838,0.37043,0,20.647,0,0,0,0.999999,0,-0.00102595,0,0,-0.000814478,0,98.92,1.03625,-2.75497,0,2500.82,6.87409,-0,-3.61734,130.082,130.082,2.5784,10,0,0,-0.0011074,-0,0.0020519,0,1
1.36,0.591793,0,14.0911,0.370322,0,20.8014,0,0,0,0.999999,0,-0.00103134,0,0,-0.00133675,0,98.912,1.03621,-2.89911,0,2500.83,6.91371,-0,-3.6667,130.076,130.076,2.57824,10,0,0,-0.00116501,-0,0.00206267,0,1
1.37,0.595495,0,14.2999,0.370199,0,20.9558,0,0,0,0.999999,0,-0.00103927,0,0,-0.0018316,0,98.904,1.03618,-3.04278,0,2500.85,6.95333,-0,-3.71644,130.069,130.069,2.57808,10,0,0,-0.00122243,-0,0.00207854,0,1
1.38,0.599197,0,14.5102,0.370061,0,21.1102,0,0,0,0.999999,0,-0.00104961,0,0,-0.00229921,0,98.896,1.03614,-3.18568,0,2500.86,6.99295,-0,-3.76655,130.063,130.063,2.57792,10,0,0,-0.00127953,-0,0.00209921,0,1
1.39,0.602897,0,14.7221,0.369907,0,21.2646,0,0,0,0.999999,0,-0.00106222,0,0,-0.00273981,0,98.888,1.03611,-3.32754,0,2500.87,7.03257,-0,-3.81703,130.056,130.056,2.57776,10,0,0,-0.0013362,-0,0.00212443,0,1
1.4,0.606595,0,14.9355,0.369736,0,21.419,0,0,0,0.999999,0,-0.00107696,0,0,-0.00315368,0,98.88,1.03608,-3.46808,0,2500.88,7.07219,-0,-3.86789,130.05,130.05,2.5776,10,0,0,-0.00139233,-0,0.00215392,0,1
1.41,0.610291,0,15.1504,0.369546,0,21.5734,0,0,0,0.999999,0,-0.00109371,0,0,-0.0035412,0,98.872,1.03604,-3.60707,0,2500.89,7.11181,-0,-3.91912,130.043,130.043,2.57744,10,0,0,-0.00144783,-0,0.00218742,0,1
1.42,0.613986,0,15.367,0.369338,0,21.7279,0,0,0,0.999999,0,-0.00111233,0,0,-0.00390276,0,98.864,1.03601,-3.74427,0,2500.91,7.15143,-0,-3.97073,130.036,130.036,2.57728,10,0,0,-0.00150261,-0,0.00222466,0,1
1.43,0.617678,0,15.585,0.36911,0,21.8823,0,0,0,0.999999,0,-0.00113269,0,0,-0.00423885,0,98.856,1.03597,-3.87948,0,2500.92,7.19106,-0,-4.02271,130.03,130.03,2.57712,10,0,0,-0.00155658,-0,0.00226539,0,1
1.44,0.621368,0,15.8046,0.368862,0,22.0368,0,0,0,0.999999,0,-0.00115468,0,0,-0.00454996,0,98.848,1.03594,-4.01251,0,2500.93,7.2307,-0,-4.07506,130.023,130.023,2.57696,10,0,0,-0.00160967,-0,0.00230935,0,1
1.45,0.625055,0,16.0257,0.368593,0,22.1913,0,0,0,0.999999,0,-0.00117815,0,0,-0.00483665,0,98.84,1.0359,-4.14319,0,2500.95,7.27035,-0,-4.12779,130.017,130.017,2.5768,10,0,0,-0.00166182,-0,0.0023563,0,1
1.46,0.62874,0,16.2484,0.368303,0,22.3459,0,0,0,0.999999,0,-0.001203,0,0,-0.00509952,0,98.832,1.03587,-4.27136,0,2500.96,7.31001,-0,-4.18089,130.01,130.01,2.57664,10,0,0,-0.00171295,-0,0.002406,0,1
1.47,0.632421,0,16.4727,0.367991,0,22.5004,0,0,0,0.999999,0,-0.00122911,0,0,-0.00533919,0,98.824,1.03584,-4.39689,0,2500.97,7.34968,-0,-4.23436,130.004,130.004,2.57648,10,0,0,-0.00176303,-0,0.00245822,0,1
1.48,0.636099,0,16.6984,0.367657,0,22.655,0,0,0,0.999999,0,-0.00125636,0,0,-0.00555632,0,98.816,1.0358,-4.51964,0,2500.99,7.38936,-0,-4.28821,129.997,129.997,2.57632,10,0,0,-0.00181199,-0,0.00251271,0,1
1.49,0.639774,0,16.9258,0.367301,0,22.8095,0,0,0,0.999999,0,-0.00128463,0,0,-0.00575159,0,98.808,1.03577,-4.63952,0,2501,7.42906,-0,-4.34243,129.99,129.99,2.57616,10,0,0,-0.00185979,-0,0.00256927,0,1
1.5,0.643445,0,17.1546,0.366922,0,22.9641,0,0,0,0.999999,0,-0.00131384,0,0,-0.00592572,0,98.8,1.03573,-4.75643,0,2501.01,7.46878,-0,-4.39702,129.984,129.984,2.576,10,0,0,-0.00190641,-0,0.00262767,0,1
1.51,0.647112,0,17.385,0.366521,0,23.1187,0,0,0,0.999999,0,-0.00134386,0,0,-0.00607943,0,98.792,1.0357,-4.8703,0,2501.02,7.50852,-0,-4.45199,129.977,129.977,2.57584,10,0,0,-0.0019518,-0,0.00268772,0,1
1.52,0.650776,0,17.617,0.366097,0,23.2733,0,0,0,0.999999,0,-0.0013746,0,0,-0.00621347,0,98.784,1.03566,-4.98104,0,2501.04,7.54828,-0,-4.50732,129.971,129.971,2.57568,10,0,0,-0.00199594,-0,0.0027492,0,1
1.53,0.654434,0,17.8505,0.36565,0,23.428,0,0,0,0.999999,0,-0.00140596,0,0,-0.0063286,0,98.776,1.03563,-5.08862,0,2501.05,7.58806,-0,-4.56303,129.964,129.964,2.57552,10,0,0,-0.00203882,-0,0.00281192,0,1
1.54,0.658089,0,18.0856,0.36518,0,23.5826,0,0,0,0.999999,0,-0.00143785,0,0,-0.00642558,0,98.768,1.0356,-5.193,0,2501.07,7.62787,-0,-4.61911,129.957,129.957,2.57536,10,0,0,-0.00208041,-0,0.00287571,0,1
1.55,0.661738,0,18.3222,0.364688,0,23.7373,0,0,0,0.999999,0,-0.00147019,0,0,-0.00650521,0,98.76,1.03556,-5.29414,0,2501.08,7.66771,-0,-4.67556,129.951,129.951,2.5752,10,0,0,-0.00212071,-0,0.00294038,0,1
1.56,0.665382,0,18.5603,0.364173,0,23.892,0,0,0,0.999999,0,-0.00150288,0,0,-0.00656826,0,98.752,1.03553,-5.39202,0,2501.09,7.70757,-0,-4.73239,129.944,129.944,2.57504,10,0,0,-0.0021597,-0,0.00300576,0,1
1.57,0.669021,0,18.8,0.363636,0,24.0467,0,0,0,0.999999,0,-0.00153584,0,0,-0.00661552,0,98.744,1.03549,-5.48665,0,2501.11,7.74747,-0,-4.78958,129.938,129.938,2.57488,10,0,0,-0.0021974,-0,0.00307169,0,1
1.58,0.672655,0,19.0412,0.363077,0,24.2014,0,0,0,0.999999,0,-0.00156901,0,0,-0.00664777,0,98.736,1.03546,-5.57802,0,2501.12,7.7874,-0,-4.84715,129.931,129.931,2.57472,10,0,0,-0.00223379,-0,0.00313802,0,1
1.59,0.676283,0,19.284,0.362496,0,24.3561,0,0,0,0.999999,0,-0.0016023,0,0,-0.00666581,0,98.728,1.03542,-5.66615,0,2501.14,7.82736,-0,-4.90508,129.925,129.925,2.57456,10,0,0,-0.00226888,-0,0.00320459,0,1
1.6,0.679905,0,19.5284,0.361894,0,24.5109,0,0,0,0.999999,0,-0.00163564,0,0,-0.00667041,0,98.72,1.03539,-5.75106,0,2501.15,7.86735,-0,-4.96339,129.918,129.918,2.5744,10,0,0,-0.00230268,-0,0.00327129,0,1
1.61,0.683521,0,19.7742,0.36127,0,24.6656,0,0,0,0.999999,0,-0.00166898,0,0,-0.00666235,0,98.712,1.03536,-5.83277,0,2501.16,7.90739,-0,-5.02207,129.911,129.911,2.57424,10,0,0,-0.00233522,-0,0.00333796,0,1
1.62,0.68713,0,20.0217,0.360625,0,24.8204,0,0,0,0.999999,0,-0.00170225,0,0,-0.00664239,0,98.704,1.03532,-5.91133,0,2501.18,7.94746,-0,-5.08112,129.905,129.905,2.57408,10,0,0,-0.00236649,-0,0.00340449,0,1
1.63,0.690733,0,20.2707,0.35996,0,24.9752,0,0,0,0.999998,0,-0.00173538,0,0,-0.00661128,0,98.696,1.03529,-5.98678,0,2501.19,7.98757,-0,-5.14054,129.898,129.898,2.57392,10,0,0,-0.00239651,-0,0.00347077,0,1
1.64,0.694329,0,20.5212,0.359275,0,25.13,0,0,0,0.999998,0,-0.00176834,0,0,-0.00656979,0,98.688,1.03525,-6.05917,0,2501.21,8.02773,-0,-5.20033,129.892,129.892,2.57376,10,0,0,-0.00242532,-0,0.00353668,0,1
1.65,0.697918,0,20.7733,0.35857,0,25.2848,0,0,0,0.999998,0,-0.00180107,0,0,-0.00651862,0,98.68,1.03522,-6.12856,0,2501.22,8.06792,-0,-5.26049,129.885,129.885,2.5736,10,0,0,-0.00245293,-0,0.00360213,0,1
1.66,0.7015,0,21.0269,0.357845,0,25.4397,0,0,0,0.999998,0,-0.00183351,0,0,-0.00645852,0,98.672,1.03518,-6.19501,0,2501.24,8.10816,-0,-5.32102,129.878,129.878,2.57344,10,0,0,-0.00247937,-0,0.00366703,0,1
1.67,0.705075,0,21.282,0.357102,0,25.5945,0,0,0,0.999998,0,-0.00186564,0,0,-0.00639016,0,98.664,1.03515,-6.25859,0,2501.25,8.14845,-0,-5.38192,129.872,129.872,2.57328,10,0,0,-0.00250465,-0,0.00373128,0,1
1.68,0.708642,0,21.5388,0.35634,0,25.7494,0,0,0,0.999998,0,-0.0018974,0,0,-0.00631425,0,98.656,1.03511,-6.31936,0,2501.27,8.18878,-0,-5.44319,129.865,129.865,2.57312,10,0,0,-0.00252883,-0,0.0037948,0,1
1.69,0.712202,0,21.797,0.35556,0,25.9043,0,0,0,0.999998,0,-0.00192877,0,0,-0.00623144,0,98.648,1.03508,-6.37742,0,2501.28,8.22916,-0,-5.50483,129.859,129.859,2.57296,10,0,0,-0.00255191,-0,0.00385754,0,1
1.7,0.715754,0,22.0569,0.354763,0,26.0592,0,0,0,0.999998,0,-0.00195971,0,0,-0.00614239,0,98.64,1.03505,-6.43282,0,2501.3,8.26958,-0,-5.56683,129.852,129.852,2.5728,10,0,0,-0.00257395,-0,0.00391941,0,1
1.71,0.719297,0,22.3182,0.353949,0,26.2141,0,0,0,0.999998,0,-0.00199018,0,0,-0.00604772,0,98.632,1.03501,-6.48567,0,2501.31,8.31005,-0,-5.62921,129.846,129.846,2.57264,10,0,0,-0.00259496,-0,0.00398037,0,1
1.72,0.722833,0,22.5811,0.353118,0,26.3691,0,0,0,0.999998,0,-0.00202017,0,0,-0.00594804,0,98.624,1.03498,-6.53604,0,2501.33,8.35058,-0,-5.69196,129.839,129.839,2.57248,10,0,0,-0.00261498,-0,0.00404035,0,1
1.73,0.726359,0,22.8456,0.352272,0,26.524,0,0,0,0.999998,0,-0.00204966,0,0,-0.00584395,0,98.616,1.03494,-6.58402,0,2501.34,8.39115,-0,-5.75508,129.832,129.832,2.57232,10,0,0,-0.00263405,-0,0.00409931,0,1
1.74,0.729878,0,23.1116,0.35141,0,26.679,0,0,0,0.999998,0,-0.00207861,0,0,-0.005736,0,98.608,1.03491,-6.6297,0,2501.36,8.43178,-0,-5.81856,129.826,129.826,2.57216,10,0,0,-0.00265221,-0,0.00415722,0,1
1.75,0.733388,0,23.3792,0.350533,0,26.834,0,0,0,0.999998,0,-0.00210701,0,0,-0.00562474,0,98.6,1.03487,-6.67317,0,2501.38,8.47245,-0,-5.88242,129.819,129.819,2.572,10,0,0,-0.00266948,-0,0.00421402,0,1
1.76,0.736889,0,23.6483,0.349641,0,26.989,0,0,0,0.999998,0,-0.00213485,0,0,-0.00551069,0,98.592,1.03484,-6.71453,0,2501.39,8.51318,-0,-5.94664,129.813,129.813,2.57184,10,0,0,-0.00268592,-0,0.0042697,0,1
1.77,0.74038,0,23.919,0.348736,0,27.144,0,0,0,0.999998,0,-0.00216211,0,0,-0.00539435,0,98.584,1.0348,-6.75387,0,2501.41,8.55396,-0,-6.01124,129.806,129.806,2.57168,10,0,0,-0.00270155,-0,0.00432423,0,1
1.78,0.743863,0,24.1912,0.347817,0,27.299,0,0,0,0.999998,0,-0.00218879,0,0,-0.00527621,0,98.576,1.03477,-6.79128,0,2501.42,8.59479,-0,-6.0762,129.799,129.799,2.57152,10,0,0,-0.00271641,-0,0.00437758,0,1
1.79,0.747337,0,24.4649,0.346885,0,27.4541,0,0,0,0.999998,0,-0.00221487,0,0,-0.00515671,0,98.568,1.03474,-6.82685,0,2501.44,8.63567,-0,-6.14153,129.793,129.793,2.57136,10,0,0,-0.00273054,-0,0.00442975,0,1
1.8,0.750801,0,24.7403,0.345941,0,27.6091,0,0,0,0.999997,0,-0.00224035,0,0,-0.00503628,0,98.56,1.0347,-6.86069,0,2501.46,8.67661,-0,-6.20723,129.786,129.786,2.5712,10,0,0,-0.00274398,-0,0.00448071,0,1
1.81,0.754256,0,25.0171,0.344985,0,27.7642,0,0,0,0.999997,0,-0.00226523,0,0,-0.00491534,0,98.552,1.03467,-6.89287,0,2501.47,8.71759,-0,-6.2733,129.78,129.78,2.57104,10,0,0,-0.00275677,-0,0.00453047,0,1
1.82,0.757701,0,25.2955,0.344017,0,27.9193,0,0,0,0.999997,0,-0.00228951,0,0,-0.00479428,0,98.544,1.03463,-6.92351,0,2501.49,8.75864,-0,-6.33974,129.773,129.773,2.57088,10,0,0,-0.00276894,-0,0.00457902,0,1
1.83,0.761136,0,25.5755,0.343038,0,28.0744,0,0,0,0.999997,0,-0.00231318,0,0,-0.00467345,0,98.536,1.0346,-6.95268,0,2501.5,8.79973,-0,-6.40655,129.767,129.767,2.57072,10,0,0,-0.00278052,-0,0.00462636,0,1
1.84,0.764561,0,25.857,0.342049,0,28.2295,0,0,0,0.999997,0,-0.00233624,0,0,-0.0045532,0,98.528,1.03456,-6.98048,0,2501.52,8.84087,-0,-6.47372,129.76,129.76,2.57056,10,0,0,-0.00279157,-0,0.00467249,0,1
1.85,0.767977,0,26.1401,0.341049,0,28.3847,0,0,0,0.999997,0,-0.00235871,0,0,-0.00443386,0,98.52,1.03453,-7.00699,0,2501.54,8.88207,-0,-6.54127,129.753,129.753,2.5704,10,0,0,-0.0028021,-0,0.00471742,0,1
1.86,0.771382,0,26.4247,0.34004,0,28.5398,0,0,0,0.999997,0,-0.00238058,0,0,-0.00431572,0,98.512,1.0345,-7.03232,0,2501.55,8.92332,-0,-6.60918,129.747,129.747,2.57024,10,0,0,-0.00281216,-0,0.00476117,0,1
1.87,0.774778,0,26.7109,0.339022,0,28.695,0,0,0,0.999997,0,-0.00240187,0,0,-0.00419905,0,98.504,1.03446,-7.05654,0,2501.57,8.96462,-0,-6.67747,129.74,129.74,2.57008,10,0,0,-0.00282178,-0,0.00480374,0,1
1.88,0.778163,0,26.9986,0.337994,0,28.8502,0,0,0,0.999997,0,-0.00242258,0,0,-0.00408412,0,98.496,1.03443,-7.07973,0,2501.59,9.00597,-0,-6.74612,129.734,129.734,2.56992,10,0,0,-0.00283099,-0,0.00484516,0,1
1.89,0.781537,0,27.2879,0.336958,0,29.0054,0,0,0,0.999997,0,-0.00244271,0,0,-0.00397117,0,98.488,1.03439,-7.10199,0,2501.61,9.04737,-0,-6.81514,129.727,129.727,2.56976,10,0,0,-0.00283983,-0,0.00488543,0,1
1.9,0.784902,0,27.5787,0.335914,0,29.1606,0,0,0,0.999997,0,-0.00246229,0,0,-0.00386041,0,98.48,1.03436,-7.12339,0,2501.62,9.08882,-0,-6.88453,129.72,129.72,2.5696,10,0,0,-0.00284834,-0,0.00492459,0,1
1.91,0.788256,0,27.8711,0.334862,0,29.3158,0,0,0,0.999997,0,-0.00248132,0,0,-0.00375204,0,98.472,1.03432,-7.14401,0,2501.64,9.13032,-0,-6.95429,129.714,129.714,2.56944,10,0,0,-0.00285653,-0,0.00496265,0,1
1.92,0.791599,0,28.165,0.333803,0,29.4711,0,0,0,0.999997,0,-0.00249982,0,0,-0.00364624,0,98.464,1.03429,-7.16392,0,2501.66,9.17187,-0,-7.02442,129.707,129.707,2.56928,10,0,0,-0.00286444,-0,0.00499964,0,1
1.93,0.794932,0,28.4605,0.332736,0,29.6263,0,0,0,0.999997,0,-0.00251779,0,0,-0.00354317,0,98.456,1.03425,-7.18321,0,2501.67,9.21346,-0,-7.09492,129.701,129.701,2.56912,10,0,0,-0.00287211,-0,0.00503558,0,1
1.94,0.798254,0,28.7576,0.331663,0,29.7816,0,0,0,0.999997,0,-0.00253525,0,0,-0.00344298,0,98.448,1.03422,-7.20194,0,2501.69,9.2551,-0,-7.16579,129.694,129.694,2.56896,10,0,0,-0.00287955,-0,0.00507051,0,1
1.95,0.801565,0,29.0562,0.330584,0,29.9369,0,0,0,0.999997,0,-0.00255222,0,0,-0.00334579,0,98.44,1.03418,-7.22017,0,2501.71,9.29679,-0,-7.23703,129.688,129.688,2.5688,10,0,0,-0.00288681,-0,0.00510445,0,1
1.96,0.804865,0,29.3563,0.329498,0,30.0922,0,0,0,0.999997,0,-0.00256872,0,0,-0.00325172,0,98.432,1.03415,-7.23799,0,2501.73,9.33852,-0,-7.30864,129.681,129.681,2.56864,10,0,0,-0.00289389,-0,0.00513744,0,1
1.97,0.808155,0,29.658,0.328407,0,30.2475,0,0,0,0.999997,0,-0.00258475,0,0,-0.00316085,0,98.424,1.03412,-7.25544,0,2501.75,9.3803,-0,-7.38061,129.674,129.674,2.56848,10,0,0,-0.00290083,-0,0.0051695,0,1
1.98,0.811433,0,29.9613,0.32731,0,30.4029,0,0,0,0.999997,0,-0.00260033,0,0,-0.00307327,0,98.416,1.03408,-7.2726,0,2501.76,9.42212,-0,-7.45296,129.668,129.668,2.56832,10,0,0,-0.00290766,-0,0.00520066,0,1
1.99,0.814701,0,30.2661,0.326207,0,30.5582,0,0,0,0.999997,0,-0.00261548,0,0,-0.00298905,0,98.408,1.03405,-7.28951,0,2501.78,9.46398,-0,-7.52568,129.661,129.661,2.56816,10,0,0,-0.00291439,-0,0.00523097,0,1
2,0.817958,0,30.5724,0.3251,0,30.7136,0,0,0,0.999997,0,-0.00263023,0,0,-0.00290823,0,98.4,1.03401,-7.30625,0,2501.8,9.50588,-0,-7.59877,129.655,129.655,2.568,10,0,0,-0.00292105,-0,0.00526046,0,1
2.01,0.821203,0,30.8803,0.323988,0,30.869,0,0,0,0.999997,0,-0.00264457,0,0,-0.00283086,0,98.392,1.03398,-7.32284,0,2501.82,9.54783,-0,-7.67222,129.648,129.648,2.56784,10,0,0,-0.00292766,-0,0.00528915,0,1
2.02,0.824437,0,31.1898,0.322871,0,31.0244,0,0,0,0.999996,0,-0.00265854,0,0,-0.00275695,0,98.384,1.03394,-7.33936,0,2501.84,9.58981,-0,-7.74605,129.641,129.641,2.56768,10,0,0,-0.00293424,-0,0.00531709,0,1
2.03,0.82766,0,31.5008,0.321749,0,31.1798,0,0,0,0.999996,0,-0.00267215,0,0,-0.00268654,0,98.376,1.03391,-7.35584,0,2501.85,9.63183,-0,-7.82025,129.635,129.635,2.56752,10,0,0,-0.0029408,-0,0.0053443,0,1
2.04,0.830872,0,31.8134,0.320623,0,31.3352,0,0,0,0.999996,0,-0.00268541,0,0,-0.00261961,0,98.368,1.03387,-7.37233,0,2501.87,9.67389,-0,-7.89482,129.628,129.628,2.56736,10,0,0,-0.00294737,-0,0.00537083,0,1
2.05,0.834073,0,32.1275,0.319494,0,31.4907,0,0,0,0.999996,0,-0.00269835,0,0,-0.00255616,0,98.36,1.03384,-7.38887,0,2501.89,9.71598,-0,-7.96975,129.622,129.622,2.5672,10,0,0,-0.00295397,-0,0.0053967,0,1
2.06,0.837262,0,32.4432,0.31836,0,31.6461,0,0,0,0.999996,0,-0.00271098,0,0,-0.00249617,0,98.352,1.03381,-7.40551,0,2501.91,9.75811,-0,-8.04506,129.615,129.615,2.56704,10,0,0,-0.0029606,-0,0.00542196,0,1
2.07,0.84044,0,32.7605,0.317222,0,31.8016,0,0,0,0.999996,0,-0.00272332,0,0,-0.00243963,0,98.344,1.03377,-7.42227,0,2501.93,9.80027,-0,-8.12074,129.609,129.609,2.56688,10,0,0,-0.00296728,-0,0.00544664,0,1
2.08,0.843607,0,33.0792,0.316081,0,31.9571,0,0,0,0.999996,0,-0.00273538,0,0,-0.00238648,0,98.336,1.03374,-7.43919,0,2501.95,9.84246,-0,-8.19679,129.602,129.602,2.56672,10,0,0,-0.00297403,-0,0.00547077,0,1
2.09,0.846762,0,33.3996,0.314936,0,32.1126,0,0,0,0.999996,0,-0.00274719,0,0,-0.00233669,0,98.328,1.0337,-7.45631,0,2501.97,9.88468,-0,-8.27321,129.595,129.595,2.56656,10,0,0,-0.00298086,-0,0.00549438,0,1
2.1,0.849905,0,33.7215,0.313788,0,32.2681,0,0,0,0.999996,0,-0.00275875,0,0,-0.00229022,0,98.32,1.03367,-7.47365,0,2501.98,9.92694,-0,-8.35,129.589,129.589,2.5664,10,0,0,-0.00298778,-0,0.00551751,0,1
2.11,0.853037,0,34.045,0.312636,0,32.4236,0,0,0,0.999996,0,-0.00277009,0,0,-0.00224699,0,98.312,1.03363,-7.49125,0,2502,9.96922,-0,-8.42717,129.582,129.582,2.56624,10,0,0,-0.0029948,-0,0.00554019,0,1
2.12,0.856158,0,34.37,0.311481,0,32.5792,0,0,0,0.999996,0,-0.00278123,0,0,-0.00220695,0,98.304,1.0336,-7.50911,0,2502.02,10.0115,-0,-8.5047,129.576,129.576,2.56608,10,0,0,-0.00300193,-0,0.00556246,0,1
2.13,0.859267,0,34.6965,0.310323,0,32.7347,0,0,0,0.999996,0,-0.00279217,0,0,-0.00217003,0,98.296,1.03356,-7.52728,0,2502.04,10.0539,-0,-8.5826,129.569,129.569,2.56592,10,0,0,-0.00300917,-0,0.00558434,0,1
2.14,0.862364,0,35.0247,0.309162,0,32.8903,0,0,0,0.999996,0,-0.00280293,0,0,-0.00213615,0,98.288,1.03353,-7.54576,0,2502.06,10.0962,-0,-8.66088,129.562,129.562,2.56576,10,0,0,-0.00301655,-0,0.00560587,0,1
2.15,0.86545,0,35.3543,0.307998,0,33.0459,0,0,0,0.999996,0,-0.00281353,0,0,-0.00210524,0,98.28,1.0335,-7.56458,0,2502.08,10.1386,-0,-8.73953,129.556,129.556,2.5656,10,0,0,-0.00302406,-0,0.00562708,0,1
2.16,0.868524,0,35.6856,0.306831,0,33.2015,0,0,0,0.999996,0,-0.00282399,0,0,-0.00207721,0,98.272,1.03346,-7.58375,0,2502.1,10.181,-0,-8.81855,129.549,129.549,2.56544,10,0,0,-0.00303171,-0,0.00564799,0,1
2.17,0.871587,0,36.0184,0.30566,0,33.3571,0,0,0,0.999996,0,-0.00283431,0,0,-0.00205197,0,98.264,1.03343,-7.60328,0,2502.12,10.2234,-0,-8.89794,129.543,129.543,2.56528,10,0,0,-0.00303951,-0,0.00566863,0,1
2.18,0.874638,0,36.3527,0.304487,0,33.5127,0,0,0,0.999996,0,-0.00284451,0,0,-0.00202943,0,98.256,1.03339,-7.62319,0,2502.14,10.2659,-0,-8.9777,129.536,129.536,2.56512,10,0,0,-0.00304746,-0,0.00568904,0,1
2.19,0.877677,0,36.6886,0.303311,0,33.6684,0,0,0,0.999996,0,-0.00285461,0,0,-0.00200951,0,98.248,1.03336,-7.64349,0,2502.16,10.3084,-0,-9.05783,129.53,129.53,2.56496,10,0,0,-0.00305556,-0,0.00570923,0,1
2.2,0.880704,0,37.0261,0.302132,0,33.824,0,0,0,0.999996,0,-0.00286461,0,0,-0.0019921,0,98.24,1.03332,-7.66418,0,2502.18,10.3509,-0,-9.13834,129.523,129.523,2.5648,10,0,0,-0.00306383,-0,0.00572923,0,1
2.21,0.883719,0,37.3651,0.30095,0,33.9797,0,0,0,0.999996,0,-0.00287453,0,0,-0.00197712,0,98.232,1.03329,-7.68528,0,2502.2,10.3934,-0,-9.21922,129.516,129.516,2.56464,10,0,0,-0.00307225,-0,0.00574908,0,1
2.22,0.886723,0,37.7057,0.299765,0,34.1354,0,0,0,0.999996,0,-0.00288439,0,0,-0.00196445,0,98.224,1.03325,-7.70679,0,2502.22,10.4359,-0,-9.30047,129.51,129.51,2.56448,10,0,0,-0.00308084,-0,0.00576878,0,1
2.23,0.889715,0,38.0478,0.298577,0,34.2911,0,0,0,0.999996,0,-0.00289418,0,0,-0.001954,0,98.216,1.03322,-7.7287,0,2502.24,10.4784,-0,-9.38209,129.503,129.503,2.56432,10,0,0,-0.00308959,-0,0.00578837,0,1
2.24,0.892694,0,38.3915,0.297386,0,34.4468,0,0,0,0.999996,0,-0.00290393,0,0,-0.00194568,0,98.208,1.03318,-7.75104,0,2502.26,10.521,-0,-9.46408,129.497,129.497,2.56416,10,0,0,-0.0030985,-0,0.00580787,0,1
2.25,0.895662,0,38.7368,0.296193,0,34.6026,0,0,0,0.999996,0,-0.00291364,0,0,-0.00193938,0,98.2,1.03315,-7.77378,0,2502.28,10.5635,-0,-9.54645,129.49,129.49,2.564,10,0,0,-0.00310758,-0,0.00582729,0,1
2.26,0.898618,0,39.0836,0.294996,0,34.7583,0,0,0,0.999996,0,-0.00292333,0,0,-0.00193499,0,98.192,1.03312,-7.79694,0,2502.3,10.6061,-0,-9.62919,129.483,129.483,2.56384,10,0,0,-0.00311683,-0,0.00584666,0,1
2.27,0.901562,0,39.4319,0.293796,0,34.9141,0,0,0,0.999996,0,-0.002933,0,0,-0.00193242,0,98.184,1.03308,-7.82051,0,2502.32,10.6487,-0,-9.7123,129.477,129.477,2.56368,10,0,0,-0.00312624,-0,0.005866,0,1
2.28,0.904494,0,39.7818,0.292593,0,35.0699,0,0,0,0.999996,0,-0.00294266,0,0,-0.00193158,0,98.176,1.03305,-7.8445,0,2502.34,10.6913,-0,-9.79578,129.47,129.47,2.56352,10,0,0,-0.00313582,-0,0.00588532,0,1
2.29,0.907414,0,40.1333,0.291387,0,35.2256,0,0,0,0.999996,0,-0.00295231,0,0,-0.00193235,0,98.168,1.03301,-7.86889,0,2502.36,10.7339,-0,-9.87964,129.464,129.464,2.56336,10,0,0,-0.00314555,-0,0.00590464,0,1
2.3,0.910322,0,40.4864,0.290178,0,35.3815,0,0,0,0.999996,0,-0.00296198,0,0,-0.00193465,0,98.16,1.03298,-7.89368,0,2502.38,10.7765,-0,-9.96387,129.457,129.457,2.5632,10,0,0,-0.00315545,-0,0.00592397,0,1
2.31,0.913218,0,40.841,0.288966,0,35.5373,0,0,0,0.999996,0,-0.00297166,0,0,-0.00193837,0,98.152,1.03294,-7.91886,0,2502.4,10.8191,-0,-10.0485,129.451,129.451,2.56304,10,0,0,-0.0031655,-0,0.00594333,0,1
2.32,0.916101,0,41.1971,0.287751,0,35.6931,0,0,0,0.999996,0,-0.00298137,0,0,-0.00194342,0,98.144,1.03291,-7.94444,0,2502.42,10.8618,-0,-10.1334,129.444,129.444,2.56288,10,0,0,-0.00317571,-0,0.00596274,0,1
2.33,0.918973,0,41.5548,0.286532,0,35.849,0,0,0,0.999996,0,-0.0029911,0,0,-0.0019497,0,98.136,1.03287,-7.97039,0,2502.45,10.9044,-0,-10.2188,129.437,129.437,2.56272,10,0,0,-0.00318607,-0,0.00598221,0,1
2.34,0.921832,0,41.9141,0.28531,0,36.0048,0,0,0,0.999995,0,-0.00300087,0,0,-0.00195713,0,98.128,1.03284,-7.99672,0,2502.47,10.947,-0,-10.3045,129.431,129.431,2.56256,10,0,0,-0.00319658,-0,0.00600174,0,1
2.35,0.924679,0,42.2749,0.284085,0,36.1607,0,0,0,0.999995,0,-0.00301067,0,0,-0.00196562,0,98.12,1.0328,-8.02342,0,2502.49,10.9897,-0,-10.3906,129.424,129.424,2.5624,10,0,0,-0.00320724,-0,0.00602135,0,1
2.36,0.927513,0,42.6373,0.282856,0,36.3166,0,0,0,0.999995,0,-0.00302052,0,0,-0.00197507,0,98.112,1.03277,-8.05047,0,2502.51,11.0323,-0,-10.4771,129.418,129.418,2.56224,10,0,0,-0.00321803,-0,0.00604106,0,1
2.37,0.930336,0,43.0012,0.281623,0,36.4725,0,0,0,0.999995,0,-0.00303042,0,0,-0.0019854,0,98.104,1.03273,-8.07787,0,2502.53,11.075,-0,-10.5639,129.411,129.411,2.56208,10,0,0,-0.00322897,-0,0.00606086,0,1
2.38,0.933146,0,43.3667,0.280387,0,36.6284,0,0,0,0.999995,0,-0.00304038,0,0,-0.00199653,0,98.096,1.0327,-8.1056,0,2502.55,11.1177,-0,-10.6511,129.404,129.404,2.56192,10,0,0,-0.00324004,-0,0.00608077,0,1
2.39,0.935944,0,43.7338,0.279148,0,36.7843,0,0,0,0.999995,0,-0.00305039,0,0,-0.00200838,0,98.088,1.03267,-8.13366,0,2502.57,11.1603,-0,-10.7387,129.398,129.398,2.56176,10,0,0,-0.00325123,-0,0.00610079,0,1
2.4,0.938729,0,44.1024,0.277904,0,36.9403,0,0,0,0.999995,0,-0.00306046,0,0,-0.00202087,0,98.08,1.03263,-8.16204,0,2502.6,11.203,-0,-10.8267,129.391,129.391,2.5616,10,0,0,-0.00326255,-0,0.00612094,0,1
2.41,0.941502,0,44.4726,0.276657,0,37.0962,0,0,0,0.999995,0,-0.0030706,0,0,-0.00203392,0,98.072,1.0326,-8.19071,0,2502.62,11.2456,-0,-10.915,129.385,129.385,2.56144,10,0,0,-0.003274,-0,0.00614121,0,1
2.42,0.944262,0,44.8444,0.275406,0,37.2522,0,0,0,0.999995,0,-0.0030808,0,0,-0.00204747,0,98.064,1.03256,-8.21968,0,2502.64,11.2883,-0,-11.0037,129.378,129.378,2.56128,10,0,0,-0.00328555,-0,0.00616162,0,1
2.43,0.94701,0,45.2177,0.274152,0,37.4082,0,0,0,0.999995,0,-0.00309107,0,0,-0.00206144,0,98.056,1.03253,-8.24893,0,2502.66,11.331,-0,-11.0928,129.372,129.372,2.56112,10,0,0,-0.00329722,-0,0.00618216,0,1
2.44,0.949745,0,45.5925,0.272893,0,37.5642,0,0,0,0.999995,0,-0.00310142,0,0,-0.00207577,0,98.048,1.03249,-8.27845,0,2502.68,11.3736,-0,-11.1822,129.365,129.365,2.56096,10,0,0,-0.003309,-0,0.00620285,0,1
2.45,0.952468,0,45.9689,0.27163,0,37.7202,0,0,0,0.999995,0,-0.00311183,0,0,-0.00209039,0,98.04,1.03246,-8.30822,0,2502.71,11.4163,-0,-11.272,129.358,129.358,2.5608,10,0,0,-0.00332088,-0,0.00622368,0,1
2.46,0.955178,0,46.3469,0.270364,0,37.8762,0,0,0,0.999995,0,-0.00312232,0,0,-0.00210524,0,98.032,1.03242,-8.33824,0,2502.73,11.4589,-0,-11.3622,129.352,129.352,2.56064,10,0,0,-0.00333285,-0,0.00624465,0,1
2.47,0.957875,0,46.7265,0.269093,0,38.0323,0,0,0,0.999995,0,-0.00313289,0,0,-0.00212027,0,98.024,1.03239,-8.36849,0,2502.75,11.5016,-0,-11.4528,129.345,129.345,2.56048,10,0,0,-0.00334492,-0,0.00626578,0,1
2.48,0.960559,0,47.1076,0.267818,0,38.1883,0,0,0,0.999995,0,-0.00314352,0,0,-0.00213542,0,98.016,1.03235,-8.39897,0,2502.77,11.5442,-0,-11.5438,129.339,129.339,2.56032,10,0,0,-0.00335707,-0,0.00628706,0,1
2.49,0.963231,0,47.4902,0.266538,0,38.3444,0,0,0,0.999995,0,-0.00315424,0,0,-0.00215063,0,98.008,1.03232,-8.42965,0,2502.79,11.5869,-0,-11.6351,129.332,129.332,2.56016,10,0,0,-0.00336931,-0,0.00630849,0,1
2.5,0.96589,0,47.8745,0.265255,0,38.5005,0,0,0,0.999995,0,-0.00316503,0,0,-0.00216587,0,98,1.03229,-8.46053,0,2502.82,11.6295,-0,-11.7268,129.325,129.325,2.56,10,0,0,-0.00338162,-0,0.00633007,0,1
2.51,0.968536,0,48.2602,0.263967,0,38.6566,0,0,0,0.999995,0,-0.0031759,0,0,-0.00218107,0,97.992,1.03225,-8.49159,0,2502.84,11.6722,-0,-11.8188,129.319,129.319,2.55984,10,0,0,-0.00339401,-0,0.00635181,0,1
2.52,0.971169,0,48.6476,0.262674,0,38.8127,0,0,0,0.999995,0,-0.00318684,0,0,-0.0021962,0,97.984,1.03222,-8.52283,0,2502.86,11.7148,-0,-11.9113,129.312,129.312,2.55968,10,0,0,-0.00340647,-0,0.00637369,0,1
2.53,0.97379,0,49.0365,0.261377,0,38.9688,0,0,0,0.999995,0,-0.00319786,0,0,-0.00221122,0,97.976,1.03218,-8.55423,0,2502.89,11.7575,-0,-12.0041,129.306,129.306,2.55952,10,0,0,-0.00341899,-0,0.00639573,0,1
2.54,0.976397,0,49.427,0.260076,0,39.125,0,0,0,0.999995,0,-0.00320895,0,0,-0.00222609,0,97.968,1.03215,-8.58578,0,2502.91,11.8001,-0,-12.0973,129.299,129.299,2.55936,10,0,0,-0.00343157,-0,0.00641792,0,1
2.55,0.978991,0,49.819,0.258769,0,39.2811,0,0,0,0.999995,0,-0.00322012,0,0,-0.00224077,0,97.96,1.03211,-8.61747,0,2502.93,11.8427,-0,-12.1908,129.292,129.292,2.5592,10,0,0,-0.0034442,-0,0.00644025,0,1
2.56,0.981572,0,50.2126,0.257459,0,39.4373,0,0,0,0.999995,0,-0.00323136,0,0,-0.00225523,0,97.952,1.03208,-8.64929,0,2502.95,11.8853,-0,-12.2848,129.286,129.286,2.55904,10,0,0,-0.00345689,-0,0.00646273,0,1
2.57,0.98414,0,50.6077,0.256143,0,39.5935,0,0,0,0.999995,0,-0.00324267,0,0,-0.00226945,0,97.944,1.03204,-8.68123,0,2502.98,11.928,-0,-12.3791,129.279,129.279,2.55888,10,0,0,-0.00346962,-0,0.00648536,0,1
2.58,0.986695,0,51.0045,0.254823,0,39.7497,0,0,0,0.999995,0,-0.00325405,0,0,-0.00228339,0,97.936,1.03201,-8.71328,0,2503,11.9706,-0,-12.4737,129.273,129.273,2.55872,10,0,0,-0.0034824,-0,0.00650812,0,1
2.59,0.989237,0,51.4027,0.253498,0,39.9059,0,0,0,0.999995,0,-0.00326551,0,0,-0.00229702,0,97.928,1.03197,-8.74543,0,2503.02,12.0132,-0,-12.5688,129.266,129.266,2.55856,10,0,0,-0.00349521,-0,0.00653102,0,1
2.6,0.991765,0,51.8026,0.252168,0,40.0621,0,0,0,0.999995,0,-0.00327702,0,0,-0.00231033,0,97.92,1.03194,-8.77766,0,2503.05,12.0558,-0,-12.6642,129.26,129.26,2.5584,10,0,0,-0.00350806,-0,0.00655406,0,1
2.61,0.99428,0,52.204,0.250833,0,40.2183,0,0,0,0.999995,0,-0.00328861,0,0,-0.0023233,0,97.912,1.0319,-8.80998,0,2503.07,12.0984,-0,-12.76,129.253,129.253,2.55824,10,0,0,-0.00352094,-0,0.00657723,0,1
2.62,0.996782,0,52.6069,0.249494,0,40.3746,0,0,0,0.999995,0,-0.00330026,0,0,-0.0023359,0,97.904,1.03187,-8.84237,0,2503.1,12.141,-0,-12.8562,129.246,129.246,2.55808,10,0,0,-0.00353385,-0,0.00660052,0,1
2.63,0.99927,0,53.0115,0.248149,0,40.5308,0,0,0,0.999995,0,-0.00331197,0,0,-0.00234813,0,97.896,1.03183,-8.87482,0,2503.12,12.1836,-0,-12.9527,129.24,129.24,2.55792,10,0,0,-0.00354678,-0,0.00662394,0,1
2.64,1.00174,0,53.4176,0.2468,0,40.6871,0,0,0,0.999994,0,-0.00332374,0,0,-0.00235996,0,97.888,1.0318,-8.90733,0,2503.14,12.2262,-0,-13.0497,129.233,129.233,2.55776,10,0,0,-0.00355974,-0,0.00664748,0,1
2.65,1.00421,0,53.8252,0.245445,0,40.8434,0,0,0,0.999994,0,-0.00333556,0,0,-0.00237139,0,97.88,1.03177,-8.93988,0,2503.17,12.2687,-0,-13.147,129.227,129.227,2.5576,10,0,0,-0.00357271,-0,0.00667114,0,1
2.66,1.00665,0,54.2344,0.244085,0,40.9997,0,0,0,0.999994,0,-0.00334745,0,0,-0.0023824,0,97.872,1.03173,-8.97247,0,2503.19,12.3113,-0,-13.2446,129.22,129.22,2.55744,10,0,0,-0.0035857,-0,0.00669491,0,1
2.67,1.00909,0,54.6452,0.24272,0,41.156,0,0,0,0.999994,0,-0.00335939,0,0,-0.00239299,0,97.864,1.0317,-9.00508,0,2503.21,12.3539,-0,-13.3427,129.213,129.213,2.55728,10,0,0,-0.00359869,-0,0.00671879,0,1
2.68,1.01151,0,55.0575,0.24135,0,41.3123,0,0,0,0.999994,0,-0.00337138,0,0,-0.00240315,0,97.856,1.03166,-9.03773,0,2503.24,12.3964,-0,-13.4411,129.207,129.207,2.55712,10,0,0,-0.0036117,-0,0.00674277,0,1
2.69,1.01391,0,55.4715,0.239975,0,41.4687,0,0,0,0.999994,0,-0.00338342,0,0,-0.00241287,0,97.848,1.03163,-9.07039,0,2503.26,12.439,-0,-13.5399,129.2,129.2,2.55696,10,0,0,-0.00362471,-0,0.00676685,0,1
2.7,1.01631,0,55.8869,0.238595,0,41.625,0,0,0,0.999994,0,-0.00339551,0,0,-0.00242216,0,97.84,1.03159,-9.10306,0,2503.29,12.4815,-0,-13.639,129.194,129.194,2.5568,10,0,0,-0.00363773,-0,0.00679102,0,1
2.71,1.01869,0,56.304,0.23721,0,41.7814,0,0,0,0.999994,0,-0.00340764,0,0,-0.002431,0,97.832,1.03156,-9.13574,0,2503.31,12.5241,-0,-13.7386,129.187,129.187,2.55664,10,0,0,-0.00365075,-0,0.00681529,0,1
2.72,1.02105,0,56.7225,0.235819,0,41.9378,0,0,0,0.999994,0,-0.00341981,0,0,-0.00243941,0,97.824,1.03152,-9.16841,0,2503.34,12.5666,-0,-13.8385,129.18,129.18,2.55648,10,0,0,-0.00366376,-0,0.00683964,0,1
2.73,1.0234,0,57.1427,0.234423,0,42.0941,0,0,0,0.999994,0,-0.00343203,0,0,-0.00244737,0,97.816,1.03149,-9.20108,0,2503.36,12.6092,-0,-13.9387,129.174,129.174,2.55632,10,0,0,-0.00367678,-0,0.00686408,0,1
2.74,1.02574,0,57.5644,0.233021,0,42.2506,0,0,0,0.999994,0,-0.00344429,0,0,-0.0024549,0,97.808,1.03145,-9.23374,0,2503.39,12.6517,-0,-14.0394,129.167,129.167,2.55616,10,0,0,-0.00368978,-0,0.00688859,0,1
2.75,1.02806,0,57.9877,0.231615,0,42.407,0,0,0,0.999994,0,-0.00345658,0,0,-0.002462,0,97.8,1.03142,-9.26638,0,2503.41,12.6942,-0,-14.1404,129.161,129.161,2.556,10,0,0,-0.00370279,-0,0.00691317,0,1
2.76,1.03037,0,58.4126,0.230203,0,42.5634,0,0,0,0.999994,0,-0.00346891,0,0,-0.00246866,0,97.792,1.03138,-9.29901,0,2503.44,12.7367,-0,-14.2418,129.154,129.154,2.55584,10,0,0,-0.00371578,-0,0.00693783,0,1
2.77,1.03267,0,58.839,0.228786,0,42.7198,0,0,0,0.999994,0,-0.00348127,0,0,-0.0024749,0,97.784,1.03135,-9.33161,0,2503.46,12.7792,-0,-14.3436,129.148,129.148,2.55568,10,0,0,-0.00372876,-0,0.00696255,0,1
2.78,1.03495,0,59.267,0.227363,0,42.8763,0,0,0,0.999994,0,-0.00349365,0,0,-0.00248073,0,97.776,1.03131,-9.36418,0,2503.49,12.8217,-0,-14.4458,129.141,129.141,2.55552,10,0,0,-0.00374173,-0,0.00698732,0,1
2.79,1.03721,0,59.6965,0.225935,0,43.0328,0,0,0,0.999994,0,-0.00350607,0,0,-0.00248614,0,97.768,1.03128,-9.39672,0,2503.51,12.8642,-0,-14.5483,129.134,129.134,2.55536,10,0,0,-0.00375469,-0,0.00701216,0,1
2.8,1.03947,0,60.1276,0.224502,0,43.1893,0,0,0,0.999994,0,-0.00351852,0,0,-0.00249115,0,97.76,1.03124,-9.42922,0,2503.54,12.9067,-0,-14.6512,129.128,129.128,2.5552,10,0,0,-0.00376764,-0,0.00703705,0,1
2.81,1.0417,0,60.5603,0.223063,0,43.3457,0,0,0,0.999994,0,-0.00353098,0,0,-0.00249576,0,97.752,1.03121,-9.46169,0,2503.56,12.9492,-0,-14.7544,129.121,129.121,2.55504,10,0,0,-0.00378057,-0,0.00706198,0,1
2.82,1.04393,0,60.9945,0.221619,0,43.5023,0,0,0,0.999994,0,-0.00354347,0,0,-0.00249999,0,97.744,1.03118,-9.49412,0,2503.59,12.9917,-0,-14.8581,129.115,129.115,2.55488,10,0,0,-0.00379348,-0,0.00708696,0,1
2.83,1.04614,0,61.4303,0.220169,0,43.6588,0,0,0,0.999994,0,-0.00355598,0,0,-0.00250385,0,97.736,1.03114,-9.52651,0,2503.61,13.0342,-0,-14.9621,129.108,129.108,2.55472,10,0,0,-0.00380637,-0,0.00711198,0,1
2.84,1.04833,0,61.8677,0.218715,0,43.8153,0,0,0,0.999994,0,-0.00356851,0,0,-0.00250734,0,97.728,1.03111,-9.55885,0,2503.64,13.0766,-0,-15.0665,129.101,129.101,2.55456,10,0,0,-0.00381925,-0,0.00713703,0,1
2.85,1.05051,0,62.3067,0.217254,0,43.9719,0,0,0,0.999994,0,-0.00358105,0,0,-0.00251047,0,97.72,1.03107,-9.59114,0,2503.66,13.1191,-0,-15.1712,129.095,129.095,2.5544,10,0,0,-0.00383211,-0,0.00716212,0,1
2.86,1.05268,0,62.7472,0.215789,0,44.1284,0,0,0,0.999994,0,-0.00359361,0,0,-0.00251326,0,97.712,1.03104,-9.62339,0,2503.69,13.1616,-0,-15.2764,129.088,129.088,2.55424,10,0,0,-0.00384495,-0,0.00718724,0,1
2.87,1.05483,0,63.1892,0.214317,0,44.285,0,0,0,0.999993,0,-0.00360619,0,0,-0.00251573,0,97.704,1.031,-9.65559,0,2503.72,13.204,-0,-15.3819,129.082,129.082,2.55408,10,0,0,-0.00385777,-0,0.00721239,0,1
2.88,1.05696,0,63.6329,0.212841,0,44.4416,0,0,0,0.999993,0,-0.00361877,0,0,-0.00251787,0,97.696,1.03097,-9.68774,0,2503.74,13.2465,-0,-15.4877,129.075,129.075,2.55392,10,0,0,-0.00387056,-0,0.00723756,0,1
2.89,1.05908,0,64.0781,0.211359,0,44.5982,0,0,0,0.999993,0,-0.00363136,0,0,-0.0025197,0,97.688,1.03093,-9.71984,0,2503.77,13.2889,-0,-15.594,129.069,129.069,2.55376,10,0,0,-0.00388334,-0,0.00726274,0,1
2.9,1.06119,0,64.5248,0.209871,0,44.7548,0,0,0,0.999993,0,-0.00364397,0,0,-0.00252124,0,97.68,1.0309,-9.75189,0,2503.79,13.3313,-0,-15.7006,129.062,129.062,2.5536,10,0,0,-0.0038961,-0,0.00728795,0,1
2.91,1.06328,0,64.9731,0.208379,0,44.9114,0,0,0,0.999993,0,-0.00365658,0,0,-0.00252249,0,97.672,1.03086,-9.78388,0,2503.82,13.3738,-0,-15.8076,129.055,129.055,2.55344,10,0,0,-0.00390883,-0,0.00731317,0,1
2.92,1.06536,0,65.423,0.20688,0,45.068,0,0,0,0.999993,0,-0.00366919,0,0,-0.00252348,0,97.664,1.03083,-9.81582,0,2503.85,13.4162,-0,-15.915,129.049,129.049,2.55328,10,0,0,-0.00392155,-0,0.0073384,0,1
2.93,1.06742,0,65.8745,0.205377,0,45.2247,0,0,0,0.999993,0,-0.00368181,0,0,-0.0025242,0,97.656,1.03079,-9.84771,0,2503.87,13.4586,-0,-16.0227,129.042,129.042,2.55312,10,0,0,-0.00393424,-0,0.00736364,0,1
2.94,1.06947,0,66.3275,0.203868,0,45.3813,0,0,0,0.999993,0,-0.00369443,0,0,-0.00252468,0,97.648,1.03076,-9.87955,0,2503.9,13.501,-0,-16.1308,129.036,129.036,2.55296,10,0,0,-0.00394691,-0,0.00738888,0,1
2.95,1.0715,0,66.7821,0.202353,0,45.538,0,0,0,0.999993,0,-0.00370706,0,0,-0.00252492,0,97.64,1.03072,-9.91133,0,2503.93,13.5435,-0,-16.2393,129.029,129.029,2.5528,10,0,0,-0.00395956,-0,0.00741413,0,1
2.96,1.07351,0,67.2383,0.200833,0,45.6947,0,0,0,0.999993,0,-0.00371968,0,0,-0.00252495,0,97.632,1.03069,-9.94306,0,2503.95,13.5859,-0,-16.3482,129.022,129.022,2.55264,10,0,0,-0.00397218,-0,0.00743938,0,1
2.97,1.07551,0,67.696,0.199308,0,45.8514,0,0,0,0.999993,0,-0.0037323,0,0,-0.00252476,0,97.624,1.03065,-9.97473,0,2503.98,13.6283,-0,-16.4574,129.016,129.016,2.55248,10,0,0,-0.00398479,-0,0.00746463,0,1
2.98,1.0775,0,68.1553,0.197778,0,46.0081,0,0,0,0.999993,0,-0.00374493,0,0,-0.00252438,0,97.616,1.03062,-10.0064,0,2504.01,13.6707,-0,-16.567,129.009,129.009,2.55232,10,0,0,-0.00399737,-0,0.00748987,0,1
2.99,1.07947,0,68.6162,0.196242,0,46.1648,0,0,0,0.999993,0,-0.00375755,0,0,-0.00252381,0,97.608,1.03058,-10.0379,0,2504.03,13.713,-0,-16.677,129.003,129.003,2.55216,10,0,0,-0.00400994,-0,0.00751511,0,1
3,1.08142,0,69.0786,0.1947,0,46.3216,0,0,0,0.999993,0,-0.00377017,0,0,-0.00252307,0,97.6,1.03055,-10.0695,0,2504.06,13.7554,-0,-16.7874,128.996,128.996,2.552,10,0,0,-0.00402248,-0,0.00754035,0,1
3.01,1.08336,0,69.5426,0.193153,0,46.4783,0,0,0,0.999993,0,-0.00378278,0,0,-0.00252216,0,97.592,1.03052,-10.1009,0,2504.09,13.7978,-0,-16.8981,128.989,128.989,2.55184,10,0,0,-0.004035,-0,0.00756557,0,1
3.02,1.08529,0,70.0082,0.191601,0,46.6351,0,0,0,0.999993,0,-0.00379539,0,0,-0.0025211,0,97.584,1.03048,-10.1324,0,2504.12,13.8402,-0,-17.0092,128.983,128.983,2.55168,10,0,0,-0.00404751,-0,0.00759079,0,1
3.03,1.08719,0,70.4753,0.190044,0,46.7918,0,0,0,0.999993,0,-0.00380799,0,0,-0.00251991,0,97.576,1.03045,-10.1637,0,2504.14,13.8825,-0,-17.1207,128.976,128.976,2.55152,10,0,0,-0.00405999,-0,0.007616,0,1
3.04,1.08909,0,70.944,0.188481,0,46.9486,0,0,0,0.999993,0,-0.00382059,0,0,-0.00251858,0,97.568,1.03041,-10.1951,0,2504.17,13.9249,-0,-17.2325,128.97,128.97,2.55136,10,0,0,-0.00407245,-0,0.00764119,0,1
3.05,1.09096,0,71.4143,0.186913,0,47.1054,0,0,0,0.999993,0,-0.00383317,0,0,-0.00251714,0,97.56,1.03038,-10.2263,0,2504.2,13.9673,-0,-17.3447,128.963,128.963,2.5512,10,0,0,-0.0040849,-0,0.00766637,0,1
3.06,1.09283,0,71.8861,0.185339,0,47.2622,0,0,0,0.999993,0,-0.00384576,0,0,-0.00251558,0,97.552,1.03034,-10.2576,0,2504.23,14.0096,-0,-17.4573,128.957,128.957,2.55104,10,0,0,-0.00409732,-0,0.00769153,0,1
3.07,1.09467,0,72.3595,0.18376,0,47.419,0,0,0,0.999993,0,-0.00385833,0,0,-0.00251393,0,97.544,1.03031,-10.2888,0,2504.25,14.052,-0,-17.5703,128.95,128.95,2.55088,10,0,0,-0.00410973,-0,0.00771668,0,1
3.08,1.0965,0,72.8345,0.182176,0,47.5759,0,0,0,0.999993,0,-0.00387089,0,0,-0.00251219,0,97.536,1.03027,-10.3199,0,2504.28,14.0943,-0,-17.6836,128.943,128.943,2.55072,10,0,0,-0.00412212,-0,0.00774181,0,1
3.09,1.09831,0,73.3111,0.180586,0,47.7327,0,0,0,0.999992,0,-0.00388345,0,0,-0.00251036,0,97.528,1.03024,-10.351,0,2504.31,14.1366,-0,-17.7973,128.937,128.937,2.55056,10,0,0,-0.0041345,-0,0.00776692,0,1
3.1,1.10011,0,73.7892,0.178991,0,47.8896,0,0,0,0.999992,0,-0.003896,0,0,-0.00250847,0,97.52,1.0302,-10.3821,0,2504.34,14.179,-0,-17.9114,128.93,128.93,2.5504,10,0,0,-0.00414685,-0,0.00779202,0,1
3.11,1.10189,0,74.2688,0.177391,0,48.0464,0,0,0,0.999992,0,-0.00390854,0,0,-0.00250651,0,97.512,1.03017,-10.4131,0,2504.37,14.2213,-0,-18.0258,128.924,128.924,2.55024,10,0,0,-0.0041592,-0,0.00781709,0,1
3.12,1.10366,0,74.7501,0.175786,0,48.2033,0,0,0,0.999992,0,-0.00392106,0,0,-0.0025045,0,97.504,1.03013,-10.4441,0,2504.39,14.2636,-0,-18.1406,128.917,128.917,2.55008,10,0,0,-0.00417152,-0,0.00784215,0,1
3.13,1.10541,0,75.2329,0.174175,0,48.3602,0,0,0,0.999992,0,-0.00393358,0,0,-0.00250243,0,97.496,1.0301,-10.4751,0,2504.42,14.3059,-0,-18.2558,128.91,128.91,2.54992,10,0,0,-0.00418383,-0,0.00786718,0,1
3.14,1.10714,0,75.7173,0.172559,0,48.5171,0,0,0,0.999992,0,-0.00394609,0,0,-0.00250033,0,97.488,1.03006,-10.506,0,2504.45,14.3482,-0,-18.3714,128.904,128.904,2.54976,10,0,0,-0.00419613,-0,0.00789219,0,1
3.15,1.10886,0,76.2033,0.170938,0,48.674,0,0,0,0.999992,0,-0.00395858,0,0,-0.0024982,0,97.48,1.03003,-10.5369,0,2504.48,14.3905,-0,-18.4873,128.897,128.897,2.5496,10,0,0,-0.00420841,-0,0.00791719,0,1
3.16,1.11056,0,76.6908,0.169311,0,48.831,0,0,0,0.999992,0,-0.00397107,0,0,-0.00249604,0,97.472,1.02999,-10.5677,0,2504.51,14.4328,-0,-18.6036,128.891,128.891,2.54944,10,0,0,-0.00422068,-0,0.00794216,0,1
3.17,1.11225,0,77.1799,0.167679,0,48.9879,0,0,0,0.999992,0,-0.00398354,0,0,-0.00249385,0,97.464,1.02996,-10.5985,0,2504.54,14.4751,-0,-18.7203,128.884,128.884,2.54928,10,0,0,-0.00423294,-0,0.00796711,0,1
3.18,1.11392,0,77.6705,0.166042,0,49.1449,0,0,0,0.999992,0,-0.00399601,0,0,-0.00249166,0,97.456,1.02992,-10.6293,0,2504.56,14.5174,-0,-18.8374,128.877,128.877,2.54912,10,0,0,-0.00424518,-0,0.00799204,0,1
3.19,1.11557,0,78.1628,0.1644,0,49.3018,0,0,0,0.999992,0,-0.00400846,0,0,-0.00248946,0,97.448,1.02989,-10.6601,0,2504.59,14.5596,-0,-18.9548,128.871,128.871,2.54896,10,0,0,-0.00425742,-0,0.00801694,0,1
3.2,1.1172,0,78.6566,0.162753,0,49.4588,0,0,0,0.999992,0,-0.0040209,0,0,-0.00248725,0,97.44,1.02985,-10.6908,0,2504.62,14.6019,-0,-19.0726,128.864,128.864,2.5488,10,0,0,-0.00426964,-0,0.00804182,0,1
3.21,1.11882,0,79.1519,0.1611,0,49.6158,0,0,0,0.999992,0,-0.00403333,0,0,-0.00248504,0,97.432,1.02982,-10.7215,0,2504.65,14.6442,-0,-19.1908,128.858,128.858,2.54864,10,0,0,-0.00428185,-0,0.00806669,0,1
3.22,1.12043,0,79.6489,0.159442,0,49.7728,0,0,0,0.999992,0,-0.00404575,0,0,-0.00248284,0,97.424,1.02978,-10.7522,0,2504.68,14.6864,-0,-19.3093,128.851,128.851,2.54848,10,0,0,-0.00429405,-0,0.00809152,0,1
3.23,1.12201,0,80.1474,0.157779,0,49.9298,0,0,0,0.999992,0,-0.00405816,0,0,-0.00248065,0,97.416,1.02975,-10.7829,0,2504.71,14.7287,-0,-19.4282,128.844,128.844,2.54832,10,0,0,-0.00430624,-0,0.00811634,0,1
3.24,1.12358,0,80.6475,0.15611,0,50.0868,0,0,0,0.999992,0,-0.00407056,0,0,-0.00247848,0,97.408,1.02971,-10.8135,0,2504.74,14.7709,-0,-19.5475,128.838,128.838,2.54816,10,0,0,-0.00431842,-0,0.00814114,0,1
3.25,1.12513,0,81.1491,0.154437,0,50.2438,0,0,0,0.999992,0,-0.00408294,0,0,-0.00247632,0,97.4,1.02968,-10.8441,0,2504.77,14.8131,-0,-19.6671,128.831,128.831,2.548,10,0,0,-0.00433059,-0,0.00816591,0,1
3.26,1.12667,0,81.6524,0.152758,0,50.4009,0,0,0,0.999992,0,-0.00409532,0,0,-0.00247419,0,97.392,1.02964,-10.8747,0,2504.8,14.8553,-0,-19.7872,128.825,128.825,2.54784,10,0,0,-0.00434275,-0,0.00819066,0,1
3.27,1.12819,0,82.1572,0.151074,0,50.5579,0,0,0,0.999992,0,-0.00410769,0,0,-0.00247208,0,97.384,1.02961,-10.9053,0,2504.83,14.8976,-0,-19.9076,128.818,128.818,2.54768,10,0,0,-0.00435491,-0,0.0082154,0,1
3.28,1.12969,0,82.6635,0.149385,0,50.715,0,0,0,0.999992,0,-0.00412004,0,0,-0.00247,0,97.376,1.02958,-10.9359,0,2504.86,14.9398,-0,-20.0283,128.812,128.812,2.54752,10,0,0,-0.00436705,-0,0.00824011,0,1
3.29,1.13118,0,83.1715,0.147691,0,50.8721,0,0,0,0.999991,0,-0.00413239,0,0,-0.00246794,0,97.368,1.02954,-10.9664,0,2504.89,14.982,-0,-20.1495,128.805,128.805,2.54736,10,0,0,-0.00437919,-0,0.0082648,0,1
3.3,1.13265,0,83.681,0.145991,0,51.0292,0,0,0,0.999991,0,-0.00414472,0,0,-0.00246592,0,97.36,1.02951,-10.9969,0,2504.92,15.0241,-0,-20.271,128.798,128.798,2.5472,10,0,0,-0.00439132,-0,0.00828946,0,1
3.31,1.1341,0,84.192,0.144287,0,51.1863,0,0,0,0.999991,0,-0.00415704,0,0,-0.00246393,0,97.352,1.02947,-11.0274,0,2504.95,15.0663,-0,-20.3929,128.792,128.792,2.54704,10,0,0,-0.00440345,-0,0.00831411,0,1
3.32,1.13553,0,84.7047,0.142577,0,51.3434,0,0,0,0.999991,0,-0.00416936,0,0,-0.00246198,0,97.344,1.02944,-11.0579,0,2504.98,15.1085,-0,-20.5151,128.785,128.785,2.54688,10,0,0,-0.00441557,-0,0.00833874,0,1
3.33,1.13695,0,85.2189,0.140862,0,51.5005,0,0,0,0.999991,0,-0.00418166,0,0,-0.00246007,0,97.336,1.0294,-11.0884,0,2505.01,15.1507,-0,-20.6377,128.779,128.779,2.54672,10,0,0,-0.00442768,-0,0.00836335,0,1
3.34,1.13835,0,85.7347,0.139142,0,51.6577,0,0,0,0.999991,0,-0.00419396,0,0,-0.00245819,0,97.328,1.02937,-11.1189,0,2505.04,15.1928,-0,-20.7607,128.772,128.772,2.54656,10,0,0,-0.00443979,-0,0.00838794,0,1
3.35,1.13973,0,86.2521,0.137417,0,51.8148,0,0,0,0.999991,0,-0.00420625,0,0,-0.00245636,0,97.32,1.02933,-11.1493,0,2505.07,15.235,-0,-20.8841,128.765,128.765,2.5464,10,0,0,-0.00445189,-0,0.00841252,0,1
3.36,1.1411,0,86.771,0.135687,0,51.972,0,0,0,0.999991,0,-0.00421852,0,0,-0.00245456,0,97.312,1.0293,-11.1798,0,2505.1,15.2771,-0,-21.0079,128.759,128.759,2.54624,10,0,0,-0.00446399,-0,0.00843707,0,1
3.37,1.14244,0,87.2915,0.133951,0,52.1292,0,0,0,0.999991,0,-0.00423079,0,0,-0.0024528,0,97.304,1.02926,-11.2102,0,2505.13,15.3192,-0,-21.132,128.752,128.752,2.54608,10,0,0,-0.00447608,-0,0.00846161,0,1
3.38,1.14378,0,87.8136,0.132211,0,52.2863,0,0,0,0.999991,0,-0.00424305,0,0,-0.00245109,0,97.296,1.02923,-11.2406,0,2505.16,15.3614,-0,-21.2564,128.746,128.746,2.54592,10,0,0,-0.00448817,-0,0.00848613,0,1
3.39,1.14509,0,88.3372,0.130465,0,52.4435,0,0,0,0.999991,0,-0.0042553,0,0,-0.00244942,0,97.288,1.02919,-11.271,0,2505.19,15.4035,-0,-21.3813,128.739,128.739,2.54576,10,0,0,-0.00450026,-0,0.00851063,0,1
3.4,1.14638,0,88.8625,0.128715,0,52.6007,0,0,0,0.999991,0,-0.00426755,0,0,-0.00244779,0,97.28,1.02916,-11.3014,0,2505.22,15.4456,-0,-21.5065,128.732,128.732,2.5456,10,0,0,-0.00451234,-0,0.00853512,0,1
3.41,1.14766,0,89.3892,0.126959,0,52.758,0,0,0,0.999991,0,-0.00427978,0,0,-0.0024462,0,97.272,1.02912,-11.3318,0,2505.25,15.4877,-0,-21.6321,128.726,128.726,2.54544,10,0,0,-0.00452441,-0,0.00855959,0,1
3.42,1.14892,0,89.9176,0.125198,0,52.9152,0,0,0,0.999991,0,-0.00429201,0,0,-0.00244465,0,97.264,1.02909,-11.3622,0,2505.28,15.5298,-0,-21.7581,128.719,128.719,2.54528,10,0,0,-0.00453649,-0,0.00858404,0,1
3.43,1.15017,0,90.4475,0.123432,0,53.0724,0,0,0,0.999991,0,-0.00430423,0,0,-0.00244315,0,97.256,1.02905,-11.3926,0,2505.31,15.5718,-0,-21.8844,128.713,128.713,2.54512,10,0,0,-0.00454855,-0,0.00860848,0,1
3.44,1.15139,0,90.9791,0.12166,0,53.2297,0,0,0,0.999991,0,-0.00431644,0,0,-0.00244168,0,97.248,1.02902,-11.423,0,2505.34,15.6139,-0,-22.0111,128.706,128.706,2.54496,10,0,0,-0.00456062,-0,0.0086329,0,1
3.45,1.1526,0,91.5121,0.119884,0,53.3869,0,0,0,0.999991,0,-0.00432864,0,0,-0.00244026,0,97.24,1.02898,-11.4533,0,2505.37,15.656,-0,-22.1382,128.7,128.7,2.5448,10,0,0,-0.00457268,-0,0.00865731,0,1
3.46,1.15379,0,92.0468,0.118103,0,53.5442,0,0,0,0.999991,0,-0.00434084,0,0,-0.00243887,0,97.232,1.02895,-11.4837,0,2505.41,15.698,-0,-22.2656,128.693,128.693,2.54464,10,0,0,-0.00458474,-0,0.00868171,0,1
3.47,1.15496,0,92.583,0.116316,0,53.7015,0,0,0,0.999991,0,-0.00435303,0,0,-0.00243753,0,97.224,1.02891,-11.5141,0,2505.44,15.74,-0,-22.3935,128.686,128.686,2.54448,10,0,0,-0.0045968,-0,0.00870609,0,1
3.48,1.15612,0,93.1208,0.114525,0,53.8588,0,0,0,0.99999,0,-0.00436522,0,0,-0.00243622,0,97.216,1.02888,-11.5444,0,2505.47,15.7821,-0,-22.5216,128.68,128.68,2.54432,10,0,0,-0.00460885,-0,0.00873046,0,1
3.49,1.15725,0,93.6602,0.112728,0,54.0161,0,0,0,0.99999,0,-0.00437739,0,0,-0.00243495,0,97.208,1.02884,-11.5747,0,2505.5,15.8241,-0,-22.6502,128.673,128.673,2.54416,10,0,0,-0.0046209,-0,0.00875481,0,1
3.5,1.15837,0,94.2012,0.110927,0,54.1734,0,0,0,0.99999,0,-0.00438956,0,0,-0.00243371,0,97.2,1.02881,-11.6051,0,2505.53,15.8661,-0,-22.7791,128.667,128.667,2.544,10,0,0,-0.00463295,-0,0.00877916,0,1
3.51,1.15947,0,94.7437,0.10912,0,54.3307,0,0,0,0.99999,0,-0.00440173,0,0,-0.00243251,0,97.192,1.02877,-11.6354,0,2505.56,15.9081,-0,-22.9084,128.66,128.66,2.54384,10,0,0,-0.004645,-0,0.00880349,0,1
3.52,1.16055,0,95.2878,0.107308,0,54.4881,0,0,0,0.99999,0,-0.00441389,0,0,-0.00243135,0,97.184,1.02874,-11.6657,0,2505.6,15.9501,-0,-23.0381,128.653,128.653,2.54368,10,0,0,-0.00465704,-0,0.00882781,0,1
3.53,1.16162,0,95.8334,0.105491,0,54.6454,0,0,0,0.99999,0,-0.00442604,0,0,-0.00243021,0,97.176,1.0287,-11.696,0,2505.63,15.992,-0,-23.1681,128.647,128.647,2.54352,10,0,0,-0.00466908,-0,0.00885212,0,1
3.54,1.16266,0,96.3807,0.103669,0,54.8028,0,0,0,0.99999,0,-0.00443819,0,0,-0.00242911,0,97.168,1.02867,-11.7264,0,2505.66,16.034,-0,-23.2986,128.64,128.64,2.54336,10,0,0,-0.00468112,-0,0.00887641,0,1
3.55,1.16369,0,96.9295,0.101842,0,54.9602,0,0,0,0.99999,0,-0.00445033,0,0,-0.00242804,0,97.16,1.02863,-11.7567,0,2505.69,16.0759,-0,-23.4293,128.634,128.634,2.5432,10,0,0,-0.00469315,-0,0.0089007,0,1
3.56,1.1647,0,97.4799,0.10001,0,55.1175,0,0,0,0.99999,0,-0.00446247,0,0,-0.002427,0,97.152,1.0286,-11.787,0,2505.72,16.1179,-0,-23.5605,128.627,128.627,2.54304,10,0,0,-0.00470519,-0,0.00892497,0,1
3.57,1.16569,0,98.0318,0.0981729,0,55.2749,0,0,0,0.99999,0,-0.0044746,0,0,-0.00242598,0,97.144,1.02856,-11.8173,0,2505.76,16.1598,-0,-23.692,128.62,128.62,2.54288,10,0,0,-0.00471722,-0,0.00894924,0,1
3.58,1.16666,0,98.5854,0.0963307,0,55.4323,0,0,0,0.99999,0,-0.00448673,0,0,-0.002425,0,97.136,1.02853,-11.8476,0,2505.79,16.2017,-0,-23.8239,128.614,128.614,2.54272,10,0,0,-0.00472925,-0,0.00897349,0,1
3.59,1.16762,0,99.1405,0.0944834,0,55.5897,0,0,0,0.99999,0,-0.00449885,0,0,-0.00242403,0,97.128,1.02849,-11.8779,0,2505.82,16.2436,-0,-23.9562,128.607,128.607,2.54256,10,0,0,-0.00474127,-0,0.00899774,0,1
3.6,1.16855,0,99.6972,0.0926311,0,55.7472,0,0,0,0.99999,0,-0.00451097,0,0,-0.00242309,0,97.12,1.02846,-11.9081,0,2505.85,16.2855,-0,-24.0888,128.601,128.601,2.5424,10,0,0,-0.0047533,-0,0.00902197,0,1
3.61,1.16947,0,100.255,0.0907737,0,55.9046,0,0,0,0.99999,0,-0.00452308,0,0,-0.00242218,0,97.112,1.02842,-11.9384,0,2505.89,16.3274,-0,-24.2218,128.594,128.594,2.54224,10,0,0,-0.00476532,-0,0.0090462,0,1
3.62,1.17037,0,100.815,0.0889112,0,56.0621,0,0,0,0.99999,0,-0.00453519,0,0,-0.00242128,0,97.104,1.02839,-11.9687,0,2505.92,16.3693,-0,-24.3551,128.587,128.587,2.54208,10,0,0,-0.00477734,-0,0.00907042,0,1
3.63,1.17125,0,101.377,0.0870437,0,56.2195,0,0,0,0.99999,0,-0.0045473,0,0,-0.0024204,0,97.096,1.02835,-11.999,0,2505.95,16.4111,-0,-24.4889,128.581,128.581,2.54192,10,0,0,-0.00478935,-0,0.00909463,0,1
3.64,1.17211,0,101.94,0.0851712,0,56.377,0,0,0,0.99999,0,-0.0045594,0,0,-0.00241954,0,97.088,1.02832,-12.0292,0,2505.98,16.453,-0,-24.623,128.574,128.574,2.54176,10,0,0,-0.00480137,-0,0.00911882,0,1
3.65,1.17295,0,102.504,0.0832936,0,56.5345,0,0,0,0.99999,0,-0.00457149,0,0,-0.0024187,0,97.08,1.02828,-12.0595,0,2506.02,16.4948,-0,-24.7575,128.568,128.568,2.5416,10,0,0,-0.00481338,-0,0.00914302,0,1
3.66,1.17378,0,103.07,0.0814109,0,56.6919,0,0,0,0.999989,0,-0.00458358,0,0,-0.00241788,0,97.072,1.02825,-12.0897,0,2506.05,16.5366,-0,-24.8923,128.561,128.561,2.54144,10,0,0,-0.00482539,-0,0.0091672,0,1
3.67,1.17458,0,103.638,0.0795232,0,56.8494,0,0,0,0.999989,0,-0.00459567,0,0,-0.00241706,0,97.064,1.02821,-12.12,0,2506.08,16.5784,-0,-25.0275,128.554,128.554,2.54128,10,0,0,-0.00483739,-0,0.00919137,0,1
3.68,1.17537,0,104.207,0.0776304,0,57.007,0,0,0,0.999989,0,-0.00460775,0,0,-0.00241627,0,97.056,1.02818,-12.1502,0,2506.12,16.6202,-0,-25.1631,128.548,128.548,2.54112,10,0,0,-0.0048494,-0,0.00921554,0,1
3.69,1.17613,0,104.778,0.0757326,0,57.1645,0,0,0,0.999989,0,-0.00461983,0,0,-0.00241548,0,97.048,1.02814,-12.1805,0,2506.15,16.662,-0,-25.2991,128.541,128.541,2.54096,10,0,0,-0.0048614,-0,0.0092397,0,1
3.7,1.17688,0,105.351,0.0738298,0,57.322,0,0,0,0.999989,0,-0.00463191,0,0,-0.0024147,0,97.04,1.02811,-12.2107,0,2506.18,16.7038,-0,-25.4354,128.535,128.535,2.5408,10,0,0,-0.00487339,-0,0.00926385,0,1
3.71,1.17761,0,105.925,0.0719219,0,57.4796,0,0,0,0.999989,0,-0.00464398,0,0,-0.00241394,0,97.032,1.02807,-12.2409,0,2506.22,16.7455,-0,-25.5721,128.528,128.528,2.54064,10,0,0,-0.00488539,-0,0.00928799,0,1
3.72,1.17832,0,106.5,0.070009,0,57.6371,0,0,0,0.999989,0,-0.00465605,0,0,-0.00241318,0,97.024,1.02804,-12.2712,0,2506.25,16.7872,-0,-25.7091,128.522,128.522,2.54048,10,0,0,-0.00489738,-0,0.00931213,0,1
3.73,1.17901,0,107.077,0.068091,0,57.7947,0,0,0,0.999989,0,-0.00466811,0,0,-0.00241243,0,97.016,1.028,-12.3014,0,2506.28,16.829,-0,-25.8466,128.515,128.515,2.54032,10,0,0,-0.00490937,-0,0.00933626,0,1
3.74,1.17968,0,107.656,0.066168,0,57.9522,0,0,0,0.999989,0,-0.00468017,0,0,-0.00241168,0,97.008,1.02797,-12.3316,0,2506.32,16.8707,-0,-25.9844,128.508,128.508,2.54016,10,0,0,-0.00492136,-0,0.00936038,0,1
3.75,1.18033,0,108.236,0.0642399,0,58.1098,0,0,0,0.999989,0,-0.00469223,0,0,-0.00241094,0,97,1.02793,-12.3618,0,2506.35,16.9124,-0,-26.1225,128.502,128.502,2.54,10,0,0,-0.00493334,-0,0.00938449,0,1
3.76,1.18097,0,108.818,0.0623069,0,58.2674,0,0,0,0.999989,0,-0.00470428,0,0,-0.00241021,0,96.992,1.0279,-12.392,0,2506.39,16.9541,-0,-26.2611,128.495,128.495,2.53984,10,0,0,-0.00494532,-0,0.0094086,0,1
3.77,1.18158,0,109.402,0.0603687,0,58.425,0,0,0,0.999989,0,-0.00471633,0,0,-0.00240947,0,96.984,1.02786,-12.4222,0,2506.42,16.9958,-0,-26.4,128.489,128.489,2.53968,10,0,0,-0.00495729,-0,0.00943269,0,1
3.78,1.18217,0,109.987,0.0584256,0,58.5826,0,0,0,0.999989,0,-0.00472837,0,0,-0.00240874,0,96.976,1.02783,-12.4523,0,2506.45,17.0374,-0,-26.5392,128.482,128.482,2.53952,10,0,0,-0.00496927,-0,0.00945678,0,1
3.79,1.18275,0,110.573,0.0564774,0,58.7403,0,0,0,0.999989,0,-0.00474042,0,0,-0.00240801,0,96.968,1.02779,-12.4825,0,2506.49,17.0791,-0,-26.6789,128.475,128.475,2.53936,10,0,0,-0.00498124,-0,0.00948087,0,1
3.8,1.1833,0,111.162,0.0545242,0,58.8979,0,0,0,0.999989,0,-0.00475245,0,0,-0.00240728,0,96.96,1.02776,-12.5127,0,2506.52,17.1207,-0,-26.8189,128.469,128.469,2.5392,10,0,0,-0.0049932,-0,0.00950494,0,1
3.81,1.18384,0,111.751,0.0525659,0,59.0555,0,0,0,0.999989,0,-0.00476449,0,0,-0.00240655,0,96.952,1.02772,-12.5428,0,2506.56,17.1623,-0,-26.9593,128.462,128.462,2.53904,10,0,0,-0.00500516,-0,0.00952901,0,1
3.82,1.18435,0,112.343,0.0506026,0,59.2132,0,0,0,0.999989,0,-0.00477652,0,0,-0.00240582,0,96.944,1.02769,-12.573,0,2506.59,17.2039,-0,-27.1,128.456,128.456,2.53888,10,0,0,-0.00501712,-0,0.00955308,0,1
3.83,1.18485,0,112.936,0.0486343,0,59.3709,0,0,0,0.999989,0,-0.00478855,0,0,-0.00240509,0,96.936,1.02765,-12.6031,0,2506.63,17.2455,-0,-27.2411,128.449,128.449,2.53872,10,0,0,-0.00502907,-0,0.00957713,0,1
3.84,1.18533,0,113.53,0.046661,0,59.5285,0,0,0,0.999988,0,-0.00480057,0,0,-0.00240435,0,96.928,1.02762,-12.6333,0,2506.66,17.2871,-0,-27.3826,128.442,128.442,2.53856,10,0,0,-0.00504102,-0,0.00960118,0,1
3.85,1.18578,0,114.126,0.0446826,0,59.6862,0,0,0,0.999988,0,-0.00481259,0,0,-0.00240362,0,96.92,1.02758,-12.6634,0,2506.7,17.3287,-0,-27.5245,128.436,128.436,2.5384,10,0,0,-0.00505297,-0,0.00962522,0,1
3.86,1.18622,0,114.724,0.0426992,0,59.8439,0,0,0,0.999988,0,-0.00482461,0,0,-0.00240287,0,96.912,1.02755,-12.6935,0,2506.73,17.3702,-0,-27.6667,128.429,128.429,2.53824,10,0,0,-0.00506491,-0,0.00964925,0,1
3.87,1.18664,0,115.323,0.0407108,0,60.0016,0,0,0,0.999988,0,-0.00483662,0,0,-0.00240213,0,96.904,1.02751,-12.7236,0,2506.77,17.4118,-0,-27.8093,128.423,128.423,2.53808,10,0,0,-0.00507685,-0,0.00967327,0,1
3.88,1.18703,0,115.924,0.0387173,0,60.1593,0,0,0,0.999988,0,-0.00484863,0,0,-0.00240137,0,96.896,1.02748,-12.7537,0,2506.8,17.4533,-0,-27.9522,128.416,128.416,2.53792,10,0,0,-0.00508878,-0,0.00969729,0,1
3.89,1.18741,0,116.526,0.0367189,0,60.317,0,0,0,0.999988,0,-0.00486063,0,0,-0.00240062,0,96.888,1.02744,-12.7838,0,2506.84,17.4948,-0,-28.0955,128.409,128.409,2.53776,10,0,0,-0.00510071,-0,0.0097213,0,1
3.9,1.18777,0,117.13,0.0347154,0,60.4748,0,0,0,0.999988,0,-0.00487263,0,0,-0.00239985,0,96.88,1.02741,-12.8138,0,2506.87,17.5363,-0,-28.2392,128.403,128.403,2.5376,10,0,0,-0.00511264,-0,0.0097453,0,1
3.91,1.18811,0,117.736,0.0327069,0,60.6325,0,0,0,0.999988,0,-0.00488463,0,0,-0.00239908,0,96.872,1.02737,-12.8439,0,2506.91,17.5778,-0,-28.3833,128.396,128.396,2.53744,10,0,0,-0.00512456,-0,0.0097693,0,1
3.92,1.18842,0,118.343,0.0306934,0,60.7903,0,0,0,0.999988,0,-0.00489662,0,0,-0.00239831,0,96.864,1.02734,-12.874,0,2506.94,17.6192,-0,-28.5277,128.39,128.39,2.53728,10,0,0,-0.00513647,-0,0.00979329,0,1
3.93,1.18872,0,118.952,0.0286749,0,60.948,0,0,0,0.999988,0,-0.00490861,0,0,-0.00239752,0,96.856,1.0273,-12.904,0,2506.98,17.6607,-0,-28.6725,128.383,128.383,2.53712,10,0,0,-0.00514838,-0,0.00981726,0,1
3.94,1.189,0,119.562,0.0266513,0,61.1058,0,0,0,0.999988,0,-0.0049206,0,0,-0.00239673,0,96.848,1.02727,-12.9341,0,2507.01,17.7021,-0,-28.8176,128.376,128.376,2.53696,10,0,0,-0.00516029,-0,0.00984124,0,1
3.95,1.18925,0,120.174,0.0246228,0,61.2636,0,0,0,0.999988,0,-0.00493258,0,0,-0.00239593,0,96.84,1.02723,-12.9641,0,2507.05,17.7435,-0,-28.9632,128.37,128.37,2.5368,10,0,0,-0.00517219,-0,0.0098652,0,1
3.96,1.18949,0,120.787,0.0225892,0,61.4214,0,0,0,0.999988,0,-0.00494456,0,0,-0.00239512,0,96.832,1.0272,-12.9941,0,2507.09,17.7849,-0,-29.109,128.363,128.363,2.53664,10,0,0,-0.00518409,-0,0.00988915,0,1
3.97,1.1897,0,121.402,0.0205506,0,61.5792,0,0,0,0.999988,0,-0.00495653,0,0,-0.00239431,0,96.824,1.02716,-13.0241,0,2507.12,17.8263,-0,-29.2553,128.357,128.357,2.53648,10,0,0,-0.00519598,-0,0.0099131,0,1
3.98,1.1899,0,122.019,0.018507,0,61.737,0,0,0,0.999988,0,-0.0049685,0,0,-0.00239348,0,96.816,1.02713,-13.0541,0,2507.16,17.8677,-0,-29.4019,128.35,128.35,2.53632,10,0,0,-0.00520787,-0,0.00993704,0,1
3.99,1.19007,0,122.637,0.0164585,0,61.8948,0,0,0,0.999988,0,-0.00498046,0,0,-0.00239265,0,96.808,1.02709,-13.0841,0,2507.19,17.909,-0,-29.5489,128.344,128.344,2.53616,10,0,0,-0.00521975,-0,0.00996097,0,1
4,1.19023,0,123.257,0.0144049,0,62.0527,0,0,0,0.999988,0,-0.00499243,0,0,-0.00239181,0,96.8,1.02706,-13.114,0,2507.23,17.9504,-0,-29.6963,128.337,128.337,2.536,10,0,0,-0.00523163,-0,0.00998489,0,1
4.01,1.19036,0,123.878,0.0123463,0,62.2105,0,0,0,0.999987,0,-0.00500438,0,0,-0.00239096,0,96.792,1.02702,-13.144,0,2507.27,17.9917,-0,-29.844,128.33,128.33,2.53584,10,0,0,-0.0052435,-0,0.0100088,0,1
4.02,1.19048,0,124.501,0.0102827,0,62.3684,0,0,0,0.999987,0,-0.00501634,0,0,-0.0023901,0,96.784,1.02699,-13.1739,0,2507.3,18.033,-0,-29.9921,128.324,128.324,2.53568,10,0,0,-0.00525537,-0,0.0100327,0,1
4.03,1.19057,0,125.125,0.00821409,0,62.5262,0,0,0,0.999987,0,-0.00502828,0,0,-0.00238923,0,96.776,1.02695,-13.2039,0,2507.34,18.0743,-0,-30.1405,128.317,128.317,2.53552,10,0,0,-0.00526723,-0,0.0100566,0,1
4.04,1.19064,0,125.751,0.0061405,0,62.6841,0,0,0,0.999987,0,-0.00504023,0,0,-0.00238835,0,96.768,1.02692,-13.2338,0,2507.37,18.1156,-0,-30.2894,128.311,128.311,2.53536,10,0,0,-0.00527908,-0,0.0100805,0,1
4.05,1.19069,0,126.379,0.00406192,0,62.842,0,0,0,0.999987,0,-0.00505217,0,0,-0.00238746,0,96.76,1.02688,-13.2637,0,2507.41,18.1569,-0,-30.4386,128.304,128.304,2.5352,10,0,0,-0.00529093,-0,0.0101044,0,1
4.06,1.19072,0,127.008,0.00197835,0,62.9999,0,0,0,0.999987,0,-0.0050641,0,0,-0.00238656,0,96.752,1.02685,-13.2936,0,2507.45,18.1981,-0,-30.5881,128.297,128.297,2.53504,10,0,0,-0.00530278,-0,0.0101282,0,1
4.07,1.19073,0,127.639,-0.000110211,0,63.1578,0,0,0,0.999987,0,-0.00507603,0,0,-0.00238566,0,96.744,1.02681,-13.3235,0,2507.48,18.2393,-0,-30.738,128.291,128.291,2.53488,10,0,0,-0.00531462,-0,0.0101521,0,1
4.08,1.19072,0,128.271,-0.00220376,0,63.3157,0,0,0,0.999987,0,-0.00508796,0,0,-0.00238474,0,96.736,1.02678,-13.3534,0,2507.52,18.2806,-0,-30.8883,128.284,128.284,2.53472,10,0,0,-0.00532645,-0,0.010176,0,1
4.09,1.19069,0,128.905,-0.0043023,0,63.4736,0,0,0,0.999987,0,-0.00509988,0,0,-0.00238382,0,96.728,1.02674,-13.3832,0,2507.56,18.3218,-0,-31.039,128.278,128.278,2.53456,10,0,0,-0.00533828,-0,0.0101998,0,1
4.1,1.19063,0,129.541,-0.00640582,0,63.6315,0,0,0,0.999987,0,-0.0051118,0,0,-0.00238288,0,96.72,1.02671,-13.4131,0,2507.6,18.363,-0,-31.19,128.271,128.271,2.5344,10,0,0,-0.00535011,-0,0.0102236,0,1
4.11,1.19056,0,130.178,-0.00851433,0,63.7894,0,0,0,0.999987,0,-0.00512371,0,0,-0.00238194,0,96.712,1.02667,-13.4429,0,2507.63,18.4041,-0,-31.3414,128.264,128.264,2.53424,10,0,0,-0.00536192,-0,0.0102475,0,1
4.12,1.19046,0,130.817,-0.0106278,0,63.9474,0,0,0,0.999987,0,-0.00513561,0,0,-0.00238099,0,96.704,1.02664,-13.4727,0,2507.67,18.4453,-0,-31.4931,128.258,128.258,2.53408,10,0,0,-0.00537374,-0,0.0102713,0,1
4.13,1.19035,0,131.457,-0.0127463,0,64.1053,0,0,0,0.999987,0,-0.00514752,0,0,-0.00238003,0,96.696,1.0266,-13.5025,0,2507.71,18.4864,-0,-31.6452,128.251,128.251,2.53392,10,0,0,-0.00538554,-0,0.0102951,0,1
4.14,1.19021,0,132.099,-0.0148697,0,64.2633,0,0,0,0.999987,0,-0.00515941,0,0,-0.00237905,0,96.688,1.02657,-13.5323,0,2507.74,18.5275,-0,-31.7977,128.245,128.245,2.53376,10,0,0,-0.00539734,-0,0.0103189,0,1
4.15,1.19005,0,132.742,-0.0169981,0,64.4213,0,0,0,0.999987,0,-0.00517131,0,0,-0.00237808,0,96.68,1.02653,-13.5621,0,2507.78,18.5686,-0,-31.9505,128.238,128.238,2.5336,10,0,0,-0.00540914,-0,0.0103427,0,1
4.16,1.18987,0,133.387,-0.0191315,0,64.5793,0,0,0,0.999987,0,-0.00518319,0,0,-0.00237709,0,96.672,1.0265,-13.5919,0,2507.82,18.6097,-0,-32.1038,128.231,128.231,2.53344,10,0,0,-0.00542093,-0,0.0103664,0,1
4.17,1.18967,0,134.034,-0.0212699,0,64.7373,0,0,0,0.999987,0,-0.00519508,0,0,-0.00237609,0,96.664,1.02646,-13.6216,0,2507.86,18.6508,-0,-32.2573,128.225,128.225,2.53328,10,0,0,-0.00543271,-0,0.0103902,0,1
4.18,1.18944,0,134.682,-0.0234132,0,64.8953,0,0,0,0.999986,0,-0.00520695,0,0,-0.00237509,0,96.656,1.02643,-13.6514,0,2507.9,18.6919,-0,-32.4113,128.218,128.218,2.53312,10,0,0,-0.00544449,-0,0.010414,0,1
4.19,1.1892,0,135.332,-0.0255615,0,65.0533,0,0,0,0.999986,0,-0.00521883,0,0,-0.00237407,0,96.648,1.02639,-13.6811,0,2507.93,18.7329,-0,-32.5656,128.212,128.212,2.53296,10,0,0,-0.00545626,-0,0.0104377,0,1
4.2,1.18893,0,135.983,-0.0277147,0,65.2113,0,0,0,0.999986,0,-0.0052307,0,0,-0.00237305,0,96.64,1.02636,-13.7108,0,2507.97,18.7739,-0,-32.7202,128.205,128.205,2.5328,10,0,0,-0.00546802,-0,0.0104614,0,1
4.21,1.18864,0,136.636,-0.0298729,0,65.3693,0,0,0,0.999986,0,-0.00524256,0,0,-0.00237202,0,96.632,1.02632,-13.7405,0,2508.01,18.8149,-0,-32.8753,128.198,128.198,2.53264,10,0,0,-0.00547978,-0,0.0104852,0,1
4.22,1.18833,0,137.29,-0.0320361,0,65.5274,0,0,0,0.999986,0,-0.00525442,0,0,-0.00237098,0,96.624,1.02628,-13.7702,0,2508.05,18.8559,-0,-33.0307,128.192,128.192,2.53248,10,0,0,-0.00549154,-0,0.0105089,0,1
4.23,1.188,0,137.946,-0.0342042,0,65.6854,0,0,0,0.999986,0,-0.00526627,0,0,-0.00236994,0,96.616,1.02625,-13.7999,0,2508.09,18.8969,-0,-33.1864,128.185,128.185,2.53232,10,0,0,-0.00550329,-0,0.0105326,0,1
4.24,1.18765,0,138.604,-0.0363773,0,65.8435,0,0,0,0.999986,0,-0.00527811,0,0,-0.00236889,0,96.608,1.02621,-13.8296,0,2508.12,18.9379,-0,-33.3426,128.179,128.179,2.53216,10,0,0,-0.00551503,-0,0.0105563,0,1
4.25,1.18727,0,139.263,-0.0385553,0,66.0015,0,0,0,0.999986,0,-0.00528996,0,0,-0.00236783,0,96.6,1.02618,-13.8592,0,2508.16,18.9788,-0,-33.499,128.172,128.172,2.532,10,0,0,-0.00552676,-0,0.01058,0,1
4.26,1.18688,0,139.924,-0.0407383,0,66.1596,0,0,0,0.999986,0,-0.00530179,0,0,-0.00236676,0,96.592,1.02614,-13.8889,0,2508.2,19.0197,-0,-33.6559,128.165,128.165,2.53184,10,0,0,-0.00553849,-0,0.0106036,0,1
4.27,1.18646,0,140.586,-0.0429262,0,66.3177,0,0,0,0.999986,0,-0.00531362,0,0,-0.00236568,0,96.584,1.02611,-13.9185,0,2508.24,19.0606,-0,-33.8131,128.159,128.159,2.53168,10,0,0,-0.00555022,-0,0.0106273,0,1
4.28,1.18602,0,141.25,-0.0451191,0,66.4758,0,0,0,0.999986,0,-0.00532545,0,0,-0.0023646,0,96.576,1.02607,-13.9481,0,2508.28,19.1015,-0,-33.9707,128.152,128.152,2.53152,10,0,0,-0.00556193,-0,0.0106509,0,1
4.29,1.18556,0,141.916,-0.0473169,0,66.6339,0,0,0,0.999986,0,-0.00533727,0,0,-0.00236352,0,96.568,1.02604,-13.9777,0,2508.32,19.1424,-0,-34.1286,128.146,128.146,2.53136,10,0,0,-0.00557365,-0,0.0106746,0,1
4.3,1.18507,0,142.583,-0.0495196,0,66.792,0,0,0,0.999986,0,-0.00534908,0,0,-0.00236242,0,96.56,1.026,-14.0073,0,2508.36,19.1832,-0,-34.287,128.139,128.139,2.5312,10,0,0,-0.00558535,-0,0.0106982,0,1
4.31,1.18457,0,143.252,-0.0517273,0,66.9501,0,0,0,0.999986,0,-0.00536089,0,0,-0.00236132,0,96.552,1.02597,-14.0368,0,2508.39,19.2241,-0,-34.4456,128.133,128.133,2.53104,10,0,0,-0.00559705,-0,0.0107218,0,1
4.32,1.18404,0,143.922,-0.0539399,0,67.1082,0,0,0,0.999986,0,-0.0053727,0,0,-0.00236021,0,96.544,1.02593,-14.0664,0,2508.43,19.2649,-0,-34.6047,128.126,128.126,2.53088,10,0,0,-0.00560874,-0,0.0107454,0,1
4.33,1.18349,0,144.594,-0.0561574,0,67.2664,0,0,0,0.999986,0,-0.00538449,0,0,-0.0023591,0,96.536,1.0259,-14.0959,0,2508.47,19.3057,-0,-34.7641,128.119,128.119,2.53072,10,0,0,-0.00562043,-0,0.010769,0,1
4.34,1.18292,0,145.267,-0.0583799,0,67.4245,0,0,0,0.999985,0,-0.00539629,0,0,-0.00235798,0,96.528,1.02586,-14.1254,0,2508.51,19.3465,-0,-34.9238,128.113,128.113,2.53056,10,0,0,-0.00563211,-0,0.0107926,0,1
4.35,1.18232,0,145.942,-0.0606073,0,67.5826,0,0,0,0.999985,0,-0.00540807,0,0,-0.00235686,0,96.52,1.02583,-14.1549,0,2508.55,19.3873,-0,-35.0839,128.106,128.106,2.5304,10,0,0,-0.00564379,-0,0.0108162,0,1
4.36,1.1817,0,146.619,-0.0628396,0,67.7408,0,0,0,0.999985,0,-0.00541985,0,0,-0.00235572,0,96.512,1.02579,-14.1844,0,2508.59,19.428,-0,-35.2444,128.1,128.1,2.53024,10,0,0,-0.00565545,-0,0.0108398,0,1
4.37,1.18106,0,147.297,-0.0650768,0,67.899,0,0,0,0.999985,0,-0.00543163,0,0,-0.00235459,0,96.504,1.02576,-14.2139,0,2508.63,19.4687,-0,-35.4053,128.093,128.093,2.53008,10,0,0,-0.00566712,-0,0.0108633,0,1
4.38,1.1804,0,147.977,-0.067319,0,68.0572,0,0,0,0.999985,0,-0.0054434,0,0,-0.00235345,0,96.496,1.02572,-14.2434,0,2508.67,19.5095,-0,-35.5665,128.086,128.086,2.52992,10,0,0,-0.00567877,-0,0.0108869,0,1
4.39,1.17972,0,148.658,-0.069566,0,68.2153,0,0,0,0.999985,0,-0.00545516,0,0,-0.0023523,0,96.488,1.02569,-14.2728,0,2508.71,19.5502,-0,-35.7281,128.08,128.08,2.52976,10,0,0,-0.00569042,-0,0.0109104,0,1
4.4,1.17901,0,149.341,-0.071818,0,68.3735,0,0,0,0.999985,0,-0.00546692,0,0,-0.00235115,0,96.48,1.02565,-14.3023,0,2508.75,19.5908,-0,-35.89,128.073,128.073,2.5296,10,0,0,-0.00570206,-0,0.0109339,0,1
4.41,1.17828,0,150.026,-0.0740749,0,68.5317,0,0,0,0.999985,0,-0.00547868,0,0,-0.00234999,0,96.472,1.02562,-14.3317,0,2508.79,19.6315,-0,-36.0523,128.067,128.067,2.52944,10,0,0,-0.0057137,-0,0.0109574,0,1
4.42,1.17753,0,150.712,-0.0763367,0,68.69,0,0,0,0.999985,0,-0.00549042,0,0,-0.00234883,0,96.464,1.02558,-14.3611,0,2508.83,19.6721,-0,-36.215,128.06,128.06,2.52928,10,0,0,-0.00572533,-0,0.0109809,0,1
4.43,1.17675,0,151.4,-0.0786034,0,68.8482,0,0,0,0.999985,0,-0.00550216,0,0,-0.00234766,0,96.456,1.02555,-14.3905,0,2508.87,19.7128,-0,-36.378,128.053,128.053,2.52912,10,0,0,-0.00573696,-0,0.0110044,0,1
4.44,1.17596,0,152.089,-0.080875,0,69.0064,0,0,0,0.999985,0,-0.0055139,0,0,-0.00234649,0,96.448,1.02551,-14.4199,0,2508.91,19.7534,-0,-36.5414,128.047,128.047,2.52896,10,0,0,-0.00574858,-0,0.0110279,0,1
4.45,1.17514,0,152.78,-0.0831515,0,69.1646,0,0,0,0.999985,0,-0.00552563,0,0,-0.00234532,0,96.44,1.02548,-14.4493,0,2508.95,19.794,-0,-36.7051,128.04,128.04,2.5288,10,0,0,-0.00576019,-0,0.0110513,0,1
4.46,1.17429,0,153.472,-0.0854329,0,69.3229,0,0,0,0.999985,0,-0.00553735,0,0,-0.00234414,0,96.432,1.02544,-14.4786,0,2508.99,19.8346,-0,-36.8692,128.034,128.034,2.52864,10,0,0,-0.00577179,-0,0.0110748,0,1
4.47,1.17343,0,154.166,-0.0877192,0,69.4811,0,0,0,0.999985,0,-0.00554907,0,0,-0.00234295,0,96.424,1.02541,-14.508,0,2509.03,19.8751,-0,-37.0337,128.027,128.027,2.52848,10,0,0,-0.00578339,-0,0.0110982,0,1
4.48,1.17254,0,154.862,-0.0900103,0,69.6394,0,0,0,0.999985,0,-0.00556078,0,0,-0.00234177,0,96.416,1.02537,-14.5373,0,2509.07,19.9156,-0,-37.1985,128.02,128.02,2.52832,10,0,0,-0.00579499,-0,0.0111216,0,1
4.49,1.17163,0,155.559,-0.0923064,0,69.7977,0,0,0,0.999984,0,-0.00557249,0,0,-0.00234057,0,96.408,1.02533,-14.5666,0,2509.11,19.9562,-0,-37.3637,128.014,128.014,2.52816,10,0,0,-0.00580657,-0,0.011145,0,1
4.5,1.17069,0,156.258,-0.0946074,0,69.956,0,0,0,0.999984,0,-0.00558419,0,0,-0.00233938,0,96.4,1.0253,-14.5959,0,2509.15,19.9967,-0,-37.5293,128.007,128.007,2.528,10,0,0,-0.00581815,-0,0.0111684,0,1
4.51,1.16974,0,156.958,-0.0969132,0,70.1142,0,0,0,0.999984,0,-0.00559588,0,0,-0.00233818,0,96.392,1.02526,-14.6252,0,2509.19,20.0371,-0,-37.6952,128.001,128.001,2.52784,10,0,0,-0.00582973,-0,0.0111918,0,1
4.52,1.16876,0,157.66,-0.0992239,0,70.2725,0,0,0,0.999984,0,-0.00560757,0,0,-0.00233697,0,96.384,1.02523,-14.6544,0,2509.23,20.0776,-0,-37.8615,127.994,127.994,2.52768,10,0,0,-0.00584129,-0,0.0112152,0,1
4.53,1.16775,0,158.364,-0.101539,0,70.4308,0,0,0,0.999984,0,-0.00561925,0,0,-0.00233577,0,96.376,1.02519,-14.6837,0,2509.27,20.1181,-0,-38.0281,127.987,127.987,2.52752,10,0,0,-0.00585285,-0,0.0112386,0,1
4.54,1.16672,0,159.069,-0.10386,0,70.5892,0,0,0,0.999984,0,-0.00563092,0,0,-0.00233456,0,96.368,1.02516,-14.7129,0,2509.31,20.1585,-0,-38.1951,127.981,127.981,2.52736,10,0,0,-0.00586441,-0,0.0112619,0,1
4.55,1.16567,0,159.775,-0.106185,0,70.7475,0,0,0,0.999984,0,-0.00564259,0,0,-0.00233334,0,96.36,1.02512,-14.7421,0,2509.36,20.1989,-0,-38.3625,127.974,127.974,2.5272,10,0,0,-0.00587596,-0,0.0112852,0,1
4.56,1.1646,0,160.484,-0.108515,0,70.9058,0,0,0,0.999984,0,-0.00565426,0,0,-0.00233213,0,96.352,1.02509,-14.7713,0,2509.4,20.2393,-0,-38.5302,127.968,127.968,2.52704,10,0,0,-0.0058875,-0,0.0113086,0,1
4.57,1.1635,0,161.194,-0.110851,0,71.0641,0,0,0,0.999984,0,-0.00566591,0,0,-0.0023309,0,96.344,1.02505,-14.8005,0,2509.44,20.2797,-0,-38.6983,127.961,127.961,2.52688,10,0,0,-0.00589904,-0,0.0113319,0,1
4.58,1.16238,0,161.905,-0.11319,0,71.2225,0,0,0,0.999984,0,-0.00567757,0,0,-0.00232968,0,96.336,1.02502,-14.8297,0,2509.48,20.32,-0,-38.8667,127.954,127.954,2.52672,10,0,0,-0.00591056,-0,0.0113552,0,1
4.59,1.16124,0,162.618,-0.115535,0,71.3808,0,0,0,0.999984,0,-0.00568921,0,0,-0.00232845,0,96.328,1.02498,-14.8589,0,2509.52,20.3603,-0,-39.0355,127.948,127.948,2.52656,10,0,0,-0.00592209,-0,0.0113785,0,1
4.6,1.16007,0,163.333,-0.117885,0,71.5392,0,0,0,0.999984,0,-0.00570085,0,0,-0.00232722,0,96.32,1.02495,-14.888,0,2509.56,20.4007,-0,-39.2047,127.941,127.941,2.5264,10,0,0,-0.0059336,-0,0.0114018,0,1
4.61,1.15888,0,164.049,-0.120239,0,71.6976,0,0,0,0.999984,0,-0.00571248,0,0,-0.00232599,0,96.312,1.02491,-14.9172,0,2509.6,20.441,-0,-39.3742,127.935,127.935,2.52624,10,0,0,-0.00594511,-0,0.011425,0,1
4.62,1.15767,0,164.767,-0.122599,0,71.8559,0,0,0,0.999984,0,-0.00572411,0,0,-0.00232475,0,96.304,1.02488,-14.9463,0,2509.65,20.4812,-0,-39.5441,127.928,127.928,2.52608,10,0,0,-0.00595662,-0,0.0114483,0,1
4.63,1.15643,0,165.486,-0.124963,0,72.0143,0,0,0,0.999984,0,-0.00573573,0,0,-0.00232351,0,96.296,1.02484,-14.9754,0,2509.69,20.5215,-0,-39.7143,127.921,127.921,2.52592,10,0,0,-0.00596811,-0,0.0114715,0,1
4.64,1.15517,0,166.207,-0.127332,0,72.1727,0,0,0,0.999983,0,-0.00574734,0,0,-0.00232227,0,96.288,1.02481,-15.0045,0,2509.73,20.5617,-0,-39.8849,127.915,127.915,2.52576,10,0,0,-0.0059796,-0,0.0114948,0,1
4.65,1.15388,0,166.929,-0.129706,0,72.3311,0,0,0,0.999983,0,-0.00575895,0,0,-0.00232102,0,96.28,1.02477,-15.0336,0,2509.77,20.602,-0,-40.0559,127.908,127.908,2.5256,10,0,0,-0.00599109,-0,0.011518,0,1
4.66,1.15257,0,167.653,-0.132085,0,72.4895,0,0,0,0.999983,0,-0.00577055,0,0,-0.00231978,0,96.272,1.02474,-15.0626,0,2509.81,20.6422,-0,-40.2272,127.902,127.902,2.52544,10,0,0,-0.00600256,-0,0.0115412,0,1
4.67,1.15124,0,168.379,-0.134468,0,72.648,0,0,0,0.999983,0,-0.00578215,0,0,-0.00231853,0,96.264,1.0247,-15.0917,0,2509.86,20.6823,-0,-40.3989,127.895,127.895,2.52528,10,0,0,-0.00601403,-0,0.0115644,0,1
4.68,1.14989,0,169.106,-0.136856,0,72.8064,0,0,0,0.999983,0,-0.00579374,0,0,-0.00231727,0,96.256,1.02466,-15.1207,0,2509.9,20.7225,-0,-40.5709,127.888,127.888,2.52512,10,0,0,-0.0060255,-0,0.0115875,0,1
4.69,1.1485,0,169.835,-0.13925,0,72.9648,0,0,0,0.999983,0,-0.00580532,0,0,-0.00231602,0,96.248,1.02463,-15.1497,0,2509.94,20.7626,-0,-40.7433,127.882,127.882,2.52496,10,0,0,-0.00603696,-0,0.0116107,0,1
4.7,1.1471,0,170.566,-0.141648,0,73.1232,0,0,0,0.999983,0,-0.0058169,0,0,-0.00231476,0,96.24,1.02459,-15.1787,0,2509.98,20.8028,-0,-40.9161,127.875,127.875,2.5248,10,0,0,-0.00604841,-0,0.0116339,0,1
4.71,1.14567,0,171.298,-0.144051,0,73.2817,0,0,0,0.999983,0,-0.00582847,0,0,-0.00231349,0,96.232,1.02456,-15.2077,0,2510.03,20.8429,-0,-41.0892,127.869,127.869,2.52464,10,0,0,-0.00605985,-0,0.011657,0,1
4.72,1.14422,0,172.031,-0.146458,0,73.4402,0,0,0,0.999983,0,-0.00584003,0,0,-0.00231223,0,96.224,1.02452,-15.2367,0,2510.07,20.883,-0,-41.2626,127.862,127.862,2.52448,10,0,0,-0.00607129,-0,0.0116801,0,1
4.73,1.14274,0,172.767,-0.148871,0,73.5986,0,0,0,0.999983,0,-0.00585159,0,0,-0.00231096,0,96.216,1.02449,-15.2656,0,2510.11,20.923,-0,-41.4365,127.855,127.855,2.52432,10,0,0,-0.00608272,-0,0.0117032,0,1
4.74,1.14124,0,173.503,-0.151288,0,73.7571,0,0,0,0.999983,0,-0.00586314,0,0,-0.00230969,0,96.208,1.02445,-15.2946,0,2510.15,20.9631,-0,-41.6107,127.849,127.849,2.52416,10,0,0,-0.00609414,-0,0.0117264,0,1
4.75,1.13972,0,174.242,-0.15371,0,73.9156,0,0,0,0.999983,0,-0.00587469,0,0,-0.00230842,0,96.2,1.02442,-15.3235,0,2510.2,21.0031,-0,-41.7852,127.842,127.842,2.524,10,0,0,-0.00610556,-0,0.0117494,0,1
4.76,1.13817,0,174.982,-0.156137,0,74.074,0,0,0,0.999983,0,-0.00588623,0,0,-0.00230714,0,96.192,1.02438,-15.3524,0,2510.24,21.0431,-0,-41.9601,127.836,127.836,2.52384,10,0,0,-0.00611697,-0,0.0117725,0,1
4.77,1.13659,0,175.723,-0.158569,0,74.2325,0,0,0,0.999983,0,-0.00589776,0,0,-0.00230587,0,96.184,1.02435,-15.3813,0,2510.28,21.0831,-0,-42.1354,127.829,127.829,2.52368,10,0,0,-0.00612838,-0,0.0117956,0,1
4.78,1.135,0,176.466,-0.161005,0,74.391,0,0,0,0.999983,0,-0.00590928,0,0,-0.00230459,0,96.176,1.02431,-15.4102,0,2510.33,21.1231,-0,-42.311,127.822,127.822,2.52352,10,0,0,-0.00613978,-0,0.0118186,0,1
4.79,1.13337,0,177.211,-0.163447,0,74.5495,0,0,0,0.999982,0,-0.0059208,0,0,-0.0023033,0,96.168,1.02428,-15.439,0,2510.37,21.163,-0,-42.487,127.816,127.816,2.52336,10,0,0,-0.00615117,-0,0.0118417,0,1
4.8,1.13173,0,177.957,-0.165893,0,74.7081,0,0,0,0.999982,0,-0.00593232,0,0,-0.00230202,0,96.16,1.02424,-15.4679,0,2510.41,21.2029,-0,-42.6633,127.809,127.809,2.5232,10,0,0,-0.00616255,-0,0.0118647,0,1
4.81,1.13006,0,178.705,-0.168344,0,74.8666,0,0,0,0.999982,0,-0.00594382,0,0,-0.00230073,0,96.152,1.02421,-15.4967,0,2510.46,21.2429,-0,-42.84,127.803,127.803,2.52304,10,0,0,-0.00617393,-0,0.0118877,0,1
4.82,1.12836,0,179.455,-0.1708,0,75.0251,0,0,0,0.999982,0,-0.00595532,0,0,-0.00229944,0,96.144,1.02417,-15.5255,0,2510.5,21.2827,-0,-43.017,127.796,127.796,2.52288,10,0,0,-0.0061853,-0,0.0119107,0,1
4.83,1.12664,0,180.206,-0.17326,0,75.1837,0,0,0,0.999982,0,-0.00596682,0,0,-0.00229815,0,96.136,1.02413,-15.5543,0,2510.54,21.3226,-0,-43.1944,127.789,127.789,2.52272,10,0,0,-0.00619667,-0,0.0119337,0,1
4.84,1.1249,0,180.958,-0.175726,0,75.3422,0,0,0,0.999982,0,-0.0059783,0,0,-0.00229685,0,96.128,1.0241,-15.5831,0,2510.59,21.3625,-0,-43.3722,127.783,127.783,2.52256,10,0,0,-0.00620802,-0,0.0119567,0,1
4.85,1.12313,0,181.712,-0.178196,0,75.5008,0,0,0,0.999982,0,-0.00598978,0,0,-0.00229555,0,96.12,1.02406,-15.6119,0,2510.63,21.4023,-0,-43.5503,127.776,127.776,2.5224,10,0,0,-0.00621938,-0,0.0119796,0,1
4.86,1.12133,0,182.468,-0.180671,0,75.6593,0,0,0,0.999982,0,-0.00600126,0,0,-0.00229425,0,96.112,1.02403,-15.6407,0,2510.67,21.4421,-0,-43.7288,127.77,127.77,2.52224,10,0,0,-0.00623072,-0,0.0120026,0,1
4.87,1.11951,0,183.226,-0.18315,0,75.8179,0,0,0,0.999982,0,-0.00601273,0,0,-0.00229295,0,96.104,1.02399,-15.6694,0,2510.72,21.4819,-0,-43.9076,127.763,127.763,2.52208,10,0,0,-0.00624206,-0,0.0120255,0,1
4.88,1.11767,0,183.985,-0.185635,0,75.9765,0,0,0,0.999982,0,-0.00602419,0,0,-0.00229164,0,96.096,1.02396,-15.6981,0,2510.76,21.5217,-0,-44.0868,127.756,127.756,2.52192,10,0,0,-0.00625339,-0,0.0120484,0,1
4.89,1.1158,0,184.745,-0.188124,0,76.135,0,0,0,0.999982,0,-0.00603564,0,0,-0.00229033,0,96.088,1.02392,-15.7268,0,2510.81,21.5614,-0,-44.2664,127.75,127.75,2.52176,10,0,0,-0.00626471,-0,0.0120714,0,1
4.9,1.11391,0,185.507,-0.190618,0,76.2936,0,0,0,0.999982,0,-0.00604709,0,0,-0.00228902,0,96.08,1.02389,-15.7555,0,2510.85,21.6011,-0,-44.4463,127.743,127.743,2.5216,10,0,0,-0.00627603,-0,0.0120943,0,1
4.91,1.11199,0,186.271,-0.193116,0,76.4522,0,0,0,0.999982,0,-0.00605853,0,0,-0.00228771,0,96.072,1.02385,-15.7842,0,2510.89,21.6408,-0,-44.6265,127.737,127.737,2.52144,10,0,0,-0.00628734,-0,0.0121171,0,1
4.92,1.11004,0,187.036,-0.19562,0,76.6108,0,0,0,0.999982,0,-0.00606997,0,0,-0.00228639,0,96.064,1.02382,-15.8129,0,2510.94,21.6805,-0,-44.8071,127.73,127.73,2.52128,10,0,0,-0.00629864,-0,0.01214,0,1
4.93,1.10807,0,187.803,-0.198128,0,76.7694,0,0,0,0.999982,0,-0.0060814,0,0,-0.00228508,0,96.056,1.02378,-15.8415,0,2510.98,21.7202,-0,-44.9881,127.724,127.724,2.52112,10,0,0,-0.00630994,-0,0.0121629,0,1
4.94,1.10608,0,188.572,-0.200641,0,76.9281,0,0,0,0.999981,0,-0.00609282,0,0,-0.00228376,0,96.048,1.02375,-15.8702,0,2511.03,21.7598,-0,-45.1694,127.717,127.717,2.52096,10,0,0,-0.00632123,-0,0.0121857,0,1
4.95,1.10406,0,189.342,-0.203159,0,77.0867,0,0,0,0.999981,0,-0.00610423,0,0,-0.00228243,0,96.04,1.02371,-15.8988,0,2511.07,21.7995,-0,-45.3511,127.71,127.71,2.5208,10,0,0,-0.00633251,-0,0.0122085,0,1
4.96,1.10202,0,190.113,-0.205682,0,77.2453,0,0,0,0.999981,0,-0.00611564,0,0,-0.00228111,0,96.032,1.02368,-15.9274,0,2511.12,21.8391,-0,-45.5331,127.704,127.704,2.52064,10,0,0,-0.00634379,-0,0.0122314,0,1
4.97,1.09995,0,190.887,-0.208209,0,77.404,0,0,0,0.999981,0,-0.00612704,0,0,-0.00227978,0,96.024,1.02364,-15.956,0,2511.16,21.8787,-0,-45.7155,127.697,127.697,2.52048,10,0,0,-0.00635506,-0,0.0122542,0,1
4.98,1.09785,0,191.662,-0.210741,0,77.5626,0,0,0,0.999981,0,-0.00613844,0,0,-0.00227845,0,96.016,1.0236,-15.9845,0,2511.21,21.9182,-0,-45.8982,127.691,127.691,2.52032,10,0,0,-0.00636632,-0,0.012277,0,1
4.99,1.09573,0,192.438,-0.213278,0,77.7213,0,0,0,0.999981,0,-0.00614983,0,0,-0.00227712,0,96.008,1.02357,-16.0131,0,2511.25,21.9578,-0,-46.0813,127.684,127.684,2.52016,10,0,0,-0.00637758,-0,0.0122997,0,1
5,1.09359,0,193.216,-0.215819,0,77.8799,0,0,0,0.999981,0,-0.00616121,0,0,-0.00227578,0,96,1.02353,-16.0416,0,2511.3,21.9973,-0,-46.2648,127.677,127.677,2.52,10,0,0,-0.00638883,-0,0.0123225,0,1
5.01,1.09142,0,193.996,-0.218365,0,78.0386,0,0,0,0.999981,0,-0.00617259,0,0,-0.00227444,0,95.992,1.0235,-16.0702,0,2511.34,22.0368,-0,-46.4486,127.671,127.671,2.51984,10,0,0,-0.00640007,-0,0.0123452,0,1
5.02,1.08922,0,194.777,-0.220916,0,78.1973,0,0,0,0.999981,0,-0.00618395,0,0,-0.0022731,0,95.984,1.02346,-16.0987,0,2511.39,22.0763,-0,-46.6327,127.664,127.664,2.51968,10,0,0,-0.0064113,-0,0.012368,0,1
5.03,1.087,0,195.56,-0.223472,0,78.3559,0,0,0,0.999981,0,-0.00619532,0,0,-0.00227176,0,95.976,1.02343,-16.1272,0,2511.43,22.1157,-0,-46.8173,127.658,127.658,2.51952,10,0,0,-0.00642253,-0,0.0123907,0,1
5.04,1.08475,0,196.344,-0.226032,0,78.5146,0,0,0,0.999981,0,-0.00620667,0,0,-0.00227041,0,95.968,1.02339,-16.1556,0,2511.48,22.1552,-0,-47.0021,127.651,127.651,2.51936,10,0,0,-0.00643375,-0,0.0124134,0,1
5.05,1.08248,0,197.13,-0.228597,0,78.6733,0,0,0,0.999981,0,-0.00621802,0,0,-0.00226907,0,95.96,1.02336,-16.1841,0,2511.52,22.1946,-0,-47.1873,127.644,127.644,2.5192,10,0,0,-0.00644497,-0,0.0124361,0,1
5.06,1.08018,0,197.917,-0.231167,0,78.832,0,0,0,0.999981,0,-0.00622936,0,0,-0.00226772,0,95.952,1.02332,-16.2125,0,2511.57,22.234,-0,-47.3729,127.638,127.638,2.51904,10,0,0,-0.00645617,-0,0.0124588,0,1
5.07,1.07785,0,198.706,-0.233742,0,78.9907,0,0,0,0.999981,0,-0.0062407,0,0,-0.00226636,0,95.944,1.02329,-16.241,0,2511.62,22.2734,-0,-47.5588,127.631,127.631,2.51888,10,0,0,-0.00646737,-0,0.0124815,0,1
5.08,1.0755,0,199.497,-0.236321,0,79.1494,0,0,0,0.99998,0,-0.00625202,0,0,-0.00226501,0,95.936,1.02325,-16.2694,0,2511.66,22.3127,-0,-47.7451,127.625,127.625,2.51872,10,0,0,-0.00647857,-0,0.0125041,0,1
5.09,1.07313,0,200.289,-0.238905,0,79.3082,0,0,0,0.99998,0,-0.00626335,0,0,-0.00226365,0,95.928,1.02321,-16.2978,0,2511.71,22.3521,-0,-47.9317,127.618,127.618,2.51856,10,0,0,-0.00648975,-0,0.0125268,0,1
5.1,1.07073,0,201.083,-0.241494,0,79.4669,0,0,0,0.99998,0,-0.00627466,0,0,-0.00226229,0,95.92,1.02318,-16.3262,0,2511.75,22.3914,-0,-48.1187,127.611,127.611,2.5184,10,0,0,-0.00650093,-0,0.0125494,0,1
5.11,1.0683,0,201.879,-0.244087,0,79.6256,0,0,0,0.99998,0,-0.00628597,0,0,-0.00226093,0,95.912,1.02314,-16.3545,0,2511.8,22.4307,-0,-48.3061,127.605,127.605,2.51824,10,0,0,-0.0065121,-0,0.012572,0,1
5.12,1.06584,0,202.676,-0.246685,0,79.7844,0,0,0,0.99998,0,-0.00629727,0,0,-0.00225956,0,95.904,1.02311,-16.3829,0,2511.84,22.4699,-0,-48.4938,127.598,127.598,2.51808,10,0,0,-0.00652327,-0,0.0125946,0,1
5.13,1.06336,0,203.474,-0.249288,0,79.9431,0,0,0,0.99998,0,-0.00630856,0,0,-0.0022582,0,95.896,1.02307,-16.4112,0,2511.89,22.5092,-0,-48.6818,127.592,127.592,2.51792,10,0,0,-0.00653442,-0,0.0126172,0,1
5.14,1.06086,0,204.275,-0.251895,0,80.1019,0,0,0,0.99998,0,-0.00631985,0,0,-0.00225683,0,95.888,1.02304,-16.4395,0,2511.94,22.5484,-0,-48.8702,127.585,127.585,2.51776,10,0,0,-0.00654558,-0,0.0126398,0,1
5.15,1.05833,0,205.077,-0.254507,0,80.2606,0,0,0,0.99998,0,-0.00633113,0,0,-0.00225545,0,95.88,1.023,-16.4678,0,2511.98,22.5876,-0,-49.0589,127.578,127.578,2.5176,10,0,0,-0.00655672,-0,0.0126623,0,1
5.16,1.05577,0,205.88,-0.257124,0,80.4194,0,0,0,0.99998,0,-0.0063424,0,0,-0.00225408,0,95.872,1.02297,-16.4961,0,2512.03,22.6268,-0,-49.248,127.572,127.572,2.51744,10,0,0,-0.00656785,-0,0.0126849,0,1
5.17,1.05318,0,206.685,-0.259746,0,80.5782,0,0,0,0.99998,0,-0.00635367,0,0,-0.0022527,0,95.864,1.02293,-16.5244,0,2512.08,22.666,-0,-49.4375,127.565,127.565,2.51728,10,0,0,-0.00657898,-0,0.0127074,0,1
5.18,1.05057,0,207.491,-0.262372,0,80.737,0,0,0,0.99998,0,-0.00636493,0,0,-0.00225132,0,95.856,1.0229,-16.5526,0,2512.12,22.7051,-0,-49.6273,127.559,127.559,2.51712,10,0,0,-0.00659011,-0,0.0127299,0,1
5.19,1.04794,0,208.3,-0.265003,0,80.8957,0,0,0,0.99998,0,-0.00637618,0,0,-0.00224994,0,95.848,1.02286,-16.5808,0,2512.17,22.7442,-0,-49.8175,127.552,127.552,2.51696,10,0,0,-0.00660122,-0,0.0127525,0,1
5.2,1.04527,0,209.109,-0.267638,0,81.0545,0,0,0,0.99998,0,-0.00638743,0,0,-0.00224856,0,95.84,1.02283,-16.6091,0,2512.22,22.7833,-0,-50.008,127.545,127.545,2.5168,10,0,0,-0.00661233,-0,0.0127749,0,1
5.21,1.04258,0,209.921,-0.270279,0,81.2133,0,0,0,0.99998,0,-0.00639867,0,0,-0.00224717,0,95.832,1.02279,-16.6373,0,2512.26,22.8224,-0,-50.1988,127.539,127.539,2.51664,10,0,0,-0.00662343,-0,0.0127974,0,1
5.22,1.03987,0,210.734,-0.272923,0,81.3721,0,0,0,0.999979,0,-0.0064099,0,0,-0.00224578,0,95.824,1.02275,-16.6654,0,2512.31,22.8615,-0,-50.39,127.532,127.532,2.51648,10,0,0,-0.00663452,-0,0.0128199,0,1
5.23,1.03713,0,211.548,-0.275573,0,81.5309,0,0,0,0.999979,0,-0.00642113,0,0,-0.00224439,0,95.816,1.02272,-16.6936,0,2512.36,22.9005,-0,-50.5816,127.526,127.526,2.51632,10,0,0,-0.00664561,-0,0.0128423,0,1
5.24,1.03436,0,212.364,-0.278227,0,81.6898,0,0,0,0.999979,0,-0.00643234,0,0,-0.002243,0,95.808,1.02268,-16.7218,0,2512.41,22.9395,-0,-50.7735,127.519,127.519,2.51616,10,0,0,-0.00665669,-0,0.0128648,0,1
5.25,1.03156,0,213.182,-0.280886,0,81.8486,0,0,0,0.999979,0,-0.00644356,0,0,-0.0022416,0,95.8,1.02265,-16.7499,0,2512.45,22.9785,-0,-50.9657,127.512,127.512,2.516,10,0,0,-0.00666776,-0,0.0128872,0,1
5.26,1.02874,0,214.001,-0.28355,0,82.0074,0,0,0,0.999979,0,-0.00645476,0,0,-0.0022402,0,95.792,1.02261,-16.778,0,2512.5,23.0175,-0,-51.1584,127.506,127.506,2.51584,10,0,0,-0.00667882,-0,0.0129096,0,1
5.27,1.02589,0,214.822,-0.286218,0,82.1663,0,0,0,0.999979,0,-0.00646596,0,0,-0.0022388,0,95.784,1.02258,-16.8061,0,2512.55,23.0564,-0,-51.3513,127.499,127.499,2.51568,10,0,0,-0.00668988,-0,0.012932,0,1
5.28,1.02301,0,215.645,-0.288891,0,82.3251,0,0,0,0.999979,0,-0.00647715,0,0,-0.0022374,0,95.776,1.02254,-16.8342,0,2512.6,23.0953,-0,-51.5446,127.493,127.493,2.51552,10,0,0,-0.00670093,-0,0.0129544,0,1
5.29,1.02011,0,216.469,-0.291568,0,82.484,0,0,0,0.999979,0,-0.00648833,0,0,-0.00223599,0,95.768,1.02251,-16.8623,0,2512.64,23.1342,-0,-51.7383,127.486,127.486,2.51536,10,0,0,-0.00671198,-0,0.0129768,0,1
5.3,1.01718,0,217.294,-0.29425,0,82.6428,0,0,0,0.999979,0,-0.00649951,0,0,-0.00223459,0,95.76,1.02247,-16.8903,0,2512.69,23.1731,-0,-51.9323,127.479,127.479,2.5152,10,0,0,-0.00672301,-0,0.0129991,0,1
5.31,1.01423,0,218.121,-0.296937,0,82.8017,0,0,0,0.999979,0,-0.00651068,0,0,-0.00223317,0,95.752,1.02243,-16.9184,0,2512.74,23.212,-0,-52.1266,127.473,127.473,2.51504,10,0,0,-0.00673404,-0,0.0130214,0,1
5.32,1.01124,0,218.95,-0.299628,0,82.9605,0,0,0,0.999979,0,-0.00652184,0,0,-0.00223176,0,95.744,1.0224,-16.9464,0,2512.79,23.2508,-0,-52.3214,127.466,127.466,2.51488,10,0,0,-0.00674506,-0,0.0130438,0,1
5.33,1.00823,0,219.781,-0.302324,0,83.1194,0,0,0,0.999979,0,-0.00653299,0,0,-0.00223035,0,95.736,1.02236,-16.9744,0,2512.83,23.2896,-0,-52.5164,127.46,127.46,2.51472,10,0,0,-0.00675607,-0,0.0130661,0,1
5.34,1.0052,0,220.613,-0.305025,0,83.2783,0,0,0,0.999979,0,-0.00654414,0,0,-0.00222893,0,95.728,1.02233,-17.0024,0,2512.88,23.3284,-0,-52.7118,127.453,127.453,2.51456,10,0,0,-0.00676708,-0,0.0130884,0,1
5.35,1.00213,0,221.446,-0.30773,0,83.4372,0,0,0,0.999979,0,-0.00655528,0,0,-0.00222751,0,95.72,1.02229,-17.0303,0,2512.93,23.3672,-0,-52.9076,127.446,127.446,2.5144,10,0,0,-0.00677808,-0,0.0131107,0,1
5.36,0.999043,0,222.281,-0.31044,0,83.5961,0,0,0,0.999978,0,-0.00656642,0,0,-0.00222609,0,95.712,1.02226,-17.0583,0,2512.98,23.406,-0,-53.1037,127.44,127.44,2.51424,10,0,0,-0.00678907,-0,0.0131329,0,1
5.37,0.995925,0,223.118,-0.313154,0,83.755,0,0,0,0.999978,0,-0.00657754,0,0,-0.00222467,0,95.704,1.02222,-17.0862,0,2513.03,23.4447,-0,-53.3001,127.433,127.433,2.51408,10,0,0,-0.00680006,-0,0.0131552,0,1
5.38,0.99278,0,223.957,-0.315874,0,83.9139,0,0,0,0.999978,0,-0.00658866,0,0,-0.00222324,0,95.696,1.02219,-17.1142,0,2513.08,23.4834,-0,-53.4969,127.427,127.427,2.51392,10,0,0,-0.00681103,-0,0.0131774,0,1
5.39,0.989607,0,224.796,-0.318597,0,84.0728,0,0,0,0.999978,0,-0.00659977,0,0,-0.00222181,0,95.688,1.02215,-17.1421,0,2513.12,23.5221,-0,-53.6941,127.42,127.42,2.51376,10,0,0,-0.006822,-0,0.0131996,0,1
5.4,0.986408,0,225.638,-0.321326,0,84.2317,0,0,0,0.999978,0,-0.00661088,0,0,-0.00222038,0,95.68,1.02212,-17.1699,0,2513.17,23.5607,-0,-53.8916,127.413,127.413,2.5136,10,0,0,-0.00683297,-0,0.0132219,0,1
5.41,0.983181,0,226.481,-0.324059,0,84.3906,0,0,0,0.999978,0,-0.00662198,0,0,-0.00221895,0,95.672,1.02208,-17.1978,0,2513.22,23.5994,-0,-54.0894,127.407,127.407,2.51344,10,0,0,-0.00684392,-0,0.0132441,0,1
5.42,0.979927,0,227.326,-0.326796,0,84.5496,0,0,0,0.999978,0,-0.00663307,0,0,-0.00221751,0,95.664,1.02204,-17.2257,0,2513.27,23.638,-0,-54.2876,127.4,127.4,2.51328,10,0,0,-0.00685487,-0,0.0132662,0,1
5.43,0.976645,0,228.172,-0.329538,0,84.7085,0,0,0,0.999978,0,-0.00664415,0,0,-0.00221608,0,95.656,1.02201,-17.2535,0,2513.32,23.6766,-0,-54.4861,127.394,127.394,2.51312,10,0,0,-0.00686581,-0,0.0132884,0,1
5.44,0.973336,0,229.02,-0.332285,0,84.8674,0,0,0,0.999978,0,-0.00665523,0,0,-0.00221464,0,95.648,1.02197,-17.2813,0,2513.37,23.7151,-0,-54.685,127.387,127.387,2.51296,10,0,0,-0.00687674,-0,0.0133106,0,1
5.45,0.969999,0,229.869,-0.335036,0,85.0264,0,0,0,0.999978,0,-0.0066663,0,0,-0.0022132,0,95.64,1.02194,-17.3091,0,2513.42,23.7537,-0,-54.8843,127.38,127.38,2.5128,10,0,0,-0.00688767,-0,0.0133327,0,1
5.46,0.966635,0,230.72,-0.337792,0,85.1853,0,0,0,0.999978,0,-0.00667736,0,0,-0.00221175,0,95.632,1.0219,-17.3369,0,2513.47,23.7922,-0,-55.0838,127.374,127.374,2.51264,10,0,0,-0.00689858,-0,0.0133548,0,1
5.47,0.963243,0,231.573,-0.340553,0,85.3443,0,0,0,0.999978,0,-0.00668841,0,0,-0.00221031,0,95.624,1.02187,-17.3647,0,2513.52,23.8307,-0,-55.2838,127.367,127.367,2.51248,10,0,0,-0.0069095,-0,0.0133769,0,1
5.48,0.959824,0,232.427,-0.343318,0,85.5032,0,0,0,0.999978,0,-0.00669946,0,0,-0.00220886,0,95.616,1.02183,-17.3924,0,2513.57,23.8692,-0,-55.484,127.361,127.361,2.51232,10,0,0,-0.0069204,-0,0.013399,0,1
5.49,0.956377,0,233.283,-0.346087,0,85.6622,0,0,0,0.999977,0,-0.0067105,0,0,-0.00220741,0,95.608,1.0218,-17.4201,0,2513.61,23.9077,-0,-55.6847,127.354,127.354,2.51216,10,0,0,-0.00693129,-0,0.0134211,0,1
5.5,0.952902,0,234.141,-0.348861,0,85.8212,0,0,0,0.999977,0,-0.00672154,0,0,-0.00220596,0,95.6,1.02176,-17.4479,0,2513.66,23.9461,-0,-55.8856,127.347,127.347,2.512,10,0,0,-0.00694218,-0,0.0134432,0,1
5.51,0.9494,0,235,-0.35164,0,85.9802,0,0,0,0.999977,0,-0.00673256,0,0,-0.0022045,0,95.592,1.02172,-17.4756,0,2513.71,23.9845,-0,-56.0869,127.341,127.341,2.51184,10,0,0,-0.00695306,-0,0.0134652,0,1
5.52,0.94587,0,235.86,-0.354424,0,86.1392,0,0,0,0.999977,0,-0.00674358,0,0,-0.00220305,0,95.584,1.02169,-17.5032,0,2513.76,24.0229,-0,-56.2886,127.334,127.334,2.51168,10,0,0,-0.00696394,-0,0.0134873,0,1
5.53,0.942311,0,236.722,-0.357211,0,86.2981,0,0,0,0.999977,0,-0.00675459,0,0,-0.00220159,0,95.576,1.02165,-17.5309,0,2513.81,24.0613,-0,-56.4906,127.328,127.328,2.51152,10,0,0,-0.0069748,-0,0.0135093,0,1
5.54,0.938725,0,237.586,-0.360004,0,86.4571,0,0,0,0.999977,0,-0.0067656,0,0,-0.00220013,0,95.568,1.02162,-17.5586,0,2513.86,24.0996,-0,-56.6929,127.321,127.321,2.51136,10,0,0,-0.00698566,-0,0.0135313,0,1
5.55,0.935111,0,238.452,-0.362801,0,86.6161,0,0,0,0.999977,0,-0.00677659,0,0,-0.00219867,0,95.56,1.02158,-17.5862,0,2513.91,24.1379,-0,-56.8956,127.314,127.314,2.5112,10,0,0,-0.00699651,-0,0.0135533,0,1
5.56,0.931469,0,239.319,-0.365602,0,86.7752,0,0,0,0.999977,0,-0.00678758,0,0,-0.0021972,0,95.552,1.02155,-17.6138,0,2513.96,24.1762,-0,-57.0987,127.308,127.308,2.51104,10,0,0,-0.00700735,-0,0.0135753,0,1
5.57,0.927799,0,240.187,-0.368409,0,86.9342,0,0,0,0.999977,0,-0.00679856,0,0,-0.00219574,0,95.544,1.02151,-17.6414,0,2514.01,24.2145,-0,-57.3021,127.301,127.301,2.51088,10,0,0,-0.00701819,-0,0.0135972,0,1
5.58,0.924101,0,241.057,-0.371219,0,87.0932,0,0,0,0.999977,0,-0.00680954,0,0,-0.00219427,0,95.536,1.02148,-17.669,0,2514.06,24.2527,-0,-57.5058,127.294,127.294,2.51072,10,0,0,-0.00702902,-0,0.0136192,0,1
5.59,0.920375,0,241.929,-0.374034,0,87.2522,0,0,0,0.999977,0,-0.00682051,0,0,-0.0021928,0,95.528,1.02144,-17.6965,0,2514.11,24.291,-0,-57.7099,127.288,127.288,2.51056,10,0,0,-0.00703984,-0,0.0136411,0,1
5.6,0.91662,0,242.802,-0.376854,0,87.4112,0,0,0,0.999977,0,-0.00683147,0,0,-0.00219133,0,95.52,1.0214,-17.7241,0,2514.16,24.3292,-0,-57.9143,127.281,127.281,2.5104,10,0,0,-0.00705065,-0,0.013663,0,1
5.61,0.912838,0,243.677,-0.379678,0,87.5703,0,0,0,0.999977,0,-0.00684242,0,0,-0.00218985,0,95.512,1.02137,-17.7516,0,2514.21,24.3674,-0,-58.119,127.275,127.275,2.51024,10,0,0,-0.00706146,-0,0.0136849,0,1
5.62,0.909027,0,244.554,-0.382507,0,87.7293,0,0,0,0.999977,0,-0.00685336,0,0,-0.00218838,0,95.504,1.02133,-17.7791,0,2514.27,24.4055,-0,-58.3241,127.268,127.268,2.51008,10,0,0,-0.00707226,-0,0.0137068,0,1
5.63,0.905188,0,245.432,-0.385341,0,87.8884,0,0,0,0.999976,0,-0.0068643,0,0,-0.0021869,0,95.496,1.0213,-17.8066,0,2514.32,24.4437,-0,-58.5296,127.261,127.261,2.50992,10,0,0,-0.00708305,-0,0.0137287,0,1
5.64,0.90132,0,246.311,-0.388178,0,88.0474,0,0,0,0.999976,0,-0.00687523,0,0,-0.00218542,0,95.488,1.02126,-17.8341,0,2514.37,24.4818,-0,-58.7354,127.255,127.255,2.50976,10,0,0,-0.00709383,-0,0.0137506,0,1
5.65,0.897424,0,247.193,-0.391021,0,88.2065,0,0,0,0.999976,0,-0.00688616,0,0,-0.00218394,0,95.48,1.02123,-17.8615,0,2514.42,24.5199,-0,-58.9415,127.248,127.248,2.5096,10,0,0,-0.0071046,-0,0.0137724,0,1
5.66,0.8935,0,248.076,-0.393868,0,88.3655,0,0,0,0.999976,0,-0.00689707,0,0,-0.00218245,0,95.472,1.02119,-17.889,0,2514.47,24.5579,-0,-59.148,127.242,127.242,2.50944,10,0,0,-0.00711537,-0,0.0137943,0,1
5.67,0.889547,0,248.96,-0.396719,0,88.5246,0,0,0,0.999976,0,-0.00690798,0,0,-0.00218097,0,95.464,1.02115,-17.9164,0,2514.52,24.596,-0,-59.3548,127.235,127.235,2.50928,10,0,0,-0.00712613,-0,0.0138161,0,1
5.68,0.885565,0,249.846,-0.399575,0,88.6837,0,0,0,0.999976,0,-0.00691888,0,0,-0.00217948,0,95.456,1.02112,-17.9438,0,2514.57,24.634,-0,-59.562,127.228,127.228,2.50912,10,0,0,-0.00713688,-0,0.0138379,0,1
5.69,0.881555,0,250.734,-0.402435,0,88.8427,0,0,0,0.999976,0,-0.00692977,0,0,-0.00217799,0,95.448,1.02108,-17.9712,0,2514.62,24.672,-0,-59.7695,127.222,127.222,2.50896,10,0,0,-0.00714763,-0,0.0138597,0,1
5.7,0.877516,0,251.623,-0.4053,0,89.0018,0,0,0,0.999976,0,-0.00694066,0,0,-0.0021765,0,95.44,1.02105,-17.9986,0,2514.67,24.71,-0,-59.9773,127.215,127.215,2.5088,10,0,0,-0.00715837,-0,0.0138814,0,1
5.71,0.873449,0,252.514,-0.40817,0,89.1609,0,0,0,0.999976,0,-0.00695154,0,0,-0.002175,0,95.432,1.02101,-18.0259,0,2514.72,24.7479,-0,-60.1855,127.209,127.209,2.50864,10,0,0,-0.00716909,-0,0.0139032,0,1
5.72,0.869353,0,253.406,-0.411044,0,89.32,0,0,0,0.999976,0,-0.00696241,0,0,-0.00217351,0,95.424,1.02098,-18.0532,0,2514.78,24.7858,-0,-60.3941,127.202,127.202,2.50848,10,0,0,-0.00717982,-0,0.0139249,0,1
5.73,0.865228,0,254.3,-0.413922,0,89.4791,0,0,0,0.999976,0,-0.00697327,0,0,-0.00217201,0,95.416,1.02094,-18.0806,0,2514.83,24.8237,-0,-60.6029,127.195,127.195,2.50832,10,0,0,-0.00719053,-0,0.0139467,0,1
5.74,0.861075,0,255.196,-0.416805,0,89.6382,0,0,0,0.999976,0,-0.00698413,0,0,-0.00217051,0,95.408,1.02091,-18.1079,0,2514.88,24.8616,-0,-60.8121,127.189,127.189,2.50816,10,0,0,-0.00720124,-0,0.0139684,0,1
5.75,0.856892,0,256.093,-0.419692,0,89.7973,0,0,0,0.999976,0,-0.00699498,0,0,-0.00216901,0,95.4,1.02087,-18.1351,0,2514.93,24.8995,-0,-61.0217,127.182,127.182,2.508,10,0,0,-0.00721194,-0,0.0139901,0,1
5.76,0.852681,0,256.992,-0.422584,0,89.9564,0,0,0,0.999975,0,-0.00700582,0,0,-0.00216751,0,95.392,1.02083,-18.1624,0,2514.98,24.9373,-0,-61.2316,127.176,127.176,2.50784,10,0,0,-0.00722263,-0,0.0140118,0,1
5.77,0.84844,0,257.892,-0.425481,0,90.1155,0,0,0,0.999975,0,-0.00701665,0,0,-0.00216601,0,95.384,1.0208,-18.1897,0,2515.03,24.9751,-0,-61.4418,127.169,127.169,2.50768,10,0,0,-0.00723331,-0,0.0140334,0,1
5.78,0.844171,0,258.794,-0.428381,0,90.2746,0,0,0,0.999975,0,-0.00702748,0,0,-0.0021645,0,95.376,1.02076,-18.2169,0,2515.09,25.0129,-0,-61.6524,127.162,127.162,2.50752,10,0,0,-0.00724399,-0,0.0140551,0,1
5.79,0.839873,0,259.697,-0.431287,0,90.4338,0,0,0,0.999975,0,-0.0070383,0,0,-0.00216299,0,95.368,1.02073,-18.2441,0,2515.14,25.0507,-0,-61.8633,127.156,127.156,2.50736,10,0,0,-0.00725465,-0,0.0140767,0,1
5.8,0.835545,0,260.603,-0.434196,0,90.5929,0,0,0,0.999975,0,-0.00704911,0,0,-0.00216148,0,95.36,1.02069,-18.2713,0,2515.19,25.0884,-0,-62.0746,127.149,127.149,2.5072,10,0,0,-0.00726531,-0,0.0140983,0,1
5.81,0.831189,0,261.509,-0.437111,0,90.752,0,0,0,0.999975,0,-0.00705991,0,0,-0.00215997,0,95.352,1.02066,-18.2985,0,2515.24,25.1261,-0,-62.2862,127.143,127.143,2.50704,10,0,0,-0.00727597,-0,0.0141199,0,1
5.82,0.826803,0,262.418,-0.440029,0,90.9112,0,0,0,0.999975,0,-0.00707071,0,0,-0.00215846,0,95.344,1.02062,-18.3256,0,2515.29,25.1638,-0,-62.4982,127.136,127.136,2.50688,10,0,0,-0.00728661,-0,0.0141415,0,1
5.83,0.822388,0,263.328,-0.442952,0,91.0703,0,0,0,0.999975,0,-0.00708149,0,0,-0.00215695,0,95.336,1.02058,-18.3528,0,2515.35,25.2015,-0,-62.7104,127.129,127.129,2.50672,10,0,0,-0.00729725,-0,0.0141631,0,1
5.84,0.817944,0,264.239,-0.44588,0,91.2295,0,0,0,0.999975,0,-0.00709228,0,0,-0.00215543,0,95.328,1.02055,-18.3799,0,2515.4,25.2391,-0,-62.9231,127.123,127.123,2.50656,10,0,0,-0.00730788,-0,0.0141847,0,1
5.85,0.813471,0,265.152,-0.448812,0,91.3886,0,0,0,0.999975,0,-0.00710305,0,0,-0.00215391,0,95.32,1.02051,-18.407,0,2515.45,25.2768,-0,-63.136,127.116,127.116,2.5064,10,0,0,-0.0073185,-0,0.0142062,0,1
5.86,0.808968,0,266.067,-0.451749,0,91.5478,0,0,0,0.999975,0,-0.00711381,0,0,-0.00215239,0,95.312,1.02048,-18.4341,0,2515.5,25.3143,-0,-63.3493,127.11,127.11,2.50624,10,0,0,-0.00732911,-0,0.0142277,0,1
5.87,0.804436,0,266.983,-0.454689,0,91.707,0,0,0,0.999975,0,-0.00712457,0,0,-0.00215087,0,95.304,1.02044,-18.4611,0,2515.56,25.3519,-0,-63.563,127.103,127.103,2.50608,10,0,0,-0.00733972,-0,0.0142493,0,1
5.88,0.799874,0,267.901,-0.457635,0,91.8661,0,0,0,0.999975,0,-0.00713532,0,0,-0.00214935,0,95.296,1.02041,-18.4882,0,2515.61,25.3895,-0,-63.7769,127.096,127.096,2.50592,10,0,0,-0.00735032,-0,0.0142708,0,1
5.89,0.795283,0,268.82,-0.460585,0,92.0253,0,0,0,0.999974,0,-0.00714606,0,0,-0.00214782,0,95.288,1.02037,-18.5152,0,2515.66,25.427,-0,-63.9913,127.09,127.09,2.50576,10,0,0,-0.00736091,-0,0.0142923,0,1
5.9,0.790662,0,269.741,-0.463539,0,92.1845,0,0,0,0.999974,0,-0.0071568,0,0,-0.0021463,0,95.28,1.02034,-18.5423,0,2515.72,25.4645,-0,-64.2059,127.083,127.083,2.5056,10,0,0,-0.00737149,-0,0.0143137,0,1
5.91,0.786012,0,270.664,-0.466498,0,92.3437,0,0,0,0.999974,0,-0.00716753,0,0,-0.00214477,0,95.272,1.0203,-18.5693,0,2515.77,25.502,-0,-64.4209,127.077,127.077,2.50544,10,0,0,-0.00738207,-0,0.0143352,0,1
5.92,0.781332,0,271.588,-0.469461,0,92.5028,0,0,0,0.999974,0,-0.00717825,0,0,-0.00214324,0,95.264,1.02026,-18.5962,0,2515.82,25.5394,-0,-64.6362,127.07,127.07,2.50528,10,0,0,-0.00739263,-0,0.0143566,0,1
5.93,0.776623,0,272.514,-0.472428,0,92.662,0,0,0,0.999974,0,-0.00718896,0,0,-0.00214171,0,95.256,1.02023,-18.6232,0,2515.88,25.5769,-0,-64.8519,127.063,127.063,2.50512,10,0,0,-0.00740319,-0,0.014378,0,1
5.94,0.771884,0,273.442,-0.4754,0,92.8212,0,0,0,0.999974,0,-0.00719966,0,0,-0.00214018,0,95.248,1.02019,-18.6501,0,2515.93,25.6143,-0,-65.0679,127.057,127.057,2.50496,10,0,0,-0.00741374,-0,0.0143995,0,1
5.95,0.767115,0,274.371,-0.478376,0,92.9804,0,0,0,0.999974,0,-0.00721036,0,0,-0.00213864,0,95.24,1.02016,-18.6771,0,2515.98,25.6516,-0,-65.2843,127.05,127.05,2.5048,10,0,0,-0.00742429,-0,0.0144208,0,1
5.96,0.762316,0,275.301,-0.481357,0,93.1396,0,0,0,0.999974,0,-0.00722105,0,0,-0.00213711,0,95.232,1.02012,-18.704,0,2516.04,25.689,-0,-65.501,127.044,127.044,2.50464,10,0,0,-0.00743482,-0,0.0144422,0,1
5.97,0.757488,0,276.233,-0.484342,0,93.2988,0,0,0,0.999974,0,-0.00723173,0,0,-0.00213557,0,95.224,1.02009,-18.7309,0,2516.09,25.7263,-0,-65.718,127.037,127.037,2.50448,10,0,0,-0.00744535,-0,0.0144636,0,1
5.98,0.752629,0,277.167,-0.487332,0,93.4581,0,0,0,0.999974,0,-0.0072424,0,0,-0.00213403,0,95.216,1.02005,-18.7577,0,2516.14,25.7636,-0,-65.9353,127.03,127.03,2.50432,10,0,0,-0.00745587,-0,0.0144849,0,1
5.99,0.747741,0,278.103,-0.490326,0,93.6173,0,0,0,0.999974,0,-0.00725307,0,0,-0.00213249,0,95.208,1.02001,-18.7846,0,2516.2,25.8009,-0,-66.153,127.024,127.024,2.50416,10,0,0,-0.00746638,-0,0.0145063,0,1
6,0.742823,0,279.04,-0.493324,0,93.7765,0,0,0,0.999974,0,-0.00726373,0,0,-0.00213095,0,95.2,1.01998,-18.8114,0,2516.25,25.8382,-0,-66.3711,127.017,127.017,2.504,10,0,0,-0.00747689,-0,0.0145276,0,1
6.01,0.737875,0,279.978,-0.496327,0,93.9357,0,0,0,0.999974,0,-0.00727438,0,0,-0.00212941,0,95.192,1.01994,-18.8383,0,2516.31,25.8754,-0,-66.5894,127.011,127.011,2.50384,10,0,0,-0.00748738,-0,0.0145489,0,1
6.02,0.732896,0,280.918,-0.499334,0,94.095,0,0,0,0.999973,0,-0.00728502,0,0,-0.00212786,0,95.184,1.01991,-18.8651,0,2516.36,25.9126,-0,-66.8081,127.004,127.004,2.50368,10,0,0,-0.00749787,-0,0.0145702,0,1
6.03,0.727888,0,281.86,-0.502345,0,94.2542,0,0,0,0.999973,0,-0.00729566,0,0,-0.00212631,0,95.176,1.01987,-18.8918,0,2516.41,25.9498,-0,-67.0272,126.997,126.997,2.50352,10,0,0,-0.00750835,-0,0.0145914,0,1
6.04,0.722849,0,282.803,-0.505361,0,94.4134,0,0,0,0.999973,0,-0.00730628,0,0,-0.00212477,0,95.168,1.01984,-18.9186,0,2516.47,25.987,-0,-67.2465,126.991,126.991,2.50336,10,0,0,-0.00751883,-0,0.0146127,0,1
6.05,0.717781,0,283.748,-0.508381,0,94.5727,0,0,0,0.999973,0,-0.0073169,0,0,-0.00212322,0,95.16,1.0198,-18.9453,0,2516.52,26.0241,-0,-67.4663,126.984,126.984,2.5032,10,0,0,-0.00752929,-0,0.0146339,0,1
6.06,0.712682,0,284.695,-0.511406,0,94.7319,0,0,0,0.999973,0,-0.00732752,0,0,-0.00212167,0,95.152,1.01976,-18.9721,0,2516.58,26.0612,-0,-67.6863,126.978,126.978,2.50304,10,0,0,-0.00753975,-0,0.0146552,0,1
6.07,0.707552,0,285.643,-0.514435,0,94.8912,0,0,0,0.999973,0,-0.00733812,0,0,-0.00212011,0,95.144,1.01973,-18.9988,0,2516.63,26.0983,-0,-67.9067,126.971,126.971,2.50288,10,0,0,-0.0075502,-0,0.0146764,0,1
6.08,0.702393,0,286.593,-0.517468,0,95.0504,0,0,0,0.999973,0,-0.00734872,0,0,-0.00211856,0,95.136,1.01969,-19.0255,0,2516.69,26.1354,-0,-68.1274,126.964,126.964,2.50272,10,0,0,-0.00756064,-0,0.0146976,0,1
6.09,0.697203,0,287.544,-0.520506,0,95.2097,0,0,0,0.999973,0,-0.0073593,0,0,-0.00211701,0,95.128,1.01966,-19.0522,0,2516.74,26.1724,-0,-68.3484,126.958,126.958,2.50256,10,0,0,-0.00757107,-0,0.0147187,0,1
6.1,0.691983,0,288.497,-0.523548,0,95.369,0,0,0,0.999973,0,-0.00736989,0,0,-0.00211545,0,95.12,1.01962,-19.0788,0,2516.79,26.2095,-0,-68.5698,126.951,126.951,2.5024,10,0,0,-0.0075815,-0,0.0147399,0,1
6.11,0.686732,0,289.451,-0.526595,0,95.5282,0,0,0,0.999973,0,-0.00738046,0,0,-0.00211389,0,95.112,1.01959,-19.1055,0,2516.85,26.2465,-0,-68.7915,126.945,126.945,2.50224,10,0,0,-0.00759191,-0,0.0147611,0,1
6.12,0.681451,0,290.407,-0.529645,0,95.6875,0,0,0,0.999973,0,-0.00739102,0,0,-0.00211233,0,95.104,1.01955,-19.1321,0,2516.9,26.2834,-0,-69.0136,126.938,126.938,2.50208,10,0,0,-0.00760232,-0,0.0147822,0,1
6.13,0.676139,0,291.365,-0.5327,0,95.8468,0,0,0,0.999973,0,-0.00740158,0,0,-0.00211077,0,95.096,1.01951,-19.1587,0,2516.96,26.3204,-0,-69.236,126.931,126.931,2.50192,10,0,0,-0.00761273,-0,0.0148033,0,1
6.14,0.670797,0,292.324,-0.53576,0,96.0061,0,0,0,0.999973,0,-0.00741213,0,0,-0.00210921,0,95.088,1.01948,-19.1853,0,2517.01,26.3573,-0,-69.4587,126.925,126.925,2.50176,10,0,0,-0.00762312,-0,0.0148244,0,1
6.15,0.665424,0,293.285,-0.538824,0,96.1654,0,0,0,0.999972,0,-0.00742267,0,0,-0.00210764,0,95.08,1.01944,-19.2118,0,2517.07,26.3942,-0,-69.6818,126.918,126.918,2.5016,10,0,0,-0.00763351,-0,0.0148455,0,1
6.16,0.66002,0,294.248,-0.541892,0,96.3246,0,0,0,0.999972,0,-0.00743321,0,0,-0.00210608,0,95.072,1.01941,-19.2384,0,2517.12,26.4311,-0,-69.9051,126.911,126.911,2.50144,10,0,0,-0.00764388,-0,0.0148666,0,1
6.17,0.654586,0,295.212,-0.544964,0,96.4839,0,0,0,0.999972,0,-0.00744373,0,0,-0.00210451,0,95.064,1.01937,-19.2649,0,2517.18,26.4679,-0,-70.1289,126.905,126.905,2.50128,10,0,0,-0.00765425,-0,0.0148876,0,1
6.18,0.649121,0,296.177,-0.548041,0,96.6432,0,0,0,0.999972,0,-0.00745425,0,0,-0.00210294,0,95.056,1.01933,-19.2914,0,2517.24,26.5047,-0,-70.3529,126.898,126.898,2.50112,10,0,0,-0.00766461,-0,0.0149086,0,1
6.19,0.643625,0,297.145,-0.551122,0,96.8025,0,0,0,0.999972,0,-0.00746476,0,0,-0.00210138,0,95.048,1.0193,-19.3179,0,2517.29,26.5415,-0,-70.5773,126.892,126.892,2.50096,10,0,0,-0.00767497,-0,0.0149297,0,1
6.2,0.638099,0,298.113,-0.554208,0,96.9618,0,0,0,0.999972,0,-0.00747526,0,0,-0.00209981,0,95.04,1.01926,-19.3444,0,2517.35,26.5783,-0,-70.802,126.885,126.885,2.5008,10,0,0,-0.00768531,-0,0.0149507,0,1
6.21,0.632541,0,299.084,-0.557297,0,97.1211,0,0,0,0.999972,0,-0.00748576,0,0,-0.00209823,0,95.032,1.01923,-19.3708,0,2517.4,26.615,-0,-71.0271,126.878,126.878,2.50064,10,0,0,-0.00769565,-0,0.0149717,0,1
6.22,0.626953,0,300.056,-0.560391,0,97.2805,0,0,0,0.999972,0,-0.00749625,0,0,-0.00209666,0,95.024,1.01919,-19.3973,0,2517.46,26.6518,-0,-71.2524,126.872,126.872,2.50048,10,0,0,-0.00770598,-0,0.0149926,0,1
6.23,0.621333,0,301.029,-0.56349,0,97.4398,0,0,0,0.999972,0,-0.00750673,0,0,-0.00209509,0,95.016,1.01916,-19.4237,0,2517.51,26.6885,-0,-71.4781,126.865,126.865,2.50032,10,0,0,-0.0077163,-0,0.0150136,0,1
6.24,0.615683,0,302.005,-0.566592,0,97.5991,0,0,0,0.999972,0,-0.0075172,0,0,-0.00209351,0,95.008,1.01912,-19.4501,0,2517.57,26.7251,-0,-71.7042,126.859,126.859,2.50016,10,0,0,-0.00772662,-0,0.0150345,0,1
6.25,0.610001,0,302.981,-0.569699,0,97.7584,0,0,0,0.999972,0,-0.00752766,0,0,-0.00209193,0,95,1.01908,-19.4765,0,2517.63,26.7618,-0,-71.9306,126.852,126.852,2.5,10,0,0,-0.00773692,-0,0.0150555,0,1
6.26,0.604289,0,303.96,-0.572811,0,97.9177,0,0,0,0.999972,0,-0.00753811,0,0,-0.00209035,0,94.992,1.01905,-19.5028,0,2517.68,26.7984,-0,-72.1573,126.845,126.845,2.49984,10,0,0,-0.00774722,-0,0.0150764,0,1
6.27,0.598545,0,304.94,-0.575926,0,98.0771,0,0,0,0.999972,0,-0.00754856,0,0,-0.00208878,0,94.984,1.01901,-19.5292,0,2517.74,26.835,-0,-72.3843,126.839,126.839,2.49968,10,0,0,-0.00775751,-0,0.0150973,0,1
6.28,0.59277,0,305.921,-0.579046,0,98.2364,0,0,0,0.999971,0,-0.007559,0,0,-0.00208719,0,94.976,1.01898,-19.5555,0,2517.79,26.8716,-0,-72.6117,126.832,126.832,2.49952,10,0,0,-0.00776779,-0,0.0151181,0,1
6.29,0.586964,0,306.904,-0.58217,0,98.3957,0,0,0,0.999971,0,-0.00756943,0,0,-0.00208561,0,94.968,1.01894,-19.5818,0,2517.85,26.9081,-0,-72.8394,126.826,126.826,2.49936,10,0,0,-0.00777807,-0,0.015139,0,1
6.3,0.581127,0,307.889,-0.585299,0,98.5551,0,0,0,0.999971,0,-0.00757986,0,0,-0.00208403,0,94.96,1.01891,-19.6081,0,2517.91,26.9446,-0,-73.0674,126.819,126.819,2.4992,10,0,0,-0.00778833,-0,0.0151599,0,1
6.31,0.575258,0,308.876,-0.588431,0,98.7144,0,0,0,0.999971,0,-0.00759027,0,0,-0.00208244,0,94.952,1.01887,-19.6344,0,2517.96,26.9811,-0,-73.2957,126.812,126.812,2.49904,10,0,0,-0.00779859,-0,0.0151807,0,1
6.32,0.569358,0,309.863,-0.591568,0,98.8738,0,0,0,0.999971,0,-0.00760068,0,0,-0.00208086,0,94.944,1.01883,-19.6606,0,2518.02,27.0176,-0,-73.5244,126.806,126.806,2.49888,10,0,0,-0.00780884,-0,0.0152015,0,1
6.33,0.563427,0,310.853,-0.59471,0,99.0331,0,0,0,0.999971,0,-0.00761108,0,0,-0.00207927,0,94.936,1.0188,-19.6869,0,2518.08,27.0541,-0,-73.7534,126.799,126.799,2.49872,10,0,0,-0.00781908,-0,0.0152223,0,1
6.34,0.557464,0,311.844,-0.597855,0,99.1925,0,0,0,0.999971,0,-0.00762147,0,0,-0.00207768,0,94.928,1.01876,-19.7131,0,2518.13,27.0905,-0,-73.9828,126.793,126.793,2.49856,10,0,0,-0.00782932,-0,0.0152431,0,1
6.35,0.55147,0,312.837,-0.601005,0,99.3518,0,0,0,0.999971,0,-0.00763186,0,0,-0.00207609,0,94.92,1.01873,-19.7393,0,2518.19,27.1269,-0,-74.2125,126.786,126.786,2.4984,10,0,0,-0.00783954,-0,0.0152639,0,1
6.36,0.545444,0,313.831,-0.604159,0,99.5112,0,0,0,0.999971,0,-0.00764223,0,0,-0.0020745,0,94.912,1.01869,-19.7655,0,2518.25,27.1633,-0,-74.4425,126.779,126.779,2.49824,10,0,0,-0.00784976,-0,0.0152846,0,1
6.37,0.539387,0,314.827,-0.607317,0,99.6706,0,0,0,0.999971,0,-0.0076526,0,0,-0.00207291,0,94.904,1.01865,-19.7916,0,2518.31,27.1996,-0,-74.6728,126.773,126.773,2.49808,10,0,0,-0.00785997,-0,0.0153054,0,1
6.38,0.533298,0,315.825,-0.61048,0,99.8299,0,0,0,0.999971,0,-0.00766296,0,0,-0.00207132,0,94.896,1.01862,-19.8178,0,2518.36,27.2359,-0,-74.9034,126.766,126.766,2.49792,10,0,0,-0.00787017,-0,0.0153261,0,1
6.39,0.527177,0,316.824,-0.613646,0,99.9893,0,0,0,0.999971,0,-0.00767331,0,0,-0.00206972,0,94.888,1.01858,-19.8439,0,2518.42,27.2722,-0,-75.1344,126.76,126.76,2.49776,10,0,0,-0.00788036,-0,0.0153468,0,1
6.4,0.521025,0,317.824,-0.616817,0,100.149,0,0,0,0.99997,0,-0.00768366,0,0,-0.00206813,0,94.88,1.01855,-19.87,0,2518.48,27.3085,-0,-75.3657,126.753,126.753,2.4976,10,0,0,-0.00789055,-0,0.0153675,0,1
6.41,0.514841,0,318.827,-0.619993,0,100.308,0,0,0,0.99997,0,-0.00769399,0,0,-0.00206653,0,94.872,1.01851,-19.8961,0,2518.53,27.3448,-0,-75.5974,126.746,126.746,2.49744,10,0,0,-0.00790072,-0,0.0153881,0,1
6.42,0.508625,0,319.831,-0.623172,0,100.467,0,0,0,0.99997,0,-0.00770432,0,0,-0.00206493,0,94.864,1.01848,-19.9222,0,2518.59,27.381,-0,-75.8294,126.74,126.74,2.49728,10,0,0,-0.00791089,-0,0.0154088,0,1
6.43,0.502377,0,320.836,-0.626356,0,100.627,0,0,0,0.99997,0,-0.00771464,0,0,-0.00206334,0,94.856,1.01844,-19.9482,0,2518.65,27.4172,-0,-76.0616,126.733,126.733,2.49712,10,0,0,-0.00792105,-0,0.0154294,0,1
6.44,0.496098,0,321.843,-0.629544,0,100.786,0,0,0,0.99997,0,-0.00772496,0,0,-0.00206174,0,94.848,1.0184,-19.9743,0,2518.71,27.4534,-0,-76.2943,126.727,126.727,2.49696,10,0,0,-0.00793121,-0,0.0154501,0,1
6.45,0.489786,0,322.852,-0.632736,0,100.946,0,0,0,0.99997,0,-0.00773526,0,0,-0.00206014,0,94.84,1.01837,-20.0003,0,2518.77,27.4895,-0,-76.5272,126.72,126.72,2.4968,10,0,0,-0.00794135,-0,0.0154707,0,1
6.46,0.483443,0,323.862,-0.635932,0,101.105,0,0,0,0.99997,0,-0.00774556,0,0,-0.00205853,0,94.832,1.01833,-20.0263,0,2518.82,27.5256,-0,-76.7605,126.713,126.713,2.49664,10,0,0,-0.00795149,-0,0.0154913,0,1
6.47,0.477068,0,324.874,-0.639133,0,101.264,0,0,0,0.99997,0,-0.00775585,0,0,-0.00205693,0,94.824,1.0183,-20.0522,0,2518.88,27.5617,-0,-76.9941,126.707,126.707,2.49648,10,0,0,-0.00796162,-0,0.0155118,0,1
6.48,0.47066,0,325.887,-0.642338,0,101.424,0,0,0,0.99997,0,-0.00776613,0,0,-0.00205533,0,94.816,1.01826,-20.0782,0,2518.94,27.5978,-0,-77.228,126.7,126.7,2.49632,10,0,0,-0.00797174,-0,0.0155324,0,1
6.49,0.464221,0,326.902,-0.645547,0,101.583,0,0,0,0.99997,0,-0.0077764,0,0,-0.00205372,0,94.808,1.01822,-20.1041,0,2519,27.6339,-0,-77.4623,126.693,126.693,2.49616,10,0,0,-0.00798185,-0,0.015553,0,1
6.5,0.457749,0,327.919,-0.64876,0,101.743,0,0,0,0.99997,0,-0.00778666,0,0,-0.00205211,0,94.8,1.01819,-20.1301,0,2519.06,27.6699,-0,-77.6969,126.687,126.687,2.496,10,0,0,-0.00799195,-0,0.0155735,0,1
6.51,0.451246,0,328.937,-0.651978,0,101.902,0,0,0,0.99997,0,-0.00779692,0,0,-0.00205051,0,94.792,1.01815,-20.156,0,2519.11,27.7059,-0,-77.9318,126.68,126.68,2.49584,10,0,0,-0.00800205,-0,0.015594,0,1
6.52,0.44471,0,329.957,-0.655199,0,102.061,0,0,0,0.99997,0,-0.00780717,0,0,-0.0020489,0,94.784,1.01812,-20.1818,0,2519.17,27.7419,-0,-78.167,126.674,126.674,2.49568,10,0,0,-0.00801214,-0,0.0156145,0,1
6.53,0.438142,0,330.978,-0.658425,0,102.221,0,0,0,0.999969,0,-0.00781741,0,0,-0.00204729,0,94.776,1.01808,-20.2077,0,2519.23,27.7778,-0,-78.4025,126.667,126.667,2.49552,10,0,0,-0.00802221,-0,0.015635,0,1
6.54,0.431541,0,332.001,-0.661655,0,102.38,0,0,0,0.999969,0,-0.00782764,0,0,-0.00204568,0,94.768,1.01804,-20.2335,0,2519.29,27.8137,-0,-78.6384,126.66,126.66,2.49536,10,0,0,-0.00803229,-0,0.0156554,0,1
6.55,0.424908,0,333.026,-0.664889,0,102.54,0,0,0,0.999969,0,-0.00783786,0,0,-0.00204407,0,94.76,1.01801,-20.2594,0,2519.35,27.8496,-0,-78.8746,126.654,126.654,2.4952,10,0,0,-0.00804235,-0,0.0156759,0,1
6.56,0.418243,0,334.052,-0.668128,0,102.699,0,0,0,0.999969,0,-0.00784808,0,0,-0.00204245,0,94.752,1.01797,-20.2852,0,2519.41,27.8855,-0,-79.1111,126.647,126.647,2.49504,10,0,0,-0.0080524,-0,0.0156963,0,1
6.57,0.411546,0,335.08,-0.67137,0,102.859,0,0,0,0.999969,0,-0.00785829,0,0,-0.00204084,0,94.744,1.01794,-20.311,0,2519.46,27.9213,-0,-79.348,126.641,126.641,2.49488,10,0,0,-0.00806245,-0,0.0157167,0,1
6.58,0.404816,0,336.109,-0.674617,0,103.018,0,0,0,0.999969,0,-0.00786849,0,0,-0.00203923,0,94.736,1.0179,-20.3367,0,2519.52,27.9572,-0,-79.5852,126.634,126.634,2.49472,10,0,0,-0.00807249,-0,0.0157371,0,1
6.59,0.398054,0,337.14,-0.677868,0,103.177,0,0,0,0.999969,0,-0.00787868,0,0,-0.00203761,0,94.728,1.01787,-20.3625,0,2519.58,27.9929,-0,-79.8227,126.627,126.627,2.49456,10,0,0,-0.00808252,-0,0.0157575,0,1
6.6,0.391259,0,338.173,-0.681123,0,103.337,0,0,0,0.999969,0,-0.00788886,0,0,-0.00203599,0,94.72,1.01783,-20.3882,0,2519.64,28.0287,-0,-80.0605,126.621,126.621,2.4944,10,0,0,-0.00809254,-0,0.0157779,0,1
6.61,0.384431,0,339.207,-0.684382,0,103.496,0,0,0,0.999969,0,-0.00789904,0,0,-0.00203438,0,94.712,1.01779,-20.4139,0,2519.7,28.0645,-0,-80.2986,126.614,126.614,2.49424,10,0,0,-0.00810256,-0,0.0157982,0,1
6.62,0.377571,0,340.243,-0.687646,0,103.656,0,0,0,0.999969,0,-0.0079092,0,0,-0.00203276,0,94.704,1.01776,-20.4396,0,2519.76,28.1002,-0,-80.5371,126.608,126.608,2.49408,10,0,0,-0.00811256,-0,0.0158186,0,1
6.63,0.370678,0,341.28,-0.690913,0,103.815,0,0,0,0.999969,0,-0.00791936,0,0,-0.00203114,0,94.696,1.01772,-20.4653,0,2519.82,28.1359,-0,-80.7759,126.601,126.601,2.49392,10,0,0,-0.00812256,-0,0.0158389,0,1
6.64,0.363753,0,342.319,-0.694185,0,103.975,0,0,0,0.999969,0,-0.00792952,0,0,-0.00202952,0,94.688,1.01769,-20.491,0,2519.88,28.1715,-0,-81.015,126.594,126.594,2.49376,10,0,0,-0.00813255,-0,0.0158592,0,1
6.65,0.356794,0,343.36,-0.697461,0,104.134,0,0,0,0.999968,0,-0.00793966,0,0,-0.0020279,0,94.68,1.01765,-20.5166,0,2519.94,28.2072,-0,-81.2544,126.588,126.588,2.4936,10,0,0,-0.00814253,-0,0.0158795,0,1
6.66,0.349803,0,344.402,-0.700741,0,104.294,0,0,0,0.999968,0,-0.00794979,0,0,-0.00202627,0,94.672,1.01761,-20.5422,0,2520,28.2428,-0,-81.4942,126.581,126.581,2.49344,10,0,0,-0.0081525,-0,0.0158998,0,1
6.67,0.34278,0,345.446,-0.704025,0,104.453,0,0,0,0.999968,0,-0.00795992,0,0,-0.00202465,0,94.664,1.01758,-20.5678,0,2520.06,28.2784,-0,-81.7342,126.575,126.575,2.49328,10,0,0,-0.00816247,-0,0.01592,0,1
6.68,0.335723,0,346.491,-0.707313,0,104.612,0,0,0,0.999968,0,-0.00797004,0,0,-0.00202303,0,94.656,1.01754,-20.5934,0,2520.12,28.314,-0,-81.9746,126.568,126.568,2.49312,10,0,0,-0.00817243,-0,0.0159402,0,1
6.69,0.328633,0,347.538,-0.710605,0,104.772,0,0,0,0.999968,0,-0.00798015,0,0,-0.0020214,0,94.648,1.01751,-20.619,0,2520.18,28.3495,-0,-82.2154,126.561,126.561,2.49296,10,0,0,-0.00818237,-0,0.0159605,0,1
6.7,0.321511,0,348.586,-0.713902,0,104.931,0,0,0,0.999968,0,-0.00799025,0,0,-0.00201977,0,94.64,1.01747,-20.6445,0,2520.24,28.385,-0,-82.4564,126.555,126.555,2.4928,10,0,0,-0.00819232,-0,0.0159807,0,1
6.71,0.314355,0,349.636,-0.717202,0,105.091,0,0,0,0.999968,0,-0.00800035,0,0,-0.00201815,0,94.632,1.01743,-20.6701,0,2520.3,28.4205,-0,-82.6978,126.548,126.548,2.49264,10,0,0,-0.00820225,-0,0.0160009,0,1
6.72,0.307167,0,350.688,-0.720507,0,105.25,0,0,0,0.999968,0,-0.00801043,0,0,-0.00201652,0,94.624,1.0174,-20.6956,0,2520.36,28.456,-0,-82.9394,126.542,126.542,2.49248,10,0,0,-0.00821217,-0,0.016021,0,1
6.73,0.299945,0,351.741,-0.723816,0,105.41,0,0,0,0.999968,0,-0.00802051,0,0,-0.00201489,0,94.616,1.01736,-20.7211,0,2520.42,28.4914,-0,-83.1814,126.535,126.535,2.49232,10,0,0,-0.00822209,-0,0.0160412,0,1
6.74,0.29269,0,352.796,-0.727129,0,105.569,0,0,0,0.999968,0,-0.00803058,0,0,-0.00201326,0,94.608,1.01733,-20.7465,0,2520.48,28.5268,-0,-83.4237,126.528,126.528,2.49216,10,0,0,-0.00823199,-0,0.0160613,0,1
6.75,0.285403,0,353.853,-0.730446,0,105.729,0,0,0,0.999968,0,-0.00804064,0,0,-0.00201163,0,94.6,1.01729,-20.772,0,2520.54,28.5622,-0,-83.6664,126.522,126.522,2.492,10,0,0,-0.00824189,-0,0.0160815,0,1
6.76,0.278081,0,354.911,-0.733767,0,105.888,0,0,0,0.999968,0,-0.0080507,0,0,-0.00201,0,94.592,1.01725,-20.7974,0,2520.6,28.5976,-0,-83.9093,126.515,126.515,2.49184,10,0,0,-0.00825178,-0,0.0161016,0,1
6.77,0.270727,0,355.971,-0.737093,0,106.048,0,0,0,0.999968,0,-0.00806074,0,0,-0.00200837,0,94.584,1.01722,-20.8228,0,2520.66,28.6329,-0,-84.1526,126.508,126.508,2.49168,10,0,0,-0.00826167,-0,0.0161217,0,1
6.78,0.26334,0,357.032,-0.740422,0,106.207,0,0,0,0.999967,0,-0.00807078,0,0,-0.00200673,0,94.576,1.01718,-20.8482,0,2520.72,28.6682,-0,-84.3962,126.502,126.502,2.49152,10,0,0,-0.00827154,-0,0.0161417,0,1
6.79,0.255919,0,358.095,-0.743755,0,106.367,0,0,0,0.999967,0,-0.00808081,0,0,-0.0020051,0,94.568,1.01715,-20.8736,0,2520.78,28.7035,-0,-84.6401,126.495,126.495,2.49136,10,0,0,-0.00828141,-0,0.0161618,0,1
6.8,0.248464,0,359.159,-0.747093,0,106.526,0,0,0,0.999967,0,-0.00809083,0,0,-0.00200347,0,94.56,1.01711,-20.899,0,2520.84,28.7387,-0,-84.8844,126.489,126.489,2.4912,10,0,0,-0.00829127,-0,0.0161818,0,1
6.81,0.240977,0,360.225,-0.750435,0,106.686,0,0,0,0.999967,0,-0.00810084,0,0,-0.00200183,0,94.552,1.01707,-20.9243,0,2520.9,28.774,-0,-85.1289,126.482,126.482,2.49104,10,0,0,-0.00830112,-0,0.0162019,0,1
6.82,0.233456,0,361.293,-0.75378,0,106.845,0,0,0,0.999967,0,-0.00811085,0,0,-0.00200019,0,94.544,1.01704,-20.9496,0,2520.96,28.8092,-0,-85.3738,126.475,126.475,2.49088,10,0,0,-0.00831096,-0,0.0162219,0,1
6.83,0.225901,0,362.362,-0.75713,0,107.005,0,0,0,0.999967,0,-0.00812084,0,0,-0.00199856,0,94.536,1.017,-20.9749,0,2521.02,28.8444,-0,-85.6189,126.469,126.469,2.49072,10,0,0,-0.00832079,-0,0.0162419,0,1
6.84,0.218313,0,363.433,-0.760484,0,107.164,0,0,0,0.999967,0,-0.00813083,0,0,-0.00199692,0,94.528,1.01697,-21.0002,0,2521.08,28.8795,-0,-85.8645,126.462,126.462,2.49056,10,0,0,-0.00833061,-0,0.0162618,0,1
6.85,0.210692,0,364.505,-0.763842,0,107.324,0,0,0,0.999967,0,-0.00814081,0,0,-0.00199528,0,94.52,1.01693,-21.0255,0,2521.15,28.9146,-0,-86.1103,126.456,126.456,2.4904,10,0,0,-0.00834043,-0,0.0162818,0,1
6.86,0.203036,0,365.579,-0.767204,0,107.483,0,0,0,0.999967,0,-0.00815079,0,0,-0.00199364,0,94.512,1.01689,-21.0507,0,2521.21,28.9497,-0,-86.3564,126.449,126.449,2.49024,10,0,0,-0.00835024,-0,0.0163018,0,1
6.87,0.195347,0,366.655,-0.77057,0,107.643,0,0,0,0.999967,0,-0.00816075,0,0,-0.001992,0,94.504,1.01686,-21.0759,0,2521.27,28.9848,-0,-86.6029,126.442,126.442,2.49008,10,0,0,-0.00836004,-0,0.0163217,0,1
6.88,0.187625,0,367.732,-0.77394,0,107.802,0,0,0,0.999967,0,-0.0081707,0,0,-0.00199036,0,94.496,1.01682,-21.1011,0,2521.33,29.0199,-0,-86.8496,126.436,126.436,2.48992,10,0,0,-0.00836983,-0,0.0163416,0,1
6.89,0.179869,0,368.811,-0.777314,0,107.962,0,0,0,0.999967,0,-0.00818065,0,0,-0.00198872,0,94.488,1.01679,-21.1263,0,2521.39,29.0549,-0,-87.0967,126.429,126.429,2.48976,10,0,0,-0.00837961,-0,0.0163615,0,1
6.9,0.172079,0,369.892,-0.780692,0,108.121,0,0,0,0.999966,0,-0.00819059,0,0,-0.00198708,0,94.48,1.01675,-21.1515,0,2521.45,29.0899,-0,-87.3441,126.423,126.423,2.4896,10,0,0,-0.00838939,-0,0.0163814,0,1
6.91,0.164255,0,370.974,-0.784074,0,108.281,0,0,0,0.999966,0,-0.00820052,0,0,-0.00198543,0,94.472,1.01671,-21.1766,0,2521.51,29.1249,-0,-87.5918,126.416,126.416,2.48944,10,0,0,-0.00839916,-0,0.0164012,0,1
6.92,0.156397,0,372.057,-0.787461,0,108.44,0,0,0,0.999966,0,-0.00821044,0,0,-0.00198379,0,94.464,1.01668,-21.2018,0,2521.58,29.1598,-0,-87.8398,126.409,126.409,2.48928,10,0,0,-0.00840892,-0,0.0164211,0,1
6.93,0.148506,0,373.142,-0.790851,0,108.6,0,0,0,0.999966,0,-0.00822036,0,0,-0.00198214,0,94.456,1.01664,-21.2269,0,2521.64,29.1947,-0,-88.0882,126.403,126.403,2.48912,10,0,0,-0.00841867,-0,0.0164409,0,1
6.94,0.14058,0,374.229,-0.794245,0,108.759,0,0,0,0.999966,0,-0.00823027,0,0,-0.0019805,0,94.448,1.01661,-21.252,0,2521.7,29.2296,-0,-88.3369,126.396,126.396,2.48896,10,0,0,-0.00842841,-0,0.0164607,0,1
6.95,0.132621,0,375.318,-0.797644,0,108.919,0,0,0,0.999966,0,-0.00824016,0,0,-0.00197885,0,94.44,1.01657,-21.277,0,2521.76,29.2645,-0,-88.5858,126.389,126.389,2.4888,10,0,0,-0.00843814,-0,0.0164805,0,1
6.96,0.124627,0,376.408,-0.801046,0,109.078,0,0,0,0.999966,0,-0.00825005,0,0,-0.00197721,0,94.432,1.01653,-21.3021,0,2521.82,29.2993,-0,-88.8351,126.383,126.383,2.48864,10,0,0,-0.00844787,-0,0.0165003,0,1
6.97,0.1166,0,377.499,-0.804453,0,109.238,0,0,0,0.999966,0,-0.00825993,0,0,-0.00197556,0,94.424,1.0165,-21.3271,0,2521.89,29.3341,-0,-89.0847,126.376,126.376,2.48848,10,0,0,-0.00845758,-0,0.0165201,0,1
6.98,0.108538,0,378.592,-0.807863,0,109.397,0,0,0,0.999966,0,-0.00826981,0,0,-0.00197391,0,94.416,1.01646,-21.3521,0,2521.95,29.3689,-0,-89.3346,126.37,126.37,2.48832,10,0,0,-0.00846729,-0,0.0165398,0,1
6.99,0.100442,0,379.687,-0.811277,0,109.557,0,0,0,0.999966,0,-0.00827967,0,0,-0.00197226,0,94.408,1.01643,-21.3771,0,2522.01,29.4037,-0,-89.5849,126.363,126.363,2.48816,10,0,0,-0.00847699,-0,0.0165595,0,1
7,0.0923126,0,380.783,-0.814696,0,109.716,0,0,0,0.999966,0,-0.00828953,0,0,-0.00197061,0,94.4,1.01639,-21.4021,0,2522.07,29.4384,-0,-89.8354,126.356,126.356,2.488,10,0,0,-0.00848669,-0,0.0165792,0,1
7.01,0.0841485,0,381.881,-0.818118,0,109.876,0,0,0,0.999966,0,-0.00829938,0,0,-0.00196896,0,94.392,1.01635,-21.4271,0,2522.14,29.4732,-0,-90.0863,126.35,126.35,2.48784,10,0,0,-0.00849637,-0,0.0165989,0,1
7.02,0.0759502,0,382.981,-0.821545,0,110.035,0,0,0,0.999965,0,-0.00830922,0,0,-0.00196731,0,94.384,1.01632,-21.452,0,2522.2,29.5078,-0,-90.3374,126.343,126.343,2.48768,10,0,0,-0.00850605,-0,0.0166186,0,1
7.03,0.0677176,0,384.082,-0.824975,0,110.195,0,0,0,0.999965,0,-0.00831905,0,0,-0.00196566,0,94.376,1.01628,-21.4769,0,2522.26,29.5425,-0,-90.5889,126.337,126.337,2.48752,10,0,0,-0.00851571,-0,0.0166383,0,1
7.04,0.0594507,0,385.185,-0.82841,0,110.355,0,0,0,0.999965,0,-0.00832887,0,0,-0.00196401,0,94.368,1.01625,-21.5018,0,2522.32,29.5771,-0,-90.8407,126.33,126.33,2.48736,10,0,0,-0.00852537,-0,0.0166579,0,1
7.05,0.0511494,0,386.289,-0.831848,0,110.514,0,0,0,0.999965,0,-0.00833869,0,0,-0.00196236,0,94.36,1.01621,-21.5267,0,2522.39,29.6117,-0,-91.0928,126.323,126.323,2.4872,10,0,0,-0.00853502,-0,0.0166776,0,1
7.06,0.0428137,0,387.395,-0.83529,0,110.674,0,0,0,0.999965,0,-0.0083485,0,0,-0.0019607,0,94.352,1.01617,-21.5516,0,2522.45,29.6463,-0,-91.3452,126.317,126.317,2.48704,10,0,0,-0.00854466,-0,0.0166972,0,1
7.07,0.0344436,0,388.503,-0.838737,0,110.833,0,0,0,0.999965,0,-0.0083583,0,0,-0.00195905,0,94.344,1.01614,-21.5764,0,2522.51,29.6809,-0,-91.5979,126.31,126.31,2.48688,10,0,0,-0.0085543,-0,0.0167168,0,1
7.08,0.0260389,0,389.612,-0.842187,0,110.993,0,0,0,0.999965,0,-0.00836809,0,0,-0.00195739,0,94.336,1.0161,-21.6012,0,2522.58,29.7154,-0,-91.851,126.304,126.304,2.48672,10,0,0,-0.00856392,-0,0.0167364,0,1
7.09,0.0175998,0,390.723,-0.845641,0,111.152,0,0,0,0.999965,0,-0.00837787,0,0,-0.00195574,0,94.328,1.01607,-21.6261,0,2522.64,29.7499,-0,-92.1043,126.297,126.297,2.48656,10,0,0,-0.00857354,-0,0.0167559,0,1
7.1,0.00912611,0,391.835,-0.8491,0,111.312,0,0,0,0.999965,0,-0.00838764,0,0,-0.00195408,0,94.32,1.01603,-21.6508,0,2522.7,29.7844,-0,-92.358,126.29,126.29,2.4864,10,0,0,-0.00858315,-0,0.0167755,0,1
7.11,0.0006178,0,392.949,-0.852562,0,111.471,0,0,0,0.999965,0,-0.00839741,0,0,-0.00195243,0,94.312,1.01599,-21.6756,0,2522.77,29.8189,-0,-92.612,126.284,126.284,2.48624,10,0,0,-0.00859275,-0,0.016795,0,1
7.12,-0.00792515,0,394.064,-0.856028,0,111.631,0,0,0,0.999965,0,-0.00840717,0,0,-0.00195077,0,94.304,1.01596,-21.7004,0,2522.83,29.8533,-0,-92.8662,126.277,126.277,2.48608,10,0,0,-0.00860234,-0,0.0168145,0,1
7.13,-0.0165028,0,395.181,-0.859498,0,111.79,0,0,0,0.999965,0,-0.00841692,0,0,-0.00194911,0,94.296,1.01592,-21.7251,0,2522.89,29.8877,-0,-93.1208,126.271,126.271,2.48592,10,0,0,-0.00861193,-0,0.016834,0,1
7.14,-0.0251151,0,396.3,-0.862972,0,111.95,0,0,0,0.999964,0,-0.00842666,0,0,-0.00194745,0,94.288,1.01589,-21.7498,0,2522.96,29.9221,-0,-93.3757,126.264,126.264,2.48576,10,0,0,-0.0086215,-0,0.0168535,0,1
7.15,-0.0337622,0,397.42,-0.86645,0,112.11,0,0,0,0.999964,0,-0.00843639,0,0,-0.00194579,0,94.28,1.01585,-21.7745,0,2523.02,29.9564,-0,-93.6309,126.257,126.257,2.4856,10,0,0,-0.00863107,-0,0.016873,0,1
7.16,-0.0424441,0,398.542,-0.869932,0,112.269,0,0,0,0.999964,0,-0.00844611,0,0,-0.00194414,0,94.272,1.01581,-21.7992,0,2523.08,29.9907,-0,-93.8865,126.251,126.251,2.48544,10,0,0,-0.00864063,-0,0.0168924,0,1
7.17,-0.0511609,0,399.666,-0.873418,0,112.429,0,0,0,0.999964,0,-0.00845583,0,0,-0.00194248,0,94.264,1.01578,-21.8238,0,2523.15,30.025,-0,-94.1423,126.244,126.244,2.48528,10,0,0,-0.00865018,-0,0.0169119,0,1
7.18,-0.0599125,0,400.791,-0.876908,0,112.588,0,0,0,0.999964,0,-0.00846554,0,0,-0.00194082,0,94.256,1.01574,-21.8485,0,2523.21,30.0593,-0,-94.3984,126.237,126.237,2.48512,10,0,0,-0.00865972,-0,0.0169313,0,1
7.19,-0.0686991,0,401.918,-0.880402,0,112.748,0,0,0,0.999964,0,-0.00847524,0,0,-0.00193915,0,94.248,1.0157,-21.8731,0,2523.28,30.0935,-0,-94.6549,126.231,126.231,2.48496,10,0,0,-0.00866926,-0,0.0169507,0,1
7.2,-0.0775206,0,403.046,-0.8839,0,112.907,0,0,0,0.999964,0,-0.00848493,0,0,-0.00193749,0,94.24,1.01567,-21.8977,0,2523.34,30.1277,-0,-94.9116,126.224,126.224,2.4848,10,0,0,-0.00867878,-0,0.0169701,0,1
7.21,-0.0863771,0,404.176,-0.887401,0,113.067,0,0,0,0.999964,0,-0.00849461,0,0,-0.00193583,0,94.232,1.01563,-21.9222,0,2523.4,30.1619,-0,-95.1687,126.218,126.218,2.48464,10,0,0,-0.0086883,-0,0.0169894,0,1
7.22,-0.0952686,0,405.307,-0.890907,0,113.227,0,0,0,0.999964,0,-0.00850429,0,0,-0.00193417,0,94.224,1.0156,-21.9468,0,2523.47,30.1961,-0,-95.426,126.211,126.211,2.48448,10,0,0,-0.00869781,-0,0.0170088,0,1
7.23,-0.104195,0,406.44,-0.894417,0,113.386,0,0,0,0.999964,0,-0.00851395,0,0,-0.00193251,0,94.216,1.01556,-21.9713,0,2523.53,30.2302,-0,-95.6837,126.204,126.204,2.48432,10,0,0,-0.00870731,-0,0.0170281,0,1
7.24,-0.113157,0,407.575,-0.89793,0,113.546,0,0,0,0.999964,0,-0.00852361,0,0,-0.00193084,0,94.208,1.01552,-21.9959,0,2523.6,30.2643,-0,-95.9417,126.198,126.198,2.48416,10,0,0,-0.0087168,-0,0.0170474,0,1
7.25,-0.122154,0,408.711,-0.901447,0,113.705,0,0,0,0.999964,0,-0.00853326,0,0,-0.00192918,0,94.2,1.01549,-22.0204,0,2523.66,30.2984,-0,-96.2,126.191,126.191,2.484,10,0,0,-0.00872628,-0,0.0170667,0,1
7.26,-0.131186,0,409.849,-0.904968,0,113.865,0,0,0,0.999964,0,-0.0085429,0,0,-0.00192752,0,94.192,1.01545,-22.0448,0,2523.73,30.3325,-0,-96.4586,126.185,126.185,2.48384,10,0,0,-0.00873576,-0,0.017086,0,1
7.27,-0.140253,0,410.988,-0.908493,0,114.024,0,0,0,0.999963,0,-0.00855254,0,0,-0.00192585,0,94.184,1.01542,-22.0693,0,2523.79,30.3665,-0,-96.7175,126.178,126.178,2.48368,10,0,0,-0.00874522,-0,0.0171053,0,1
7.28,-0.149356,0,412.129,-0.912022,0,114.184,0,0,0,0.999963,0,-0.00856216,0,0,-0.00192419,0,94.176,1.01538,-22.0937,0,2523.86,30.4005,-0,-96.9767,126.171,126.171,2.48352,10,0,0,-0.00875468,-0,0.0171245,0,1
7.29,-0.158494,0,413.272,-0.915555,0,114.344,0,0,0,0.999963,0,-0.00857178,0,0,-0.00192252,0,94.168,1.01534,-22.1182,0,2523.92,30.4345,-0,-97.2362,126.165,126.165,2.48336,10,0,0,-0.00876413,-0,0.0171438,0,1
7.3,-0.167667,0,414.416,-0.919092,0,114.503,0,0,0,0.999963,0,-0.00858138,0,0,-0.00192085,0,94.16,1.01531,-22.1426,0,2523.99,30.4685,-0,-97.496,126.158,126.158,2.4832,10,0,0,-0.00877358,-0,0.017163,0,1
7.31,-0.176876,0,415.562,-0.922633,0,114.663,0,0,0,0.999963,0,-0.00859098,0,0,-0.00191919,0,94.152,1.01527,-22.167,0,2524.05,30.5024,-0,-97.7561,126.152,126.152,2.48304,10,0,0,-0.00878301,-0,0.0171822,0,1
7.32,-0.18612,0,416.71,-0.926177,0,114.822,0,0,0,0.999963,0,-0.00860058,0,0,-0.00191752,0,94.144,1.01523,-22.1913,0,2524.12,30.5363,-0,-98.0165,126.145,126.145,2.48288,10,0,0,-0.00879243,-0,0.0172014,0,1
7.33,-0.195399,0,417.859,-0.929726,0,114.982,0,0,0,0.999963,0,-0.00861016,0,0,-0.00191585,0,94.136,1.0152,-22.2157,0,2524.18,30.5702,-0,-98.2773,126.138,126.138,2.48272,10,0,0,-0.00880185,-0,0.0172205,0,1
7.34,-0.204714,0,419.009,-0.933278,0,115.141,0,0,0,0.999963,0,-0.00861973,0,0,-0.00191418,0,94.128,1.01516,-22.24,0,2524.25,30.604,-0,-98.5383,126.132,126.132,2.48256,10,0,0,-0.00881126,-0,0.0172397,0,1
7.35,-0.214065,0,420.161,-0.936834,0,115.301,0,0,0,0.999963,0,-0.0086293,0,0,-0.00191252,0,94.12,1.01513,-22.2643,0,2524.31,30.6378,-0,-98.7996,126.125,126.125,2.4824,10,0,0,-0.00882066,-0,0.0172588,0,1
7.36,-0.223451,0,421.315,-0.940394,0,115.461,0,0,0,0.999963,0,-0.00863886,0,0,-0.00191085,0,94.112,1.01509,-22.2886,0,2524.38,30.6716,-0,-99.0613,126.118,126.118,2.48224,10,0,0,-0.00883005,-0,0.0172779,0,1
7.37,-0.232873,0,422.471,-0.943958,0,115.62,0,0,0,0.999963,0,-0.00864841,0,0,-0.00190918,0,94.104,1.01505,-22.3129,0,2524.44,30.7054,-0,-99.3232,126.112,126.112,2.48208,10,0,0,-0.00883943,-0,0.017297,0,1
7.38,-0.24233,0,423.628,-0.947526,0,115.78,0,0,0,0.999963,0,-0.00865795,0,0,-0.00190751,0,94.096,1.01502,-22.3371,0,2524.51,30.7391,-0,-99.5855,126.105,126.105,2.48192,10,0,0,-0.00884881,-0,0.0173161,0,1
7.39,-0.251823,0,424.786,-0.951097,0,115.939,0,0,0,0.999962,0,-0.00866748,0,0,-0.00190584,0,94.088,1.01498,-22.3613,0,2524.57,30.7729,-0,-99.848,126.099,126.099,2.48176,10,0,0,-0.00885817,-0,0.0173352,0,1
7.4,-0.261352,0,425.946,-0.954672,0,116.099,0,0,0,0.999962,0,-0.00867701,0,0,-0.00190417,0,94.08,1.01495,-22.3856,0,2524.64,30.8066,-0,-100.111,126.092,126.092,2.4816,10,0,0,-0.00886753,-0,0.0173542,0,1
7.41,-0.270917,0,427.108,-0.958252,0,116.259,0,0,0,0.999962,0,-0.00868652,0,0,-0.0019025,0,94.072,1.01491,-22.4097,0,2524.71,30.8402,-0,-100.374,126.085,126.085,2.48144,10,0,0,-0.00887688,-0,0.0173733,0,1
7.42,-0.280517,0,428.272,-0.961835,0,116.418,0,0,0,0.999962,0,-0.00869603,0,0,-0.00190083,0,94.064,1.01487,-22.4339,0,2524.77,30.8739,-0,-100.637,126.079,126.079,2.48128,10,0,0,-0.00888622,-0,0.0173923,0,1
7.43,-0.290153,0,429.437,-0.965422,0,116.578,0,0,0,0.999962,0,-0.00870553,0,0,-0.00189916,0,94.056,1.01484,-22.4581,0,2524.84,30.9075,-0,-100.901,126.072,126.072,2.48112,10,0,0,-0.00889556,-0,0.0174113,0,1
7.44,-0.299825,0,430.603,-0.969012,0,116.737,0,0,0,0.999962,0,-0.00871502,0,0,-0.00189748,0,94.048,1.0148,-22.4822,0,2524.9,30.9411,-0,-101.165,126.066,126.066,2.48096,10,0,0,-0.00890488,-0,0.0174303,0,1
7.45,-0.309534,0,431.771,-0.972607,0,116.897,0,0,0,0.999962,0,-0.0087245,0,0,-0.00189581,0,94.04,1.01476,-22.5063,0,2524.97,30.9746,-0,-101.43,126.059,126.059,2.4808,10,0,0,-0.0089142,-0,0.0174492,0,1
7.46,-0.319278,0,432.941,-0.976205,0,117.056,0,0,0,0.999962,0,-0.00873398,0,0,-0.00189414,0,94.032,1.01473,-22.5304,0,2525.04,31.0081,-0,-101.694,126.052,126.052,2.48064,10,0,0,-0.0089235,-0,0.0174682,0,1
7.47,-0.329058,0,434.112,-0.979807,0,117.216,0,0,0,0.999962,0,-0.00874345,0,0,-0.00189247,0,94.024,1.01469,-22.5545,0,2525.1,31.0416,-0,-101.959,126.046,126.046,2.48048,10,0,0,-0.0089328,-0,0.0174871,0,1
7.48,-0.338874,0,435.285,-0.983413,0,117.376,0,0,0,0.999962,0,-0.0087529,0,0,-0.00189079,0,94.016,1.01466,-22.5786,0,2525.17,31.0751,-0,-102.225,126.039,126.039,2.48032,10,0,0,-0.00894209,-0,0.017506,0,1
7.49,-0.348726,0,436.46,-0.987023,0,117.535,0,0,0,0.999962,0,-0.00876235,0,0,-0.00188912,0,94.008,1.01462,-22.6026,0,2525.24,31.1086,-0,-102.49,126.032,126.032,2.48016,10,0,0,-0.00895138,-0,0.0175249,0,1
7.5,-0.358614,0,437.636,-0.990637,0,117.695,0,0,0,0.999962,0,-0.00877179,0,0,-0.00188745,0,94,1.01458,-22.6266,0,2525.3,31.142,-0,-102.756,126.026,126.026,2.48,10,0,0,-0.00896065,-0,0.0175438,0,1
7.51,-0.368539,0,438.814,-0.994254,0,117.854,0,0,0,0.999961,0,-0.00878123,0,0,-0.00188577,0,93.992,1.01455,-22.6506,0,2525.37,31.1754,-0,-103.022,126.019,126.019,2.47984,10,0,0,-0.00896992,-0,0.0175627,0,1
7.52,-0.378499,0,439.993,-0.997876,0,118.014,0,0,0,0.999961,0,-0.00879065,0,0,-0.0018841,0,93.984,1.01451,-22.6746,0,2525.44,31.2088,-0,-103.289,126.013,126.013,2.47968,10,0,0,-0.00897917,-0,0.0175815,0,1
7.53,-0.388496,0,441.174,-1.0015,0,118.174,0,0,0,0.999961,0,-0.00880007,0,0,-0.00188242,0,93.976,1.01447,-22.6986,0,2525.5,31.2421,-0,-103.555,126.006,126.006,2.47952,10,0,0,-0.00898842,-0,0.0176004,0,1
7.54,-0.398529,0,442.357,-1.00513,0,118.333,0,0,0,0.999961,0,-0.00880947,0,0,-0.00188075,0,93.968,1.01444,-22.7225,0,2525.57,31.2754,-0,-103.822,125.999,125.999,2.47936,10,0,0,-0.00899766,-0,0.0176192,0,1
7.55,-0.408599,0,443.541,-1.00876,0,118.493,0,0,0,0.999961,0,-0.00881887,0,0,-0.00187907,0,93.96,1.0144,-22.7464,0,2525.64,31.3087,-0,-104.09,125.993,125.993,2.4792,10,0,0,-0.00900689,-0,0.017638,0,1
7.56,-0.418705,0,444.727,-1.0124,0,118.652,0,0,0,0.999961,0,-0.00882826,0,0,-0.0018774,0,93.952,1.01437,-22.7703,0,2525.7,31.342,-0,-104.357,125.986,125.986,2.47904,10,0,0,-0.00901612,-0,0.0176568,0,1
7.57,-0.428847,0,445.914,-1.01604,0,118.812,0,0,0,0.999961,0,-0.00883765,0,0,-0.00187572,0,93.944,1.01433,-22.7942,0,2525.77,31.3752,-0,-104.625,125.98,125.98,2.47888,10,0,0,-0.00902533,-0,0.0176755,0,1
7.58,-0.439025,0,447.103,-1.01968,0,118.972,0,0,0,0.999961,0,-0.00884702,0,0,-0.00187405,0,93.936,1.01429,-22.8181,0,2525.84,31.4085,-0,-104.894,125.973,125.973,2.47872,10,0,0,-0.00903454,-0,0.0176943,0,1
7.59,-0.44924,0,448.293,-1.02333,0,119.131,0,0,0,0.999961,0,-0.00885639,0,0,-0.00187237,0,93.928,1.01426,-22.8419,0,2525.91,31.4416,-0,-105.162,125.966,125.966,2.47856,10,0,0,-0.00904374,-0,0.017713,0,1
7.6,-0.459492,0,449.485,-1.02698,0,119.291,0,0,0,0.999961,0,-0.00886574,0,0,-0.00187069,0,93.92,1.01422,-22.8658,0,2525.97,31.4748,-0,-105.431,125.96,125.96,2.4784,10,0,0,-0.00905293,-0,0.0177317,0,1
7.61,-0.46978,0,450.679,-1.03064,0,119.45,0,0,0,0.999961,0,-0.00887509,0,0,-0.00186902,0,93.912,1.01419,-22.8896,0,2526.04,31.5079,-0,-105.7,125.953,125.953,2.47824,10,0,0,-0.00906211,-0,0.0177504,0,1
7.62,-0.480105,0,451.874,-1.0343,0,119.61,0,0,0,0.999961,0,-0.00888443,0,0,-0.00186734,0,93.904,1.01415,-22.9134,0,2526.11,31.541,-0,-105.97,125.947,125.947,2.47808,10,0,0,-0.00907128,-0,0.0177691,0,1
7.63,-0.490466,0,453.071,-1.03796,0,119.77,0,0,0,0.99996,0,-0.00889376,0,0,-0.00186566,0,93.896,1.01411,-22.9371,0,2526.18,31.5741,-0,-106.239,125.94,125.94,2.47792,10,0,0,-0.00908045,-0,0.0177878,0,1
7.64,-0.500864,0,454.27,-1.04162,0,119.929,0,0,0,0.99996,0,-0.00890309,0,0,-0.00186398,0,93.888,1.01408,-22.9609,0,2526.24,31.6072,-0,-106.509,125.933,125.933,2.47776,10,0,0,-0.0090896,-0,0.0178064,0,1
7.65,-0.511298,0,455.47,-1.04529,0,120.089,0,0,0,0.99996,0,-0.0089124,0,0,-0.00186231,0,93.88,1.01404,-22.9846,0,2526.31,31.6402,-0,-106.78,125.927,125.927,2.4776,10,0,0,-0.00909875,-0,0.017825,0,1
7.66,-0.52177,0,456.672,-1.04897,0,120.248,0,0,0,0.99996,0,-0.00892171,0,0,-0.00186063,0,93.872,1.014,-23.0083,0,2526.38,31.6732,-0,-107.05,125.92,125.92,2.47744,10,0,0,-0.00910789,-0,0.0178437,0,1
7.67,-0.532278,0,457.875,-1.05265,0,120.408,0,0,0,0.99996,0,-0.00893101,0,0,-0.00185895,0,93.864,1.01397,-23.032,0,2526.45,31.7062,-0,-107.321,125.913,125.913,2.47728,10,0,0,-0.00911702,-0,0.0178623,0,1
7.68,-0.542823,0,459.08,-1.05633,0,120.568,0,0,0,0.99996,0,-0.0089403,0,0,-0.00185727,0,93.856,1.01393,-23.0557,0,2526.52,31.7391,-0,-107.592,125.907,125.907,2.47712,10,0,0,-0.00912615,-0,0.0178808,0,1
7.69,-0.553404,0,460.286,-1.06001,0,120.727,0,0,0,0.99996,0,-0.00894958,0,0,-0.00185559,0,93.848,1.01389,-23.0793,0,2526.58,31.7721,-0,-107.864,125.9,125.9,2.47696,10,0,0,-0.00913526,-0,0.0178994,0,1
7.7,-0.564023,0,461.494,-1.0637,0,120.887,0,0,0,0.99996,0,-0.00895885,0,0,-0.00185391,0,93.84,1.01386,-23.103,0,2526.65,31.805,-0,-108.136,125.894,125.894,2.4768,10,0,0,-0.00914437,-0,0.0179179,0,1
7.71,-0.574678,0,462.704,-1.06739,0,121.046,0,0,0,0.99996,0,-0.00896812,0,0,-0.00185223,0,93.832,1.01382,-23.1266,0,2526.72,31.8378,-0,-108.408,125.887,125.887,2.47664,10,0,0,-0.00915346,-0,0.0179365,0,1
7.72,-0.585371,0,463.915,-1.07109,0,121.206,0,0,0,0.99996,0,-0.00897738,0,0,-0.00185056,0,93.824,1.01379,-23.1502,0,2526.79,31.8707,-0,-108.68,125.88,125.88,2.47648,10,0,0,-0.00916255,-0,0.017955,0,1
7.73,-0.5961,0,465.128,-1.07479,0,121.366,0,0,0,0.99996,0,-0.00898662,0,0,-0.00184888,0,93.816,1.01375,-23.1738,0,2526.86,31.9035,-0,-108.953,125.874,125.874,2.47632,10,0,0,-0.00917163,-0,0.0179735,0,1
7.74,-0.606867,0,466.343,-1.07849,0,121.525,0,0,0,0.99996,0,-0.00899586,0,0,-0.0018472,0,93.808,1.01371,-23.1973,0,2526.93,31.9363,-0,-109.226,125.867,125.867,2.47616,10,0,0,-0.0091807,-0,0.017992,0,1
7.75,-0.61767,0,467.559,-1.0822,0,121.685,0,0,0,0.999959,0,-0.0090051,0,0,-0.00184552,0,93.8,1.01368,-23.2209,0,2527,31.969,-0,-109.499,125.861,125.861,2.476,10,0,0,-0.00918977,-0,0.0180104,0,1
7.76,-0.628511,0,468.776,-1.08591,0,121.844,0,0,0,0.999959,0,-0.00901432,0,0,-0.00184384,0,93.792,1.01364,-23.2444,0,2527.06,32.0018,-0,-109.773,125.854,125.854,2.47584,10,0,0,-0.00919882,-0,0.0180289,0,1
7.77,-0.639388,0,469.995,-1.08963,0,122.004,0,0,0,0.999959,0,-0.00902353,0,0,-0.00184216,0,93.784,1.0136,-23.2679,0,2527.13,32.0345,-0,-110.046,125.847,125.847,2.47568,10,0,0,-0.00920787,-0,0.0180473,0,1
7.78,-0.650303,0,471.216,-1.09335,0,122.164,0,0,0,0.999959,0,-0.00903274,0,0,-0.00184048,0,93.776,1.01357,-23.2914,0,2527.2,32.0672,-0,-110.321,125.841,125.841,2.47552,10,0,0,-0.00921691,-0,0.0180657,0,1
7.79,-0.661255,0,472.439,-1.09707,0,122.323,0,0,0,0.999959,0,-0.00904194,0,0,-0.0018388,0,93.768,1.01353,-23.3148,0,2527.27,32.0998,-0,-110.595,125.834,125.834,2.47536,10,0,0,-0.00922594,-0,0.0180841,0,1
7.8,-0.672245,0,473.663,-1.10079,0,122.483,0,0,0,0.999959,0,-0.00905113,0,0,-0.00183712,0,93.76,1.0135,-23.3383,0,2527.34,32.1324,-0,-110.87,125.827,125.827,2.4752,10,0,0,-0.00923496,-0,0.0181025,0,1
7.81,-0.683271,0,474.888,-1.10452,0,122.643,0,0,0,0.999959,0,-0.00906031,0,0,-0.00183544,0,93.752,1.01346,-23.3617,0,2527.41,32.1651,-0,-111.145,125.821,125.821,2.47504,10,0,0,-0.00924397,-0,0.0181209,0,1
7.82,-0.694335,0,476.116,-1.10826,0,122.802,0,0,0,0.999959,0,-0.00906948,0,0,-0.00183375,0,93.744,1.01342,-23.3851,0,2527.48,32.1976,-0,-111.42,125.814,125.814,2.47488,10,0,0,-0.00925298,-0,0.0181392,0,1
7.83,-0.705436,0,477.344,-1.11199,0,122.962,0,0,0,0.999959,0,-0.00907864,0,0,-0.00183207,0,93.736,1.01339,-23.4085,0,2527.55,32.2302,-0,-111.696,125.808,125.808,2.47472,10,0,0,-0.00926198,-0,0.0181575,0,1
7.84,-0.716575,0,478.575,-1.11573,0,123.121,0,0,0,0.999959,0,-0.0090878,0,0,-0.00183039,0,93.728,1.01335,-23.4318,0,2527.62,32.2627,-0,-111.972,125.801,125.801,2.47456,10,0,0,-0.00927096,-0,0.0181758,0,1
7.85,-0.727751,0,479.807,-1.11948,0,123.281,0,0,0,0.999959,0,-0.00909695,0,0,-0.00182871,0,93.72,1.01331,-23.4552,0,2527.69,32.2952,-0,-112.248,125.794,125.794,2.4744,10,0,0,-0.00927994,-0,0.0181941,0,1
7.86,-0.738965,0,481.04,-1.12323,0,123.441,0,0,0,0.999959,0,-0.00910609,0,0,-0.00182703,0,93.712,1.01328,-23.4785,0,2527.76,32.3277,-0,-112.524,125.788,125.788,2.47424,10,0,0,-0.00928891,-0,0.0182124,0,1
7.87,-0.750216,0,482.276,-1.12698,0,123.6,0,0,0,0.999958,0,-0.00911522,0,0,-0.00182535,0,93.704,1.01324,-23.5018,0,2527.83,32.3601,-0,-112.801,125.781,125.781,2.47408,10,0,0,-0.00929788,-0,0.0182307,0,1
7.88,-0.761504,0,483.512,-1.13073,0,123.76,0,0,0,0.999958,0,-0.00912434,0,0,-0.00182367,0,93.696,1.01321,-23.5251,0,2527.9,32.3925,-0,-113.078,125.775,125.775,2.47392,10,0,0,-0.00930683,-0,0.0182489,0,1
7.89,-0.77283,0,484.751,-1.13449,0,123.919,0,0,0,0.999958,0,-0.00913345,0,0,-0.00182199,0,93.688,1.01317,-23.5484,0,2527.97,32.4249,-0,-113.355,125.768,125.768,2.47376,10,0,0,-0.00931578,-0,0.0182672,0,1
7.9,-0.784194,0,485.991,-1.13825,0,124.079,0,0,0,0.999958,0,-0.00914256,0,0,-0.00182031,0,93.68,1.01313,-23.5716,0,2528.04,32.4573,-0,-113.633,125.761,125.761,2.4736,10,0,0,-0.00932472,-0,0.0182854,0,1
7.91,-0.795595,0,487.232,-1.14202,0,124.239,0,0,0,0.999958,0,-0.00915165,0,0,-0.00181862,0,93.672,1.0131,-23.5949,0,2528.11,32.4896,-0,-113.911,125.755,125.755,2.47344,10,0,0,-0.00933364,-0,0.0183036,0,1
7.92,-0.807034,0,488.476,-1.14579,0,124.398,0,0,0,0.999958,0,-0.00916074,0,0,-0.00181694,0,93.664,1.01306,-23.6181,0,2528.18,32.5219,-0,-114.189,125.748,125.748,2.47328,10,0,0,-0.00934257,-0,0.0183217,0,1
7.93,-0.818511,0,489.72,-1.14956,0,124.558,0,0,0,0.999958,0,-0.00916982,0,0,-0.00181526,0,93.656,1.01302,-23.6413,0,2528.25,32.5542,-0,-114.467,125.741,125.741,2.47312,10,0,0,-0.00935148,-0,0.0183399,0,1
7.94,-0.830026,0,490.967,-1.15334,0,124.717,0,0,0,0.999958,0,-0.00917889,0,0,-0.00181358,0,93.648,1.01299,-23.6644,0,2528.32,32.5865,-0,-114.746,125.735,125.735,2.47296,10,0,0,-0.00936038,-0,0.018358,0,1
7.95,-0.841578,0,492.215,-1.15712,0,124.877,0,0,0,0.999958,0,-0.00918796,0,0,-0.0018119,0,93.64,1.01295,-23.6876,0,2528.39,32.6187,-0,-115.025,125.728,125.728,2.4728,10,0,0,-0.00936928,-0,0.0183762,0,1
7.96,-0.853168,0,493.464,-1.1609,0,125.037,0,0,0,0.999958,0,-0.00919701,0,0,-0.00181022,0,93.632,1.01291,-23.7107,0,2528.46,32.6509,-0,-115.305,125.722,125.722,2.47264,10,0,0,-0.00937816,-0,0.0183943,0,1
7.97,-0.864796,0,494.715,-1.16469,0,125.196,0,0,0,0.999958,0,-0.00920606,0,0,-0.00180853,0,93.624,1.01288,-23.7338,0,2528.53,32.6831,-0,-115.584,125.715,125.715,2.47248,10,0,0,-0.00938704,-0,0.0184124,0,1
7.98,-0.876462,0,495.968,-1.16848,0,125.356,0,0,0,0.999958,0,-0.0092151,0,0,-0.00180685,0,93.616,1.01284,-23.7569,0,2528.6,32.7152,-0,-115.864,125.708,125.708,2.47232,10,0,0,-0.00939591,-0,0.0184305,0,1
7.99,-0.888166,0,497.223,-1.17228,0,125.515,0,0,0,0.999957,0,-0.00922413,0,0,-0.00180517,0,93.608,1.01281,-23.78,0,2528.67,32.7474,-0,-116.144,125.702,125.702,2.47216,10,0,0,-0.00940478,-0,0.0184485,0,1
8,-0.899907,0,498.479,-1.17608,0,125.675,0,0,0,0.999957,0,-0.00923315,0,0,-0.00180349,0,93.6,1.01277,-23.8031,0,2528.74,32.7795,-0,-116.425,125.695,125.695,2.472,10,0,0,-0.00941363,-0,0.0184666,0,1
8.01,-0.911687,0,499.736,-1.17988,0,125.835,0,0,0,0.999957,0,-0.00924216,0,0,-0.00180181,0,93.592,1.01273,-23.8261,0,2528.81,32.8115,-0,-116.706,125.689,125.689,2.47184,10,0,0,-0.00942247,-0,0.0184846,0,1
8.02,-0.923505,0,500.995,-1.18368,0,125.994,0,0,0,0.999957,0,-0.00925117,0,0,-0.00180013,0,93.584,1.0127,-23.8491,0,2528.88,32.8436,-0,-116.987,125.682,125.682,2.47168,10,0,0,-0.00943131,-0,0.0185026,0,1
8.03,-0.935361,0,502.256,-1.18749,0,126.154,0,0,0,0.999957,0,-0.00926016,0,0,-0.00179844,0,93.576,1.01266,-23.8721,0,2528.95,32.8756,-0,-117.268,125.675,125.675,2.47152,10,0,0,-0.00944014,-0,0.0185206,0,1
8.04,-0.947255,0,503.518,-1.19131,0,126.313,0,0,0,0.999957,0,-0.00926915,0,0,-0.00179676,0,93.568,1.01262,-23.8951,0,2529.02,32.9076,-0,-117.55,125.669,125.669,2.47136,10,0,0,-0.00944896,-0,0.0185386,0,1
8.05,-0.959187,0,504.782,-1.19512,0,126.473,0,0,0,0.999957,0,-0.00927813,0,0,-0.00179508,0,93.56,1.01259,-23.9181,0,2529.09,32.9395,-0,-117.831,125.662,125.662,2.4712,10,0,0,-0.00945777,-0,0.0185565,0,1
8.06,-0.971157,0,506.048,-1.19894,0,126.633,0,0,0,0.999957,0,-0.0092871,0,0,-0.0017934,0,93.552,1.01255,-23.941,0,2529.17,32.9715,-0,-118.114,125.655,125.655,2.47104,10,0,0,-0.00946657,-0,0.0185745,0,1
8.07,-0.983166,0,507.315,-1.20277,0,126.792,0,0,0,0.999957,0,-0.00929606,0,0,-0.00179172,0,93.544,1.01251,-23.9639,0,2529.24,33.0034,-0,-118.396,125.649,125.649,2.47088,10,0,0,-0.00947537,-0,0.0185924,0,1
8.08,-0.995213,0,508.584,-1.20659,0,126.952,0,0,0,0.999957,0,-0.00930502,0,0,-0.00179003,0,93.536,1.01248,-23.9868,0,2529.31,33.0353,-0,-118.679,125.642,125.642,2.47072,10,0,0,-0.00948415,-0,0.0186103,0,1
8.09,-1.0073,0,509.854,-1.21042,0,127.111,0,0,0,0.999957,0,-0.00931396,0,0,-0.00178835,0,93.528,1.01244,-24.0097,0,2529.38,33.0671,-0,-118.962,125.636,125.636,2.47056,10,0,0,-0.00949293,-0,0.0186282,0,1
8.1,-1.01942,0,511.126,-1.21426,0,127.271,0,0,0,0.999957,0,-0.0093229,0,0,-0.00178667,0,93.52,1.0124,-24.0326,0,2529.45,33.099,-0,-119.245,125.629,125.629,2.4704,10,0,0,-0.0095017,-0,0.0186461,0,1
8.11,-1.03158,0,512.399,-1.2181,0,127.431,0,0,0,0.999956,0,-0.00933183,0,0,-0.00178499,0,93.512,1.01237,-24.0554,0,2529.52,33.1308,-0,-119.529,125.622,125.622,2.47024,10,0,0,-0.00951046,-0,0.0186639,0,1
8.12,-1.04378,0,513.674,-1.22194,0,127.59,0,0,0,0.999956,0,-0.00934075,0,0,-0.00178331,0,93.504,1.01233,-24.0783,0,2529.59,33.1625,-0,-119.813,125.616,125.616,2.47008,10,0,0,-0.00951921,-0,0.0186818,0,1
8.13,-1.05602,0,514.951,-1.22578,0,127.75,0,0,0,0.999956,0,-0.00934966,0,0,-0.00178163,0,93.496,1.0123,-24.1011,0,2529.67,33.1943,-0,-120.097,125.609,125.609,2.46992,10,0,0,-0.00952796,-0,0.0186996,0,1
8.14,-1.0683,0,516.229,-1.22963,0,127.909,0,0,0,0.999956,0,-0.00935856,0,0,-0.00177995,0,93.488,1.01226,-24.1239,0,2529.74,33.226,-0,-120.381,125.603,125.603,2.46976,10,0,0,-0.00953669,-0,0.0187174,0,1
8.15,-1.08061,0,517.509,-1.23348,0,128.069,0,0,0,0.999956,0,-0.00936746,0,0,-0.00177826,0,93.48,1.01222,-24.1466,0,2529.81,33.2577,-0,-120.666,125.596,125.596,2.4696,10,0,0,-0.00954542,-0,0.0187352,0,1
8.16,-1.09297,0,518.791,-1.23734,0,128.229,0,0,0,0.999956,0,-0.00937634,0,0,-0.00177658,0,93.472,1.01219,-24.1694,0,2529.88,33.2894,-0,-120.951,125.589,125.589,2.46944,10,0,0,-0.00955414,-0,0.018753,0,1
8.17,-1.10536,0,520.074,-1.2412,0,128.388,0,0,0,0.999956,0,-0.00938522,0,0,-0.0017749,0,93.464,1.01215,-24.1921,0,2529.95,33.321,-0,-121.236,125.583,125.583,2.46928,10,0,0,-0.00956285,-0,0.0187707,0,1
8.18,-1.11779,0,521.359,-1.24506,0,128.548,0,0,0,0.999956,0,-0.00939409,0,0,-0.00177322,0,93.456,1.01211,-24.2148,0,2530.03,33.3527,-0,-121.522,125.576,125.576,2.46912,10,0,0,-0.00957155,-0,0.0187885,0,1
8.19,-1.13026,0,522.645,-1.24893,0,128.707,0,0,0,0.999956,0,-0.00940295,0,0,-0.00177154,0,93.448,1.01208,-24.2375,0,2530.1,33.3842,-0,-121.808,125.569,125.569,2.46896,10,0,0,-0.00958025,-0,0.0188062,0,1
8.2,-1.14277,0,523.933,-1.2528,0,128.867,0,0,0,0.999956,0,-0.00941181,0,0,-0.00176986,0,93.44,1.01204,-24.2602,0,2530.17,33.4158,-0,-122.094,125.563,125.563,2.4688,10,0,0,-0.00958893,-0,0.0188239,0,1
8.21,-1.15532,0,525.222,-1.25667,0,129.026,0,0,0,0.999956,0,-0.00942065,0,0,-0.00176818,0,93.432,1.012,-24.2828,0,2530.24,33.4473,-0,-122.38,125.556,125.556,2.46864,10,0,0,-0.00959761,-0,0.0188416,0,1
8.22,-1.1679,0,526.513,-1.26055,0,129.186,0,0,0,0.999956,0,-0.00942949,0,0,-0.0017665,0,93.424,1.01197,-24.3055,0,2530.32,33.4789,-0,-122.667,125.55,125.55,2.46848,10,0,0,-0.00960628,-0,0.0188593,0,1
8.23,-1.18053,0,527.806,-1.26443,0,129.346,0,0,0,0.999955,0,-0.00943832,0,0,-0.00176482,0,93.416,1.01193,-24.3281,0,2530.39,33.5103,-0,-122.954,125.543,125.543,2.46832,10,0,0,-0.00961494,-0,0.0188769,0,1
8.24,-1.19319,0,529.1,-1.26831,0,129.505,0,0,0,0.999955,0,-0.00944714,0,0,-0.00176314,0,93.408,1.01189,-24.3507,0,2530.46,33.5418,-0,-123.241,125.536,125.536,2.46816,10,0,0,-0.00962359,-0,0.0188946,0,1
8.25,-1.2059,0,530.396,-1.2722,0,129.665,0,0,0,0.999955,0,-0.00945595,0,0,-0.00176145,0,93.4,1.01186,-24.3733,0,2530.53,33.5732,-0,-123.529,125.53,125.53,2.468,10,0,0,-0.00963223,-0,0.0189122,0,1
8.26,-1.21864,0,531.693,-1.27609,0,129.824,0,0,0,0.999955,0,-0.00946475,0,0,-0.00175977,0,93.392,1.01182,-24.3958,0,2530.61,33.6046,-0,-123.816,125.523,125.523,2.46784,10,0,0,-0.00964087,-0,0.0189298,0,1
8.27,-1.23142,0,532.993,-1.27998,0,129.984,0,0,0,0.999955,0,-0.00947354,0,0,-0.00175809,0,93.384,1.01179,-24.4184,0,2530.68,33.636,-0,-124.104,125.516,125.516,2.46768,10,0,0,-0.00964949,-0,0.0189474,0,1
8.28,-1.24424,0,534.293,-1.28388,0,130.144,0,0,0,0.999955,0,-0.00948233,0,0,-0.00175641,0,93.376,1.01175,-24.4409,0,2530.75,33.6674,-0,-124.393,125.51,125.51,2.46752,10,0,0,-0.00965811,-0,0.0189649,0,1
8.29,-1.25709,0,535.595,-1.28778,0,130.303,0,0,0,0.999955,0,-0.00949111,0,0,-0.00175473,0,93.368,1.01171,-24.4634,0,2530.83,33.6987,-0,-124.681,125.503,125.503,2.46736,10,0,0,-0.00966672,-0,0.0189825,0,1
8.3,-1.26999,0,536.899,-1.29168,0,130.463,0,0,0,0.999955,0,-0.00949988,0,0,-0.00175305,0,93.36,1.01168,-24.4859,0,2530.9,33.73,-0,-124.97,125.497,125.497,2.4672,10,0,0,-0.00967532,-0,0.019,0,1
8.31,-1.28293,0,538.205,-1.29559,0,130.622,0,0,0,0.999955,0,-0.00950864,0,0,-0.00175137,0,93.352,1.01164,-24.5083,0,2530.97,33.7613,-0,-125.259,125.49,125.49,2.46704,10,0,0,-0.00968392,-0,0.0190176,0,1
8.32,-1.2959,0,539.512,-1.2995,0,130.782,0,0,0,0.999955,0,-0.00951739,0,0,-0.0017497,0,93.344,1.0116,-24.5308,0,2531.05,33.7925,-0,-125.549,125.483,125.483,2.46688,10,0,0,-0.0096925,-0,0.0190351,0,1
8.33,-1.30892,0,540.82,-1.30342,0,130.941,0,0,0,0.999955,0,-0.00952613,0,0,-0.00174802,0,93.336,1.01157,-24.5532,0,2531.12,33.8237,-0,-125.839,125.477,125.477,2.46672,10,0,0,-0.00970108,-0,0.0190526,0,1
8.34,-1.32197,0,542.131,-1.30734,0,131.101,0,0,0,0.999955,0,-0.00953487,0,0,-0.00174634,0,93.328,1.01153,-24.5756,0,2531.19,33.8549,-0,-126.129,125.47,125.47,2.46656,10,0,0,-0.00970965,-0,0.01907,0,1
8.35,-1.33506,0,543.442,-1.31126,0,131.261,0,0,0,0.999954,0,-0.0095436,0,0,-0.00174466,0,93.32,1.01149,-24.598,0,2531.27,33.8861,-0,-126.419,125.464,125.464,2.4664,10,0,0,-0.00971821,-0,0.0190875,0,1
8.36,-1.3482,0,544.756,-1.31518,0,131.42,0,0,0,0.999954,0,-0.00955231,0,0,-0.00174298,0,93.312,1.01146,-24.6203,0,2531.34,33.9172,-0,-126.709,125.457,125.457,2.46624,10,0,0,-0.00972676,-0,0.0191049,0,1
8.37,-1.36137,0,546.071,-1.31911,0,131.58,0,0,0,0.999954,0,-0.00956102,0,0,-0.0017413,0,93.304,1.01142,-24.6427,0,2531.41,33.9483,-0,-127,125.45,125.45,2.46608,10,0,0,-0.0097353,-0,0.0191223,0,1
8.38,-1.37458,0,547.387,-1.32304,0,131.739,0,0,0,0.999954,0,-0.00956973,0,0,-0.00173962,0,93.296,1.01138,-24.665,0,2531.49,33.9794,-0,-127.291,125.444,125.444,2.46592,10,0,0,-0.00974383,-0,0.0191397,0,1
8.39,-1.38783,0,548.706,-1.32698,0,131.899,0,0,0,0.999954,0,-0.00957842,0,0,-0.00173794,0,93.288,1.01135,-24.6873,0,2531.56,34.0105,-0,-127.583,125.437,125.437,2.46576,10,0,0,-0.00975236,-0,0.0191571,0,1
8.4,-1.40112,0,550.025,-1.33092,0,132.058,0,0,0,0.999954,0,-0.0095871,0,0,-0.00173627,0,93.28,1.01131,-24.7096,0,2531.64,34.0415,-0,-127.874,125.43,125.43,2.4656,10,0,0,-0.00976088,-0,0.0191745,0,1
8.41,-1.41445,0,551.347,-1.33486,0,132.218,0,0,0,0.999954,0,-0.00959578,0,0,-0.00173459,0,93.272,1.01127,-24.7319,0,2531.71,34.0725,-0,-128.166,125.424,125.424,2.46544,10,0,0,-0.00976939,-0,0.0191919,0,1
8.42,-1.42782,0,552.67,-1.33881,0,132.378,0,0,0,0.999954,0,-0.00960445,0,0,-0.00173291,0,93.264,1.01124,-24.7541,0,2531.78,34.1035,-0,-128.458,125.417,125.417,2.46528,10,0,0,-0.00977789,-0,0.0192092,0,1
8.43,-1.44122,0,553.994,-1.34276,0,132.537,0,0,0,0.999954,0,-0.00961311,0,0,-0.00173123,0,93.256,1.0112,-24.7764,0,2531.86,34.1344,-0,-128.751,125.411,125.411,2.46512,10,0,0,-0.00978638,-0,0.0192265,0,1
8.44,-1.45467,0,555.32,-1.34671,0,132.697,0,0,0,0.999954,0,-0.00962176,0,0,-0.00172956,0,93.248,1.01116,-24.7986,0,2531.93,34.1654,-0,-129.043,125.404,125.404,2.46496,10,0,0,-0.00979487,-0,0.0192438,0,1
8.45,-1.46816,0,556.648,-1.35067,0,132.856,0,0,0,0.999954,0,-0.0096304,0,0,-0.00172788,0,93.24,1.01113,-24.8208,0,2532.01,34.1963,-0,-129.336,125.397,125.397,2.4648,10,0,0,-0.00980334,-0,0.0192611,0,1
8.46,-1.48168,0,557.978,-1.35462,0,133.016,0,0,0,0.999954,0,-0.00963904,0,0,-0.0017262,0,93.232,1.01109,-24.843,0,2532.08,34.2271,-0,-129.63,125.391,125.391,2.46464,10,0,0,-0.00981181,-0,0.0192784,0,1
8.47,-1.49525,0,559.308,-1.35859,0,133.175,0,0,0,0.999953,0,-0.00964767,0,0,-0.00172452,0,93.224,1.01105,-24.8651,0,2532.16,34.258,-0,-129.923,125.384,125.384,2.46448,10,0,0,-0.00982027,-0,0.0192956,0,1
8.48,-1.50886,0,560.641,-1.36255,0,133.335,0,0,0,0.999953,0,-0.00965628,0,0,-0.00172285,0,93.216,1.01102,-24.8872,0,2532.23,34.2888,-0,-130.217,125.378,125.378,2.46432,10,0,0,-0.00982872,-0,0.0193129,0,1
8.49,-1.5225,0,561.975,-1.36652,0,133.494,0,0,0,0.999953,0,-0.00966489,0,0,-0.00172117,0,93.208,1.01098,-24.9094,0,2532.31,34.3196,-0,-130.511,125.371,125.371,2.46416,10,0,0,-0.00983716,-0,0.0193301,0,1
8.5,-1.53619,0,563.311,-1.3705,0,133.654,0,0,0,0.999953,0,-0.00967349,0,0,-0.0017195,0,93.2,1.01095,-24.9315,0,2532.38,34.3504,-0,-130.805,125.364,125.364,2.464,10,0,0,-0.0098456,-0,0.0193473,0,1
8.51,-1.54991,0,564.648,-1.37447,0,133.814,0,0,0,0.999953,0,-0.00968209,0,0,-0.00171782,0,93.192,1.01091,-24.9535,0,2532.45,34.3811,-0,-131.1,125.358,125.358,2.46384,10,0,0,-0.00985402,-0,0.0193645,0,1
8.52,-1.56368,0,565.987,-1.37845,0,133.973,0,0,0,0.999953,0,-0.00969067,0,0,-0.00171615,0,93.184,1.01087,-24.9756,0,2532.53,34.4118,-0,-131.395,125.351,125.351,2.46368,10,0,0,-0.00986244,-0,0.0193816,0,1
8.53,-1.57748,0,567.328,-1.38244,0,134.133,0,0,0,0.999953,0,-0.00969925,0,0,-0.00171447,0,93.176,1.01084,-24.9976,0,2532.6,34.4425,-0,-131.69,125.344,125.344,2.46352,10,0,0,-0.00987085,-0,0.0193988,0,1
8.54,-1.59133,0,568.67,-1.38642,0,134.292,0,0,0,0.999953,0,-0.00970782,0,0,-0.0017128,0,93.168,1.0108,-25.0197,0,2532.68,34.4732,-0,-131.986,125.338,125.338,2.46336,10,0,0,-0.00987925,-0,0.0194159,0,1
8.55,-1.60521,0,570.014,-1.39041,0,134.452,0,0,0,0.999953,0,-0.00971638,0,0,-0.00171112,0,93.16,1.01076,-25.0417,0,2532.76,34.5038,-0,-132.281,125.331,125.331,2.4632,10,0,0,-0.00988764,-0,0.0194331,0,1
8.56,-1.61913,0,571.359,-1.39441,0,134.611,0,0,0,0.999953,0,-0.00972493,0,0,-0.00170945,0,93.152,1.01073,-25.0636,0,2532.83,34.5344,-0,-132.577,125.325,125.325,2.46304,10,0,0,-0.00989602,-0,0.0194502,0,1
8.57,-1.6331,0,572.706,-1.3984,0,134.771,0,0,0,0.999953,0,-0.00973347,0,0,-0.00170777,0,93.144,1.01069,-25.0856,0,2532.91,34.565,-0,-132.873,125.318,125.318,2.46288,10,0,0,-0.0099044,-0,0.0194672,0,1
8.58,-1.6471,0,574.054,-1.4024,0,134.93,0,0,0,0.999953,0,-0.009742,0,0,-0.0017061,0,93.136,1.01065,-25.1076,0,2532.98,34.5955,-0,-133.17,125.311,125.311,2.46272,10,0,0,-0.00991277,-0,0.0194843,0,1
8.59,-1.66115,0,575.404,-1.40641,0,135.09,0,0,0,0.999952,0,-0.00975053,0,0,-0.00170442,0,93.128,1.01062,-25.1295,0,2533.06,34.6261,-0,-133.467,125.305,125.305,2.46256,10,0,0,-0.00992113,-0,0.0195014,0,1
8.6,-1.67523,0,576.756,-1.41041,0,135.249,0,0,0,0.999952,0,-0.00975905,0,0,-0.00170275,0,93.12,1.01058,-25.1514,0,2533.13,34.6566,-0,-133.764,125.298,125.298,2.4624,10,0,0,-0.00992948,-0,0.0195184,0,1
8.61,-1.68935,0,578.109,-1.41442,0,135.409,0,0,0,0.999952,0,-0.00976756,0,0,-0.00170108,0,93.112,1.01054,-25.1733,0,2533.21,34.687,-0,-134.061,125.291,125.291,2.46224,10,0,0,-0.00993782,-0,0.0195354,0,1
8.62,-1.70352,0,579.464,-1.41844,0,135.569,0,0,0,0.999952,0,-0.00977606,0,0,-0.00169941,0,93.104,1.01051,-25.1951,0,2533.28,34.7175,-0,-134.358,125.285,125.285,2.46208,10,0,0,-0.00994615,-0,0.0195524,0,1
8.63,-1.71772,0,580.821,-1.42245,0,135.728,0,0,0,0.999952,0,-0.00978455,0,0,-0.00169773,0,93.096,1.01047,-25.217,0,2533.36,34.7479,-0,-134.656,125.278,125.278,2.46192,10,0,0,-0.00995448,-0,0.0195694,0,1
8.64,-1.73197,0,582.179,-1.42647,0,135.888,0,0,0,0.999952,0,-0.00979303,0,0,-0.00169606,0,93.088,1.01043,-25.2388,0,2533.44,34.7783,-0,-134.954,125.272,125.272,2.46176,10,0,0,-0.0099628,-0,0.0195864,0,1
8.65,-1.74625,0,583.539,-1.4305,0,136.047,0,0,0,0.999952,0,-0.00980151,0,0,-0.00169439,0,93.08,1.0104,-25.2606,0,2533.51,34.8087,-0,-135.253,125.265,125.265,2.4616,10,0,0,-0.0099711,-0,0.0196033,0,1
8.66,-1.76058,0,584.9,-1.43452,0,136.207,0,0,0,0.999952,0,-0.00980998,0,0,-0.00169272,0,93.072,1.01036,-25.2824,0,2533.59,34.839,-0,-135.551,125.258,125.258,2.46144,10,0,0,-0.00997941,-0,0.0196203,0,1
8.67,-1.77494,0,586.263,-1.43855,0,136.366,0,0,0,0.999952,0,-0.00981843,0,0,-0.00169105,0,93.064,1.01032,-25.3042,0,2533.66,34.8693,-0,-135.85,125.252,125.252,2.46128,10,0,0,-0.0099877,-0,0.0196372,0,1
8.68,-1.78935,0,587.627,-1.44259,0,136.526,0,0,0,0.999952,0,-0.00982689,0,0,-0.00168938,0,93.056,1.01029,-25.326,0,2533.74,34.8996,-0,-136.149,125.245,125.245,2.46112,10,0,0,-0.00999598,-0,0.0196541,0,1
8.69,-1.80379,0,588.993,-1.44662,0,136.685,0,0,0,0.999952,0,-0.00983533,0,0,-0.00168771,0,93.048,1.01025,-25.3477,0,2533.82,34.9299,-0,-136.449,125.238,125.238,2.46096,10,0,0,-0.0100043,-0,0.019671,0,1
8.7,-1.81828,0,590.361,-1.45066,0,136.845,0,0,0,0.999952,0,-0.00984376,0,0,-0.00168604,0,93.04,1.01021,-25.3694,0,2533.89,34.9601,-0,-136.748,125.232,125.232,2.4608,10,0,0,-0.0100125,-0,0.0196878,0,1
8.71,-1.83281,0,591.73,-1.45471,0,137.004,0,0,0,0.999951,0,-0.00985219,0,0,-0.00168437,0,93.032,1.01018,-25.3911,0,2533.97,34.9903,-0,-137.048,125.225,125.225,2.46064,10,0,0,-0.0100208,-0,0.0197047,0,1
8.72,-1.84738,0,593.101,-1.45875,0,137.164,0,0,0,0.999951,0,-0.0098606,0,0,-0.0016827,0,93.024,1.01014,-25.4128,0,2534.05,35.0205,-0,-137.349,125.219,125.219,2.46048,10,0,0,-0.010029,-0,0.0197215,0,1
8.73,-1.86198,0,594.473,-1.4628,0,137.323,0,0,0,0.999951,0,-0.00986901,0,0,-0.00168103,0,93.016,1.0101,-25.4344,0,2534.12,35.0507,-0,-137.649,125.212,125.212,2.46032,10,0,0,-0.0100373,-0,0.0197383,0,1
8.74,-1.87663,0,595.847,-1.46686,0,137.483,0,0,0,0.999951,0,-0.00987741,0,0,-0.00167936,0,93.008,1.01007,-25.4561,0,2534.2,35.0808,-0,-137.95,125.205,125.205,2.46016,10,0,0,-0.0100455,-0,0.0197551,0,1
8.75,-1.89132,0,597.223,-1.47091,0,137.642,0,0,0,0.999951,0,-0.00988581,0,0,-0.00167769,0,93,1.01003,-25.4777,0,2534.28,35.1109,-0,-138.251,125.199,125.199,2.46,10,0,0,-0.0100537,-0,0.0197719,0,1
8.76,-1.90605,0,598.6,-1.47497,0,137.802,0,0,0,0.999951,0,-0.00989419,0,0,-0.00167602,0,92.992,1.00999,-25.4993,0,2534.35,35.141,-0,-138.552,125.192,125.192,2.45984,10,0,0,-0.010062,-0,0.0197887,0,1
8.77,-1.92082,0,599.979,-1.47904,0,137.961,0,0,0,0.999951,0,-0.00990257,0,0,-0.00167435,0,92.984,1.00996,-25.5209,0,2534.43,35.171,-0,-138.853,125.186,125.186,2.45968,10,0,0,-0.0100702,-0,0.0198055,0,1
8.78,-1.93563,0,601.359,-1.4831,0,138.121,0,0,0,0.999951,0,-0.00991093,0,0,-0.00167269,0,92.976,1.00992,-25.5425,0,2534.51,35.201,-0,-139.155,125.179,125.179,2.45952,10,0,0,-0.0100784,-0,0.0198222,0,1
8.79,-1.95048,0,602.741,-1.48717,0,138.28,0,0,0,0.999951,0,-0.00991929,0,0,-0.00167102,0,92.968,1.00988,-25.564,0,2534.58,35.231,-0,-139.457,125.172,125.172,2.45936,10,0,0,-0.0100866,-0,0.0198389,0,1
8.8,-1.96537,0,604.125,-1.49125,0,138.44,0,0,0,0.999951,0,-0.00992764,0,0,-0.00166935,0,92.96,1.00985,-25.5855,0,2534.66,35.261,-0,-139.759,125.166,125.166,2.4592,10,0,0,-0.0100947,-0,0.0198556,0,1
8.81,-1.98031,0,605.51,-1.49532,0,138.599,0,0,0,0.999951,0,-0.00993598,0,0,-0.00166769,0,92.952,1.00981,-25.607,0,2534.74,35.291,-0,-140.062,125.159,125.159,2.45904,10,0,0,-0.0101029,-0,0.0198723,0,1
8.82,-1.99528,0,606.897,-1.4994,0,138.759,0,0,0,0.999951,0,-0.00994432,0,0,-0.00166602,0,92.944,1.00977,-25.6285,0,2534.81,35.3209,-0,-140.365,125.152,125.152,2.45888,10,0,0,-0.0101111,-0,0.019889,0,1
8.83,-2.01029,0,608.285,-1.50348,0,138.918,0,0,0,0.99995,0,-0.00995264,0,0,-0.00166436,0,92.936,1.00974,-25.65,0,2534.89,35.3508,-0,-140.668,125.146,125.146,2.45872,10,0,0,-0.0101192,-0,0.0199056,0,1
8.84,-2.02535,0,609.675,-1.50757,0,139.078,0,0,0,0.99995,0,-0.00996096,0,0,-0.00166269,0,92.928,1.0097,-25.6715,0,2534.97,35.3806,-0,-140.971,125.139,125.139,2.45856,10,0,0,-0.0101274,-0,0.0199223,0,1
8.85,-2.04045,0,611.067,-1.51166,0,139.237,0,0,0,0.99995,0,-0.00996927,0,0,-0.00166103,0,92.92,1.00966,-25.6929,0,2535.05,35.4105,-0,-141.275,125.133,125.133,2.4584,10,0,0,-0.0101355,-0,0.0199389,0,1
8.86,-2.05558,0,612.46,-1.51575,0,139.397,0,0,0,0.99995,0,-0.00997757,0,0,-0.00165936,0,92.912,1.00963,-25.7143,0,2535.12,35.4403,-0,-141.579,125.126,125.126,2.45824,10,0,0,-0.0101437,-0,0.0199555,0,1
8.87,-2.07076,0,613.855,-1.51985,0,139.556,0,0,0,0.99995,0,-0.00998586,0,0,-0.0016577,0,92.904,1.00959,-25.7357,0,2535.2,35.4701,-0,-141.883,125.119,125.119,2.45808,10,0,0,-0.0101518,-0,0.0199721,0,1
8.88,-2.08598,0,615.251,-1.52395,0,139.716,0,0,0,0.99995,0,-0.00999415,0,0,-0.00165604,0,92.896,1.00955,-25.7571,0,2535.28,35.4998,-0,-142.187,125.113,125.113,2.45792,10,0,0,-0.0101599,-0,0.0199886,0,1
8.89,-2.10124,0,616.649,-1.52805,0,139.875,0,0,0,0.99995,0,-0.0100024,0,0,-0.00165437,0,92.888,1.00952,-25.7784,0,2535.36,35.5296,-0,-142.492,125.106,125.106,2.45776,10,0,0,-0.010168,-0,0.0200052,0,1
8.9,-2.11654,0,618.049,-1.53215,0,140.035,0,0,0,0.99995,0,-0.0100107,0,0,-0.00165271,0,92.88,1.00948,-25.7998,0,2535.44,35.5593,-0,-142.796,125.099,125.099,2.4576,10,0,0,-0.0101761,-0,0.0200217,0,1
8.91,-2.13188,0,619.45,-1.53626,0,140.194,0,0,0,0.99995,0,-0.0100189,0,0,-0.00165105,0,92.872,1.00944,-25.8211,0,2535.51,35.5889,-0,-143.102,125.093,125.093,2.45744,10,0,0,-0.0101842,-0,0.0200382,0,1
8.92,-2.14727,0,620.853,-1.54037,0,140.354,0,0,0,0.99995,0,-0.0100272,0,0,-0.00164939,0,92.864,1.00941,-25.8424,0,2535.59,35.6186,-0,-143.407,125.086,125.086,2.45728,10,0,0,-0.0101923,-0,0.0200547,0,1
8.93,-2.16269,0,622.257,-1.54449,0,140.513,0,0,0,0.99995,0,-0.0100354,0,0,-0.00164773,0,92.856,1.00937,-25.8637,0,2535.67,35.6482,-0,-143.713,125.08,125.08,2.45712,10,0,0,-0.0102004,-0,0.0200712,0,1
8.94,-2.17816,0,623.663,-1.54861,0,140.673,0,0,0,0.99995,0,-0.0100437,0,0,-0.00164606,0,92.848,1.00933,-25.8849,0,2535.75,35.6778,-0,-144.018,125.073,125.073,2.45696,10,0,0,-0.0102085,-0,0.0200877,0,1
8.95,-2.19366,0,625.07,-1.55273,0,140.832,0,0,0,0.999949,0,-0.0100519,0,0,-0.0016444,0,92.84,1.0093,-25.9062,0,2535.83,35.7074,-0,-144.325,125.066,125.066,2.4568,10,0,0,-0.0102165,-0,0.0201041,0,1
8.96,-2.20921,0,626.48,-1.55685,0,140.992,0,0,0,0.999949,0,-0.0100601,0,0,-0.00164274,0,92.832,1.00926,-25.9274,0,2535.91,35.7369,-0,-144.631,125.06,125.06,2.45664,10,0,0,-0.0102246,-0,0.0201206,0,1
8.97,-2.2248,0,627.89,-1.56098,0,141.151,0,0,0,0.999949,0,-0.0100683,0,0,-0.00164108,0,92.824,1.00922,-25.9486,0,2535.98,35.7665,-0,-144.938,125.053,125.053,2.45648,10,0,0,-0.0102326,-0,0.020137,0,1
8.98,-2.24043,0,629.303,-1.56511,0,141.31,0,0,0,0.999949,0,-0.0100765,0,0,-0.00163943,0,92.816,1.00919,-25.9698,0,2536.06,35.796,-0,-145.244,125.046,125.046,2.45632,10,0,0,-0.0102406,-0,0.0201534,0,1
8.99,-2.2561,0,630.716,-1.56925,0,141.47,0,0,0,0.999949,0,-0.0100847,0,0,-0.00163777,0,92.808,1.00915,-25.9909,0,2536.14,35.8254,-0,-145.552,125.04,125.04,2.45616,10,0,0,-0.0102487,-0,0.0201698,0,1
9,-2.27182,0,632.132,-1.57338,0,141.629,0,0,0,0.999949,0,-0.0100929,0,0,-0.00163611,0,92.8,1.00911,-26.0121,0,2536.22,35.8549,-0,-145.859,125.033,125.033,2.456,10,0,0,-0.0102567,-0,0.0201862,0,1
9.01,-2.28757,0,633.549,-1.57752,0,141.789,0,0,0,0.999949,0,-0.0101011,0,0,-0.00163445,0,92.792,1.00908,-26.0332,0,2536.3,35.8843,-0,-146.167,125.027,125.027,2.45584,10,0,0,-0.0102647,-0,0.0202025,0,1
9.02,-2.30337,0,634.968,-1.58167,0,141.948,0,0,0,0.999949,0,-0.0101092,0,0,-0.00163279,0,92.784,1.00904,-26.0543,0,2536.38,35.9137,-0,-146.475,125.02,125.02,2.45568,10,0,0,-0.0102727,-0,0.0202188,0,1
9.03,-2.3192,0,636.388,-1.58581,0,142.108,0,0,0,0.999949,0,-0.0101174,0,0,-0.00163114,0,92.776,1.009,-26.0754,0,2536.46,35.943,-0,-146.783,125.013,125.013,2.45552,10,0,0,-0.0102807,-0,0.0202352,0,1
9.04,-2.33508,0,637.81,-1.58996,0,142.267,0,0,0,0.999949,0,-0.0101256,0,0,-0.00162948,0,92.768,1.00897,-26.0965,0,2536.54,35.9724,-0,-147.091,125.007,125.007,2.45536,10,0,0,-0.0102887,-0,0.0202515,0,1
9.05,-2.351,0,639.233,-1.59412,0,142.427,0,0,0,0.999949,0,-0.0101337,0,0,-0.00162782,0,92.76,1.00893,-26.1176,0,2536.61,36.0017,-0,-147.4,125,125,2.4552,10,0,0,-0.0102967,-0,0.0202678,0,1
9.06,-2.36696,0,640.658,-1.59827,0,142.586,0,0,0,0.999949,0,-0.0101418,0,0,-0.00162617,0,92.752,1.00889,-26.1386,0,2536.69,36.031,-0,-147.709,124.994,124.994,2.45504,10,0,0,-0.0103046,-0,0.020284,0,1
9.07,-2.38297,0,642.085,-1.60243,0,142.745,0,0,0,0.999948,0,-0.01015,0,0,-0.00162451,0,92.744,1.00886,-26.1596,0,2536.77,36.0602,-0,-148.018,124.987,124.987,2.45488,10,0,0,-0.0103126,-0,0.0203003,0,1
9.08,-2.39901,0,643.513,-1.6066,0,142.905,0,0,0,0.999948,0,-0.0101581,0,0,-0.00162286,0,92.736,1.00882,-26.1806,0,2536.85,36.0895,-0,-148.327,124.98,124.98,2.45472,10,0,0,-0.0103205,-0,0.0203165,0,1
9.09,-2.4151,0,644.943,-1.61076,0,143.064,0,0,0,0.999948,0,-0.0101662,0,0,-0.00162121,0,92.728,1.00878,-26.2016,0,2536.93,36.1187,-0,-148.637,124.974,124.974,2.45456,10,0,0,-0.0103285,-0,0.0203327,0,1
9.1,-2.43123,0,646.375,-1.61493,0,143.224,0,0,0,0.999948,0,-0.0101743,0,0,-0.00161955,0,92.72,1.00875,-26.2225,0,2537.01,36.1479,-0,-148.947,124.967,124.967,2.4544,10,0,0,-0.0103364,-0,0.0203489,0,1
9.11,-2.4474,0,647.808,-1.6191,0,143.383,0,0,0,0.999948,0,-0.0101824,0,0,-0.0016179,0,92.712,1.00871,-26.2435,0,2537.09,36.177,-0,-149.257,124.96,124.96,2.45424,10,0,0,-0.0103444,-0,0.0203651,0,1
9.12,-2.46361,0,649.242,-1.62328,0,143.543,0,0,0,0.999948,0,-0.0101905,0,0,-0.00161625,0,92.704,1.00867,-26.2644,0,2537.17,36.2061,-0,-149.567,124.954,124.954,2.45408,10,0,0,-0.0103523,-0,0.0203813,0,1
9.13,-2.47986,0,650.679,-1.62746,0,143.702,0,0,0,0.999948,0,-0.0101985,0,0,-0.0016146,0,92.696,1.00864,-26.2853,0,2537.25,36.2352,-0,-149.878,124.947,124.947,2.45392,10,0,0,-0.0103602,-0,0.0203974,0,1
9.14,-2.49616,0,652.116,-1.63164,0,143.861,0,0,0,0.999948,0,-0.0102066,0,0,-0.00161294,0,92.688,1.0086,-26.3062,0,2537.33,36.2643,-0,-150.189,124.941,124.941,2.45376,10,0,0,-0.0103681,-0,0.0204136,0,1
9.15,-2.5125,0,653.556,-1.63582,0,144.021,0,0,0,0.999948,0,-0.0102147,0,0,-0.00161129,0,92.68,1.00856,-26.3271,0,2537.41,36.2934,-0,-150.5,124.934,124.934,2.4536,10,0,0,-0.010376,-0,0.0204297,0,1
9.16,-2.52888,0,654.997,-1.64001,0,144.18,0,0,0,0.999948,0,-0.0102227,0,0,-0.00160964,0,92.672,1.00852,-26.3479,0,2537.49,36.3224,-0,-150.812,124.927,124.927,2.45344,10,0,0,-0.0103839,-0,0.0204458,0,1
9.17,-2.5453,0,656.439,-1.6442,0,144.34,0,0,0,0.999948,0,-0.0102308,0,0,-0.00160799,0,92.664,1.00849,-26.3687,0,2537.57,36.3514,-0,-151.123,124.921,124.921,2.45328,10,0,0,-0.0103917,-0,0.0204619,0,1
9.18,-2.56176,0,657.884,-1.6484,0,144.499,0,0,0,0.999948,0,-0.0102388,0,0,-0.00160634,0,92.656,1.00845,-26.3896,0,2537.65,36.3803,-0,-151.435,124.914,124.914,2.45312,10,0,0,-0.0103996,-0,0.020478,0,1
9.19,-2.57826,0,659.329,-1.65259,0,144.658,0,0,0,0.999947,0,-0.0102468,0,0,-0.0016047,0,92.648,1.00841,-26.4103,0,2537.73,36.4093,-0,-151.747,124.907,124.907,2.45296,10,0,0,-0.0104075,-0,0.020494,0,1
9.2,-2.59481,0,660.777,-1.65679,0,144.818,0,0,0,0.999947,0,-0.0102549,0,0,-0.00160305,0,92.64,1.00838,-26.4311,0,2537.81,36.4382,-0,-152.06,124.901,124.901,2.4528,10,0,0,-0.0104153,-0,0.0205101,0,1
9.21,-2.6114,0,662.226,-1.661,0,144.977,0,0,0,0.999947,0,-0.0102629,0,0,-0.0016014,0,92.632,1.00834,-26.4519,0,2537.89,36.4671,-0,-152.372,124.894,124.894,2.45264,10,0,0,-0.0104232,-0,0.0205261,0,1
9.22,-2.62803,0,663.676,-1.6652,0,145.137,0,0,0,0.999947,0,-0.0102709,0,0,-0.00159975,0,92.624,1.0083,-26.4726,0,2537.97,36.496,-0,-152.685,124.888,124.888,2.45248,10,0,0,-0.010431,-0,0.0205421,0,1
9.23,-2.6447,0,665.128,-1.66941,0,145.296,0,0,0,0.999947,0,-0.0102789,0,0,-0.00159811,0,92.616,1.00827,-26.4933,0,2538.05,36.5248,-0,-152.998,124.881,124.881,2.45232,10,0,0,-0.0104389,-0,0.0205581,0,1
9.24,-2.66142,0,666.582,-1.67362,0,145.455,0,0,0,0.999947,0,-0.0102868,0,0,-0.00159646,0,92.608,1.00823,-26.514,0,2538.13,36.5536,-0,-153.312,124.874,124.874,2.45216,10,0,0,-0.0104467,-0,0.0205741,0,1
9.25,-2.67818,0,668.038,-1.67784,0,145.615,0,0,0,0.999947,0,-0.0102948,0,0,-0.00159481,0,92.6,1.00819,-26.5347,0,2538.21,36.5824,-0,-153.625,124.868,124.868,2.452,10,0,0,-0.0104545,-0,0.02059,0,1
9.26,-2.69498,0,669.494,-1.68206,0,145.774,0,0,0,0.999947,0,-0.0103028,0,0,-0.00159317,0,92.592,1.00816,-26.5554,0,2538.29,36.6112,-0,-153.939,124.861,124.861,2.45184,10,0,0,-0.0104623,-0,0.020606,0,1
9.27,-2.71182,0,670.953,-1.68628,0,145.934,0,0,0,0.999947,0,-0.0103108,0,0,-0.00159152,0,92.584,1.00812,-26.576,0,2538.38,36.6399,-0,-154.253,124.854,124.854,2.45168,10,0,0,-0.0104701,-0,0.0206219,0,1
9.28,-2.7287,0,672.413,-1.69051,0,146.093,0,0,0,0.999947,0,-0.0103187,0,0,-0.00158988,0,92.576,1.00808,-26.5966,0,2538.46,36.6686,-0,-154.568,124.848,124.848,2.45152,10,0,0,-0.0104779,-0,0.0206378,0,1
9.29,-2.74563,0,673.875,-1.69473,0,146.252,0,0,0,0.999947,0,-0.0103267,0,0,-0.00158824,0,92.568,1.00805,-26.6172,0,2538.54,36.6973,-0,-154.882,124.841,124.841,2.45136,10,0,0,-0.0104857,-0,0.0206537,0,1
9.3,-2.7626,0,675.338,-1.69896,0,146.412,0,0,0,0.999947,0,-0.0103346,0,0,-0.00158659,0,92.56,1.00801,-26.6378,0,2538.62,36.7259,-0,-155.197,124.835,124.835,2.4512,10,0,0,-0.0104934,-0,0.0206695,0,1
9.31,-2.77961,0,676.803,-1.7032,0,146.571,0,0,0,0.999947,0,-0.0103425,0,0,-0.00158495,0,92.552,1.00797,-26.6584,0,2538.7,36.7546,-0,-155.512,124.828,124.828,2.45104,10,0,0,-0.0105012,-0,0.0206854,0,1
9.32,-2.79666,0,678.27,-1.70743,0,146.73,0,0,0,0.999946,0,-0.0103504,0,0,-0.00158331,0,92.544,1.00794,-26.6789,0,2538.78,36.7832,-0,-155.827,124.821,124.821,2.45088,10,0,0,-0.010509,-0,0.0207012,0,1
9.33,-2.81376,0,679.738,-1.71168,0,146.89,0,0,0,0.999946,0,-0.0103583,0,0,-0.00158167,0,92.536,1.0079,-26.6995,0,2538.86,36.8118,-0,-156.143,124.815,124.815,2.45072,10,0,0,-0.0105167,-0,0.0207171,0,1
9.34,-2.83089,0,681.207,-1.71592,0,147.049,0,0,0,0.999946,0,-0.0103663,0,0,-0.00158003,0,92.528,1.00786,-26.72,0,2538.94,36.8403,-0,-156.459,124.808,124.808,2.45056,10,0,0,-0.0105244,-0,0.0207329,0,1
9.35,-2.84807,0,682.679,-1.72016,0,147.208,0,0,0,0.999946,0,-0.0103741,0,0,-0.00157839,0,92.52,1.00783,-26.7405,0,2539.02,36.8688,-0,-156.775,124.801,124.801,2.4504,10,0,0,-0.0105322,-0,0.0207487,0,1
9.36,-2.8653,0,684.152,-1.72441,0,147.368,0,0,0,0.999946,0,-0.010382,0,0,-0.00157675,0,92.512,1.00779,-26.7609,0,2539.11,36.8973,-0,-157.091,124.795,124.795,2.45024,10,0,0,-0.0105399,-0,0.0207644,0,1
9.37,-2.88256,0,685.626,-1.72867,0,147.527,0,0,0,0.999946,0,-0.0103899,0,0,-0.00157511,0,92.504,1.00775,-26.7814,0,2539.19,36.9258,-0,-157.408,124.788,124.788,2.45008,10,0,0,-0.0105476,-0,0.0207802,0,1
9.38,-2.89987,0,687.102,-1.73292,0,147.687,0,0,0,0.999946,0,-0.0103978,0,0,-0.00157347,0,92.496,1.00771,-26.8018,0,2539.27,36.9543,-0,-157.724,124.782,124.782,2.44992,10,0,0,-0.0105553,-0,0.0207959,0,1
9.39,-2.91722,0,688.58,-1.73718,0,147.846,0,0,0,0.999946,0,-0.0104056,0,0,-0.00157184,0,92.488,1.00768,-26.8223,0,2539.35,36.9827,-0,-158.041,124.775,124.775,2.44976,10,0,0,-0.010563,-0,0.0208117,0,1
9.4,-2.93461,0,690.059,-1.74144,0,148.005,0,0,0,0.999946,0,-0.0104135,0,0,-0.0015702,0,92.48,1.00764,-26.8427,0,2539.43,37.0111,-0,-158.359,124.768,124.768,2.4496,10,0,0,-0.0105707,-0,0.0208274,0,1
9.41,-2.95205,0,691.54,-1.74571,0,148.165,0,0,0,0.999946,0,-0.0104214,0,0,-0.00156856,0,92.472,1.0076,-26.863,0,2539.51,37.0394,-0,-158.676,124.762,124.762,2.44944,10,0,0,-0.0105784,-0,0.0208431,0,1
9.42,-2.96953,0,693.022,-1.74997,0,148.324,0,0,0,0.999946,0,-0.0104292,0,0,-0.00156693,0,92.464,1.00757,-26.8834,0,2539.6,37.0678,-0,-158.994,124.755,124.755,2.44928,10,0,0,-0.0105861,-0,0.0208588,0,1
9.43,-2.98705,0,694.506,-1.75424,0,148.483,0,0,0,0.999946,0,-0.010437,0,0,-0.00156529,0,92.456,1.00753,-26.9037,0,2539.68,37.0961,-0,-159.312,124.748,124.748,2.44912,10,0,0,-0.0105937,-0,0.0208744,0,1
9.44,-3.00461,0,695.992,-1.75852,0,148.643,0,0,0,0.999945,0,-0.0104448,0,0,-0.00156366,0,92.448,1.00749,-26.9241,0,2539.76,37.1244,-0,-159.63,124.742,124.742,2.44896,10,0,0,-0.0106014,-0,0.0208901,0,1
9.45,-3.02222,0,697.479,-1.76279,0,148.802,0,0,0,0.999945,0,-0.0104527,0,0,-0.00156202,0,92.44,1.00746,-26.9444,0,2539.84,37.1527,-0,-159.948,124.735,124.735,2.4488,10,0,0,-0.010609,-0,0.0209057,0,1
9.46,-3.03987,0,698.968,-1.76707,0,148.961,0,0,0,0.999945,0,-0.0104605,0,0,-0.00156039,0,92.432,1.00742,-26.9647,0,2539.93,37.1809,-0,-160.267,124.729,124.729,2.44864,10,0,0,-0.0106167,-0,0.0209213,0,1
9.47,-3.05756,0,700.458,-1.77135,0,149.12,0,0,0,0.999945,0,-0.0104683,0,0,-0.00155876,0,92.424,1.00738,-26.9849,0,2540.01,37.2091,-0,-160.586,124.722,124.722,2.44848,10,0,0,-0.0106243,-0,0.0209369,0,1
9.48,-3.0753,0,701.95,-1.77564,0,149.28,0,0,0,0.999945,0,-0.010476,0,0,-0.00155713,0,92.416,1.00735,-27.0052,0,2540.09,37.2373,-0,-160.905,124.715,124.715,2.44832,10,0,0,-0.010632,-0,0.0209525,0,1
9.49,-3.09307,0,703.444,-1.77993,0,149.439,0,0,0,0.999945,0,-0.0104838,0,0,-0.0015555,0,92.408,1.00731,-27.0254,0,2540.17,37.2655,-0,-161.225,124.709,124.709,2.44816,10,0,0,-0.0106396,-0,0.020968,0,1
9.5,-3.1109,0,704.939,-1.78422,0,149.598,0,0,0,0.999945,0,-0.0104916,0,0,-0.00155386,0,92.4,1.00727,-27.0456,0,2540.26,37.2936,-0,-161.544,124.702,124.702,2.448,10,0,0,-0.0106472,-0,0.0209836,0,1
9.51,-3.12876,0,706.436,-1.78851,0,149.758,0,0,0,0.999945,0,-0.0104994,0,0,-0.00155223,0,92.392,1.00724,-27.0658,0,2540.34,37.3217,-0,-161.864,124.695,124.695,2.44784,10,0,0,-0.0106548,-0,0.0209991,0,1
9.52,-3.14667,0,707.934,-1.79281,0,149.917,0,0,0,0.999945,0,-0.0105071,0,0,-0.00155061,0,92.384,1.0072,-27.086,0,2540.42,37.3498,-0,-162.184,124.689,124.689,2.44768,10,0,0,-0.0106624,-0,0.0210146,0,1
9.53,-3.16462,0,709.434,-1.79711,0,150.076,0,0,0,0.999945,0,-0.0105149,0,0,-0.00154898,0,92.376,1.00716,-27.1062,0,2540.5,37.3779,-0,-162.504,124.682,124.682,2.44752,10,0,0,-0.01067,-0,0.0210301,0,1
9.54,-3.18261,0,710.936,-1.80141,0,150.236,0,0,0,0.999945,0,-0.0105226,0,0,-0.00154735,0,92.368,1.00712,-27.1263,0,2540.59,37.4059,-0,-162.825,124.676,124.676,2.44736,10,0,0,-0.0106775,-0,0.0210456,0,1
9.55,-3.20064,0,712.439,-1.80572,0,150.395,0,0,0,0.999945,0,-0.0105303,0,0,-0.00154572,0,92.36,1.00709,-27.1464,0,2540.67,37.4339,-0,-163.146,124.669,124.669,2.4472,10,0,0,-0.0106851,-0,0.0210611,0,1
9.56,-3.21872,0,713.944,-1.81003,0,150.554,0,0,0,0.999944,0,-0.0105381,0,0,-0.00154409,0,92.352,1.00705,-27.1665,0,2540.75,37.4619,-0,-163.467,124.662,124.662,2.44704,10,0,0,-0.0106927,-0,0.0210765,0,1
9.57,-3.23684,0,715.45,-1.81434,0,150.713,0,0,0,0.999944,0,-0.0105458,0,0,-0.00154247,0,92.344,1.00701,-27.1866,0,2540.84,37.4898,-0,-163.788,124.656,124.656,2.44688,10,0,0,-0.0107002,-0,0.021092,0,1
9.58,-3.25501,0,716.958,-1.81866,0,150.873,0,0,0,0.999944,0,-0.0105535,0,0,-0.00154084,0,92.336,1.00698,-27.2067,0,2540.92,37.5178,-0,-164.109,124.649,124.649,2.44672,10,0,0,-0.0107078,-0,0.0211074,0,1
9.59,-3.27322,0,718.468,-1.82298,0,151.032,0,0,0,0.999944,0,-0.0105612,0,0,-0.00153922,0,92.328,1.00694,-27.2267,0,2541,37.5457,-0,-164.431,124.642,124.642,2.44656,10,0,0,-0.0107153,-0,0.0211228,0,1
9.6,-3.29147,0,719.979,-1.8273,0,151.191,0,0,0,0.999944,0,-0.0105689,0,0,-0.00153759,0,92.32,1.0069,-27.2468,0,2541.09,37.5735,-0,-164.753,124.636,124.636,2.4464,10,0,0,-0.0107228,-0,0.0211382,0,1
9.61,-3.30976,0,721.491,-1.83162,0,151.351,0,0,0,0.999944,0,-0.0105766,0,0,-0.00153597,0,92.312,1.00687,-27.2668,0,2541.17,37.6014,-0,-165.075,124.629,124.629,2.44624,10,0,0,-0.0107304,-0,0.0211535,0,1
9.62,-3.3281,0,723.006,-1.83595,0,151.51,0,0,0,0.999944,0,-0.0105842,0,0,-0.00153435,0,92.304,1.00683,-27.2868,0,2541.25,37.6292,-0,-165.398,124.623,124.623,2.44608,10,0,0,-0.0107379,-0,0.0211689,0,1
9.63,-3.34648,0,724.522,-1.84028,0,151.669,0,0,0,0.999944,0,-0.0105919,0,0,-0.00153272,0,92.296,1.00679,-27.3068,0,2541.34,37.657,-0,-165.72,124.616,124.616,2.44592,10,0,0,-0.0107454,-0,0.0211842,0,1
9.64,-3.36491,0,726.039,-1.84461,0,151.828,0,0,0,0.999944,0,-0.0105996,0,0,-0.0015311,0,92.288,1.00676,-27.3267,0,2541.42,37.6848,-0,-166.043,124.609,124.609,2.44576,10,0,0,-0.0107529,-0,0.0211995,0,1
9.65,-3.38337,0,727.558,-1.84894,0,151.988,0,0,0,0.999944,0,-0.0106072,0,0,-0.00152948,0,92.28,1.00672,-27.3467,0,2541.5,37.7125,-0,-166.366,124.603,124.603,2.4456,10,0,0,-0.0107604,-0,0.0212148,0,1
9.66,-3.40189,0,729.079,-1.85328,0,152.147,0,0,0,0.999944,0,-0.0106149,0,0,-0.00152786,0,92.272,1.00668,-27.3666,0,2541.59,37.7403,-0,-166.69,124.596,124.596,2.44544,10,0,0,-0.0107678,-0,0.0212301,0,1
9.67,-3.42044,0,730.601,-1.85762,0,152.306,0,0,0,0.999944,0,-0.0106225,0,0,-0.00152624,0,92.264,1.00664,-27.3865,0,2541.67,37.768,-0,-167.013,124.589,124.589,2.44528,10,0,0,-0.0107753,-0,0.0212454,0,1
9.68,-3.43904,0,732.125,-1.86197,0,152.465,0,0,0,0.999943,0,-0.0106301,0,0,-0.00152462,0,92.256,1.00661,-27.4064,0,2541.75,37.7956,-0,-167.337,124.583,124.583,2.44512,10,0,0,-0.0107828,-0,0.0212606,0,1
9.69,-3.45768,0,733.65,-1.86632,0,152.625,0,0,0,0.999943,0,-0.0106377,0,0,-0.00152301,0,92.248,1.00657,-27.4262,0,2541.84,37.8233,-0,-167.661,124.576,124.576,2.44496,10,0,0,-0.0107902,-0,0.0212759,0,1
9.7,-3.47636,0,735.177,-1.87067,0,152.784,0,0,0,0.999943,0,-0.0106454,0,0,-0.00152139,0,92.24,1.00653,-27.4461,0,2541.92,37.8509,-0,-167.985,124.57,124.57,2.4448,10,0,0,-0.0107977,-0,0.0212911,0,1
9.71,-3.49509,0,736.706,-1.87502,0,152.943,0,0,0,0.999943,0,-0.010653,0,0,-0.00151977,0,92.232,1.0065,-27.4659,0,2542.01,37.8785,-0,-168.31,124.563,124.563,2.44464,10,0,0,-0.0108051,-0,0.0213063,0,1
9.72,-3.51386,0,738.236,-1.87937,0,153.102,0,0,0,0.999943,0,-0.0106605,0,0,-0.00151816,0,92.224,1.00646,-27.4857,0,2542.09,37.9061,-0,-168.635,124.556,124.556,2.44448,10,0,0,-0.0108126,-0,0.0213215,0,1
9.73,-3.53268,0,739.768,-1.88373,0,153.261,0,0,0,0.999943,0,-0.0106681,0,0,-0.00151654,0,92.216,1.00642,-27.5055,0,2542.18,37.9336,-0,-168.96,124.55,124.55,2.44432,10,0,0,-0.01082,-0,0.0213367,0,1
9.74,-3.55154,0,741.302,-1.8881,0,153.421,0,0,0,0.999943,0,-0.0106757,0,0,-0.00151493,0,92.208,1.00639,-27.5253,0,2542.26,37.9611,-0,-169.285,124.543,124.543,2.44416,10,0,0,-0.0108274,-0,0.0213518,0,1
9.75,-3.57044,0,742.837,-1.89246,0,153.58,0,0,0,0.999943,0,-0.0106833,0,0,-0.00151331,0,92.2,1.00635,-27.545,0,2542.34,37.9886,-0,-169.61,124.536,124.536,2.444,10,0,0,-0.0108348,-0,0.021367,0,1
9.76,-3.58939,0,744.373,-1.89683,0,153.739,0,0,0,0.999943,0,-0.0106908,0,0,-0.0015117,0,92.192,1.00631,-27.5648,0,2542.43,38.0161,-0,-169.936,124.53,124.53,2.44384,10,0,0,-0.0108422,-0,0.0213821,0,1
9.77,-3.60838,0,745.911,-1.9012,0,153.898,0,0,0,0.999943,0,-0.0106984,0,0,-0.00151009,0,92.184,1.00627,-27.5845,0,2542.51,38.0435,-0,-170.262,124.523,124.523,2.44368,10,0,0,-0.0108496,-0,0.0213972,0,1
9.78,-3.62741,0,747.451,-1.90557,0,154.058,0,0,0,0.999943,0,-0.0107059,0,0,-0.00150848,0,92.176,1.00624,-27.6042,0,2542.6,38.0709,-0,-170.588,124.517,124.517,2.44352,10,0,0,-0.010857,-0,0.0214123,0,1
9.79,-3.64649,0,748.992,-1.90995,0,154.217,0,0,0,0.999943,0,-0.0107135,0,0,-0.00150686,0,92.168,1.0062,-27.6239,0,2542.68,38.0983,-0,-170.914,124.51,124.51,2.44336,10,0,0,-0.0108644,-0,0.0214274,0,1
9.8,-3.66561,0,750.535,-1.91433,0,154.376,0,0,0,0.999943,0,-0.010721,0,0,-0.00150525,0,92.16,1.00616,-27.6435,0,2542.77,38.1257,-0,-171.24,124.503,124.503,2.4432,10,0,0,-0.0108717,-0,0.0214424,0,1
9.81,-3.68478,0,752.08,-1.91871,0,154.535,0,0,0,0.999942,0,-0.0107285,0,0,-0.00150364,0,92.152,1.00613,-27.6632,0,2542.85,38.153,-0,-171.567,124.497,124.497,2.44304,10,0,0,-0.0108791,-0,0.0214575,0,1
9.82,-3.70399,0,753.626,-1.92309,0,154.694,0,0,0,0.999942,0,-0.010736,0,0,-0.00150204,0,92.144,1.00609,-27.6828,0,2542.94,38.1803,-0,-171.894,124.49,124.49,2.44288,10,0,0,-0.0108865,-0,0.0214725,0,1
9.83,-3.72324,0,755.174,-1.92748,0,154.853,0,0,0,0.999942,0,-0.0107436,0,0,-0.00150043,0,92.136,1.00605,-27.7024,0,2543.02,38.2076,-0,-172.221,124.483,124.483,2.44272,10,0,0,-0.0108938,-0,0.0214875,0,1
9.84,-3.74254,0,756.723,-1.93187,0,155.013,0,0,0,0.999942,0,-0.0107511,0,0,-0.00149882,0,92.128,1.00602,-27.722,0,2543.11,38.2349,-0,-172.549,124.477,124.477,2.44256,10,0,0,-0.0109011,-0,0.0215025,0,1
9.85,-3.76188,0,758.274,-1.93626,0,155.172,0,0,0,0.999942,0,-0.0107585,0,0,-0.00149721,0,92.12,1.00598,-27.7416,0,2543.19,38.2621,-0,-172.876,124.47,124.47,2.4424,10,0,0,-0.0109085,-0,0.0215175,0,1
9.86,-3.78126,0,759.827,-1.94066,0,155.331,0,0,0,0.999942,0,-0.010766,0,0,-0.00149561,0,92.112,1.00594,-27.7611,0,2543.28,38.2893,-0,-173.204,124.464,124.464,2.44224,10,0,0,-0.0109158,-0,0.0215325,0,1
9.87,-3.80069,0,761.381,-1.94506,0,155.49,0,0,0,0.999942,0,-0.0107735,0,0,-0.001494,0,92.104,1.0059,-27.7807,0,2543.36,38.3165,-0,-173.532,124.457,124.457,2.44208,10,0,0,-0.0109231,-0,0.0215474,0,1
9.88,-3.82016,0,762.936,-1.94946,0,155.649,0,0,0,0.999942,0,-0.010781,0,0,-0.0014924,0,92.096,1.00587,-27.8002,0,2543.45,38.3437,-0,-173.861,124.45,124.45,2.44192,10,0,0,-0.0109304,-0,0.0215623,0,1
9.89,-3.83968,0,764.494,-1.95386,0,155.809,0,0,0,0.999942,0,-0.0107884,0,0,-0.0014908,0,92.088,1.00583,-27.8197,0,2543.54,38.3708,-0,-174.189,124.444,124.444,2.44176,10,0,0,-0.0109377,-0,0.0215773,0,1
9.9,-3.85924,0,766.053,-1.95827,0,155.968,0,0,0,0.999942,0,-0.0107959,0,0,-0.00148919,0,92.08,1.00579,-27.8392,0,2543.62,38.3979,-0,-174.518,124.437,124.437,2.4416,10,0,0,-0.010945,-0,0.0215922,0,1
9.91,-3.87884,0,767.613,-1.96268,0,156.127,0,0,0,0.999942,0,-0.0108033,0,0,-0.00148759,0,92.072,1.00576,-27.8586,0,2543.71,38.425,-0,-174.847,124.43,124.43,2.44144,10,0,0,-0.0109523,-0,0.021607,0,1
9.92,-3.89849,0,769.175,-1.96709,0,156.286,0,0,0,0.999942,0,-0.0108107,0,0,-0.00148599,0,92.064,1.00572,-27.8781,0,2543.79,38.4521,-0,-175.176,124.424,124.424,2.44128,10,0,0,-0.0109596,-0,0.0216219,0,1
9.93,-3.91819,0,770.739,-1.97151,0,156.445,0,0,0,0.999941,0,-0.0108182,0,0,-0.00148439,0,92.056,1.00568,-27.8975,0,2543.88,38.4791,-0,-175.506,124.417,124.417,2.44112,10,0,0,-0.0109668,-0,0.0216368,0,1
9.94,-3.93792,0,772.304,-1.97593,0,156.604,0,0,0,0.999941,0,-0.0108256,0,0,-0.00148279,0,92.048,1.00564,-27.9169,0,2543.96,38.5061,-0,-175.835,124.41,124.41,2.44096,10,0,0,-0.0109741,-0,0.0216516,0,1
9.95,-3.9577,0,773.871,-1.98035,0,156.763,0,0,0,0.999941,0,-0.010833,0,0,-0.00148119,0,92.04,1.00561,-27.9363,0,2544.05,38.5331,-0,-176.165,124.404,124.404,2.4408,10,0,0,-0.0109813,-0,0.0216664,0,1
9.96,-3.97753,0,775.439,-1.98477,0,156.923,0,0,0,0.999941,0,-0.0108404,0,0,-0.00147959,0,92.032,1.00557,-27.9557,0,2544.14,38.56,-0,-176.495,124.397,124.397,2.44064,10,0,0,-0.0109886,-0,0.0216812,0,1
9.97,-3.9974,0,777.009,-1.9892,0,157.082,0,0,0,0.999941,0,-0.0108478,0,0,-0.00147799,0,92.024,1.00553,-27.9751,0,2544.22,38.587,-0,-176.825,124.391,124.391,2.44048,10,0,0,-0.0109958,-0,0.021696,0,1
9.98,-4.01731,0,778.581,-1.99363,0,157.241,0,0,0,0.999941,0,-0.0108552,0,0,-0.0014764,0,92.016,1.0055,-27.9944,0,2544.31,38.6139,-0,-177.156,124.384,124.384,2.44032,10,0,0,-0.011003,-0,0.0217108,0,1
9.99,-4.03727,0,780.154,-1.99806,0,157.4,0,0,0,0.999941,0,-0.0108626,0,0,-0.0014748,0,92.008,1.00546,-28.0137,0,2544.39,38.6407,-0,-177.487,124.377,124.377,2.44016,10,0,0,-0.0110102,-0,0.0217255,0,1
10,-4.05727,0,781.729,-2.0025,0,157.559,0,0,0,0.999941,0,-0.0108699,0,0,-0.00147321,0,92,1.00542,-28.033,0,2544.48,38.6676,-0,-177.818,124.371,124.371,2.44,10,0,0,-0.0110175,-0,0.0217403,0,1
10.01,-4.07732,0,783.305,-2.00693,0,157.718,0,0,0,0.999941,0,-0.0108773,0,0,-0.00147878,0,91.992,1.00539,-27.9977,0,2539.48,38.6943,-0,-178.148,124.364,124.364,2.43984,10,0,0,-0.0110254,-0,0.021755,0,1
10.02,-4.09741,0,784.883,-2.01134,0,157.876,0,0,0,0.999941,0,-0.0108847,0,0,-0.00149633,0,91.984,1.00535,-27.9655,0,2534.47,38.7208,-0,-178.478,124.357,124.357,2.43968,10,0,0,-0.0110346,-0,0.0217699,0,1
10.03,-4.11755,0,786.463,-2.01574,0,158.034,0,0,0,0.999941,0,-0.0108923,0,0,-0.00152442,0,91.9761,1.00531,-27.9362,0,2529.47,38.7468,-0,-178.806,124.351,124.351,2.43952,10,0,0,-0.0110449,-0,0.021785,0,1
10.04,-4.13773,0,788.044,-2.02012,0,158.191,0,0,0,0.999941,0,-0.0109,0,0,-0.00156175,0,91.9681,1.00527,-27.9096,0,2524.47,38.7725,-0,-179.133,124.344,124.344,2.43936,10,0,0,-0.0110564,-0,0.0218004,0,1
10.05,-4.15795,0,789.627,-2.02449,0,158.347,0,0,0,0.999941,0,-0.0109079,0,0,-0.00160712,0,91.9602,1.00524,-27.8854,0,2519.46,38.7976,-0,-179.46,124.338,124.338,2.4392,10,0,0,-0.0110688,-0,0.0218163,0,1
10.06,-4.17822,0,791.211,-2.02885,0,158.503,0,0,0,0.99994,0,-0.0109161,0,0,-0.00165943,0,91.9523,1.0052,-27.8635,0,2514.46,38.8223,-0,-179.785,124.331,124.331,2.43905,10,0,0,-0.0110822,-0,0.0218326,0,1
10.07,-4.19853,0,792.797,-2.03319,0,158.659,0,0,0,0.99994,0,-0.0109245,0,0,-0.00171768,0,91.9444,1.00516,-27.8436,0,2509.46,38.8463,-0,-180.109,124.325,124.325,2.43889,10,0,0,-0.0110965,-0,0.0218495,0,1
10.08,-4.21888,0,794.384,-2.03753,0,158.814,0,0,0,0.99994,0,-0.0109333,0,0,-0.00178097,0,91.9365,1.00513,-27.8257,0,2504.45,38.8697,-0,-180.432,124.318,124.318,2.43873,10,0,0,-0.0111116,-0,0.0218669,0,1
10.09,-4.23928,0,795.973,-2.04184,0,158.968,0,0,0,0.99994,0,-0.0109423,0,0,-0.00184846,0,91.9287,1.00509,-27.8094,0,2499.45,38.8924,-0,-180.755,124.312,124.312,2.43857,10,0,0,-0.0111274,-0,0.0218851,0,1
10.1,-4.25972,0,797.563,-2.04615,0,159.122,0,0,0,0.99994,0,-0.0109517,0,0,-0.00191939,0,91.9208,1.00506,-27.7948,0,2494.44,38.9144,-0,-181.076,124.305,124.305,2.43842,10,0,0,-0.0111439,-0,0.0219039,0,1
10.11,-4.2802,0,799.155,-2.05045,0,159.275,0,0,0,0.99994,0,-0.0109615,0,0,-0.0019931,0,91.913,1.00502,-27.7815,0,2489.43,38.9358,-0,-181.396,124.299,124.299,2.43826,10,0,0,-0.0111611,-0,0.0219235,0,1
10.12,-4.30073,0,800.749,-2.05473,0,159.428,0,0,0,0.99994,0,-0.0109717,0,0,-0.00206896,0,91.9052,1.00498,-27.7696,0,2484.43,38.9563,-0,-181.715,124.292,124.292,2.4381,10,0,0,-0.0111788,-0,0.0219438,0,1
10.13,-4.3213,0,802.344,-2.05901,0,159.58,0,0,0,0.99994,0,-0.0109822,0,0,-0.00214642,0,91.8974,1.00495,-27.7588,0,2479.42,38.9762,-0,-182.033,124.286,124.286,2.43795,10,0,0,-0.0111971,-0,0.0219649,0,1
10.14,-4.34191,0,803.941,-2.06327,0,159.732,0,0,0,0.99994,0,-0.0109931,0,0,-0.00222498,0,91.8896,1.00491,-27.7492,0,2474.42,38.9953,-0,-182.35,124.279,124.279,2.43779,10,0,0,-0.0112159,-0,0.0219867,0,1
10.15,-4.36256,0,805.539,-2.06753,0,159.883,0,0,0,0.999939,0,-0.0110045,0,0,-0.0023042,0,91.8818,1.00487,-27.7404,0,2469.41,39.0136,-0,-182.665,124.273,124.273,2.43764,10,0,0,-0.0112351,-0,0.0220094,0,1
10.16,-4.38326,0,807.138,-2.07177,0,160.033,0,0,0,0.999939,0,-0.0110162,0,0,-0.00238368,0,91.8741,1.00484,-27.7326,0,2464.4,39.0311,-0,-182.98,124.266,124.266,2.43748,10,0,0,-0.0112548,-0,0.0220328,0,1
10.17,-4.404,0,808.739,-2.07601,0,160.183,0,0,0,0.999939,0,-0.0110283,0,0,-0.00246308,0,91.8663,1.0048,-27.7255,0,2459.39,39.0479,-0,-183.294,124.26,124.26,2.43733,10,0,0,-0.0112748,-0,0.022057,0,1
10.18,-4.42478,0,810.342,-2.08024,0,160.332,0,0,0,0.999939,0,-0.0110408,0,0,-0.00254207,0,91.8586,1.00477,-27.719,0,2454.39,39.0639,-0,-183.606,124.254,124.254,2.43717,10,0,0,-0.0112952,-0,0.0220821,0,1
10.19,-4.4456,0,811.946,-2.08446,0,160.481,0,0,0,0.999939,0,-0.0110537,0,0,-0.0026204,0,91.8509,1.00473,-27.7132,0,2449.38,39.0791,-0,-183.918,124.247,124.247,2.43702,10,0,0,-0.011316,-0,0.0221079,0,1
10.2,-4.46647,0,813.551,-2.08867,0,160.629,0,0,0,0.999939,0,-0.011067,0,0,-0.0026978,0,91.8432,1.00469,-27.7079,0,2444.37,39.0935,-0,-184.228,124.241,124.241,2.43686,10,0,0,-0.011337,-0,0.0221345,0,1
10.21,-4.48738,0,815.159,-2.09287,0,160.777,0,0,0,0.999939,0,-0.0110807,0,0,-0.00277409,0,91.8355,1.00466,-27.703,0,2439.36,39.1072,-0,-184.538,124.234,124.234,2.43671,10,0,0,-0.0113583,-0,0.0221618,0,1
10.22,-4.50832,0,816.767,-2.09706,0,160.924,0,0,0,0.999938,0,-0.0110948,0,0,-0.00284909,0,91.8279,1.00462,-27.6986,0,2434.35,39.1202,-0,-184.846,124.228,124.228,2.43656,10,0,0,-0.0113799,-0,0.02219,0,1
10.23,-4.52932,0,818.377,-2.10125,0,161.07,0,0,0,0.999938,0,-0.0111092,0,0,-0.00292263,0,91.8203,1.00459,-27.6944,0,2429.34,39.1324,-0,-185.153,124.222,124.222,2.43641,10,0,0,-0.0114017,-0,0.0222188,0,1
10.24,-4.55035,0,819.988,-2.10543,0,161.216,0,0,0,0.999938,0,-0.011124,0,0,-0.00299459,0,91.8126,1.00455,-27.6906,0,2424.33,39.1439,-0,-185.459,124.215,124.215,2.43625,10,0,0,-0.0114237,-0,0.0222484,0,1
10.25,-4.57143,0,821.601,-2.10961,0,161.362,0,0,0,0.999938,0,-0.0111391,0,0,-0.00306486,0,91.805,1.00452,-27.687,0,2419.32,39.1546,-0,-185.764,124.209,124.209,2.4361,10,0,0,-0.0114458,-0,0.0222787,0,1
10.26,-4.59254,0,823.216,-2.11377,0,161.507,0,0,0,0.999938,0,-0.0111546,0,0,-0.00313337,0,91.7974,1.00448,-27.6836,0,2414.31,39.1647,-0,-186.068,124.203,124.203,2.43595,10,0,0,-0.0114682,-0,0.0223097,0,1
10.27,-4.6137,0,824.831,-2.11793,0,161.651,0,0,0,0.999938,0,-0.0111705,0,0,-0.00320003,0,91.7899,1.00445,-27.6803,0,2409.3,39.1741,-0,-186.371,124.197,124.197,2.4358,10,0,0,-0.0114907,-0,0.0223414,0,1
10.28,-4.6349,0,826.449,-2.12209,0,161.795,0,0,0,0.999937,0,-0.0111866,0,0,-0.0032648,0,91.7823,1.00441,-27.6772,0,2404.29,39.1827,-0,-186.672,124.19,124.19,2.43565,10,0,0,-0.0115133,-0,0.0223737,0,1
10.29,-4.65614,0,828.067,-2.12624,0,161.938,0,0,0,0.999937,0,-0.0112031,0,0,-0.00332763,0,91.7748,1.00438,-27.6741,0,2399.28,39.1907,-0,-186.973,124.184,124.184,2.4355,10,0,0,-0.0115361,-0,0.0224067,0,1
10.3,-4.67743,0,829.687,-2.13038,0,162.08,0,0,0,0.999937,0,-0.0112199,0,0,-0.00338851,0,91.7672,1.00434,-27.671,0,2394.27,39.1981,-0,-187.272,124.178,124.178,2.43534,10,0,0,-0.011559,-0,0.0224402,0,1
10.31,-4.69875,0,831.309,-2.13452,0,162.223,0,0,0,0.999937,0,-0.011237,0,0,-0.00344741,0,91.7597,1.00431,-27.668,0,2389.26,39.2048,-0,-187.57,124.172,124.172,2.43519,10,0,0,-0.011582,-0,0.0224744,0,1
10.32,-4.72012,0,832.932,-2.13865,0,162.364,0,0,0,0.999937,0,-0.0112544,0,0,-0.00350434,0,91.7522,1.00427,-27.665,0,2384.25,39.2109,-0,-187.868,124.165,124.165,2.43504,10,0,0,-0.011605,-0,0.0225092,0,1
10.33,-4.74152,0,834.556,-2.14278,0,162.505,0,0,0,0.999936,0,-0.011272,0,0,-0.00355929,0,91.7447,1.00424,-27.6619,0,2379.23,39.2163,-0,-188.164,124.159,124.159,2.43489,10,0,0,-0.0116282,-0,0.0225445,0,1
10.34,-4.76297,0,836.182,-2.1469,0,162.645,0,0,0,0.999936,0,-0.0112899,0,0,-0.00361229,0,91.7373,1.0042,-27.6587,0,2374.22,39.2212,-0,-188.458,124.153,124.153,2.43475,10,0,0,-0.0116514,-0,0.0225804,0,1
10.35,-4.78446,0,837.809,-2.15101,0,162.785,0,0,0,0.999936,0,-0.0113081,0,0,-0.00366334,0,91.7298,1.00417,-27.6555,0,2369.21,39.2255,-0,-188.752,124.147,124.147,2.4346,10,0,0,-0.0116747,-0,0.0226167,0,1
10.36,-4.80599,0,839.438,-2.15512,0,162.924,0,0,0,0.999936,0,-0.0113266,0,0,-0.00371249,0,91.7224,1.00413,-27.6522,0,2364.19,39.2292,-0,-189.045,124.141,124.141,2.43445,10,0,0,-0.0116981,-0,0.0226536,0,1
10.37,-4.82756,0,841.068,-2.15923,0,163.063,0,0,0,0.999936,0,-0.0113452,0,0,-0.00375976,0,91.715,1.0041,-27.6488,0,2359.18,39.2323,-0,-189.336,124.135,124.135,2.4343,10,0,0,-0.0117215,-0,0.022691,0,1
10.38,-4.84918,0,842.699,-2.16333,0,163.201,0,0,0,0.999935,0,-0.0113642,0,0,-0.00380518,0,91.7076,1.00406,-27.6453,0,2354.17,39.2349,-0,-189.627,124.128,124.128,2.43415,10,0,0,-0.0117449,-0,0.0227288,0,1
10.39,-4.87083,0,844.332,-2.16743,0,163.339,0,0,0,0.999935,0,-0.0113833,0,0,-0.0038488,0,91.7002,1.00403,-27.6416,0,2349.15,39.237,-0,-189.916,124.122,124.122,2.434,10,0,0,-0.0117684,-0,0.0227671,0,1
10.4,-4.89252,0,845.966,-2.17153,0,163.476,0,0,0,0.999935,0,-0.0114026,0,0,-0.00389067,0,91.6928,1.004,-27.6377,0,2344.14,39.2386,-0,-190.204,124.116,124.116,2.43386,10,0,0,-0.011792,-0,0.0228058,0,1
10.41,-4.91426,0,847.601,-2.17561,0,163.612,0,0,0,0.999935,0,-0.0114222,0,0,-0.00393082,0,91.6855,1.00396,-27.6338,0,2339.12,39.2396,-0,-190.491,124.11,124.11,2.43371,10,0,0,-0.0118155,-0,0.0228449,0,1
10.42,-4.93604,0,849.238,-2.1797,0,163.748,0,0,0,0.999935,0,-0.0114419,0,0,-0.0039693,0,91.6781,1.00393,-27.6296,0,2334.11,39.2402,-0,-190.777,124.104,124.104,2.43356,10,0,0,-0.0118391,-0,0.0228844,0,1
10.43,-4.95785,0,850.876,-2.18378,0,163.884,0,0,0,0.999934,0,-0.0114619,0,0,-0.00400618,0,91.6708,1.00389,-27.6253,0,2329.09,39.2403,-0,-191.061,124.098,124.098,2.43342,10,0,0,-0.0118628,-0,0.0229243,0,1
10.44,-4.97971,0,852.516,-2.18786,0,164.018,0,0,0,0.999934,0,-0.011482,0,0,-0.00404149,0,91.6635,1.00386,-27.6207,0,2324.08,39.2399,-0,-191.345,124.092,124.092,2.43327,10,0,0,-0.0118864,-0,0.0229645,0,1
10.45,-5.00161,0,854.156,-2.19193,0,164.153,0,0,0,0.999934,0,-0.0115023,0,0,-0.00407529,0,91.6562,1.00383,-27.616,0,2319.06,39.2391,-0,-191.627,124.086,124.086,2.43312,10,0,0,-0.0119101,-0,0.0230051,0,1
10.46,-5.02355,0,855.799,-2.196,0,164.286,0,0,0,0.999934,0,-0.0115227,0,0,-0.00410763,0,91.649,1.00379,-27.6111,0,2314.05,39.2378,-0,-191.908,124.08,124.08,2.43298,10,0,0,-0.0119338,-0,0.023046,0,1
10.47,-5.04553,0,857.442,-2.20006,0,164.419,0,0,0,0.999933,0,-0.0115434,0,0,-0.00413858,0,91.6417,1.00376,-27.606,0,2309.03,39.2361,-0,-192.188,124.074,124.074,2.43283,10,0,0,-0.0119575,-0,0.0230872,0,1
10.48,-5.06755,0,859.087,-2.20412,0,164.552,0,0,0,0.999933,0,-0.0115641,0,0,-0.00416817,0,91.6345,1.00372,-27.6007,0,2304.01,39.2339,-0,-192.467,124.068,124.068,2.43269,10,0,0,-0.0119812,-0,0.0231288,0,1
10.49,-5.08961,0,860.733,-2.20818,0,164.684,0,0,0,0.999933,0,-0.011585,0,0,-0.00419646,0,91.6272,1.00369,-27.5952,0,2299,39.2314,-0,-192.744,124.062,124.062,2.43254,10,0,0,-0.0120049,-0,0.0231706,0,1
10.5,-5.11172,0,862.381,-2.21224,0,164.815,0,0,0,0.999933,0,-0.0116061,0,0,-0.00422352,0,91.62,1.00366,-27.5895,0,2293.98,39.2284,-0,-193.021,124.056,124.056,2.4324,10,0,0,-0.0120287,-0,0.0232127,0,1
10.51,-5.13386,0,864.03,-2.21629,0,164.946,0,0,0,0.999932,0,-0.0116273,0,0,-0.00424938,0,91.6128,1.00362,-27.5835,0,2288.96,39.225,-0,-193.296,124.05,124.05,2.43226,10,0,0,-0.0120525,-0,0.0232551,0,1
10.52,-5.15604,0,865.68,-2.22033,0,165.077,0,0,0,0.999932,0,-0.0116486,0,0,-0.0042741,0,91.6057,1.00359,-27.5774,0,2283.94,39.2213,-0,-193.57,124.044,124.044,2.43211,10,0,0,-0.0120763,-0,0.0232977,0,1
10.53,-5.17827,0,867.331,-2.22437,0,165.206,0,0,0,0.999932,0,-0.01167,0,0,-0.00429773,0,91.5985,1.00356,-27.571,0,2278.93,39.2172,-0,-193.843,124.038,124.038,2.43197,10,0,0,-0.0121,-0,0.0233405,0,1
10.54,-5.20053,0,868.984,-2.22841,0,165.336,0,0,0,0.999932,0,-0.0116916,0,0,-0.00432032,0,91.5914,1.00352,-27.5644,0,2273.91,39.2127,-0,-194.114,124.032,124.032,2.43183,10,0,0,-0.0121239,-0,0.0233836,0,1
10.55,-5.22283,0,870.638,-2.23245,0,165.464,0,0,0,0.999931,0,-0.0117132,0,0,-0.00434193,0,91.5842,1.00349,-27.5576,0,2268.89,39.2078,-0,-194.385,124.026,124.026,2.43168,10,0,0,-0.0121477,-0,0.0234269,0,1
10.56,-5.24518,0,872.293,-2.23648,0,165.592,0,0,0,0.999931,0,-0.011735,0,0,-0.00436258,0,91.5771,1.00346,-27.5506,0,2263.87,39.2026,-0,-194.654,124.02,124.02,2.43154,10,0,0,-0.0121715,-0,0.0234705,0,1
10.57,-5.26756,0,873.95,-2.24051,0,165.72,0,0,0,0.999931,0,-0.0117568,0,0,-0.00438235,0,91.57,1.00342,-27.5434,0,2258.85,39.1971,-0,-194.922,124.014,124.014,2.4314,10,0,0,-0.0121953,-0,0.0235142,0,1
10.58,-5.28999,0,875.607,-2.24453,0,165.847,0,0,0,0.999931,0,-0.0117788,0,0,-0.00440125,0,91.563,1.00339,-27.5359,0,2253.83,39.1912,-0,-195.189,124.008,124.008,2.43126,10,0,0,-0.0122192,-0,0.0235581,0,1
10.59,-5.31245,0,877.267,-2.24856,0,165.973,0,0,0,0.99993,0,-0.0118008,0,0,-0.00441935,0,91.5559,1.00336,-27.5283,0,2248.81,39.185,-0,-195.455,124.003,124.003,2.43112,10,0,0,-0.012243,-0,0.0236022,0,1
10.6,-5.33496,0,878.927,-2.25257,0,166.099,0,0,0,0.99993,0,-0.011823,0,0,-0.00443669,0,91.5488,1.00333,-27.5204,0,2243.79,39.1784,-0,-195.719,123.997,123.997,2.43098,10,0,0,-0.0122669,-0,0.0236465,0,1
10.61,-5.35751,0,880.589,-2.25659,0,166.224,0,0,0,0.99993,0,-0.0118452,0,0,-0.00445329,0,91.5418,1.00329,-27.5123,0,2238.77,39.1716,-0,-195.983,123.991,123.991,2.43084,10,0,0,-0.0122908,-0,0.023691,0,1
10.62,-5.38009,0,882.251,-2.2606,0,166.349,0,0,0,0.99993,0,-0.0118675,0,0,-0.00446922,0,91.5348,1.00326,-27.504,0,2233.75,39.1644,-0,-196.245,123.985,123.985,2.4307,10,0,0,-0.0123147,-0,0.0237356,0,1
10.63,-5.40272,0,883.916,-2.2646,0,166.473,0,0,0,0.999929,0,-0.0118899,0,0,-0.00448449,0,91.5278,1.00323,-27.4954,0,2228.73,39.1569,-0,-196.506,123.979,123.979,2.43056,10,0,0,-0.0123386,-0,0.0237803,0,1
10.64,-5.42538,0,885.581,-2.26861,0,166.597,0,0,0,0.999929,0,-0.0119123,0,0,-0.00449915,0,91.5208,1.00319,-27.4867,0,2223.7,39.1491,-0,-196.765,123.974,123.974,2.43042,10,0,0,-0.0123625,-0,0.0238253,0,1
10.65,-5.44809,0,887.247,-2.27261,0,166.72,0,0,0,0.999929,0,-0.0119349,0,0,-0.00451323,0,91.5139,1.00316,-27.4777,0,2218.68,39.141,-0,-197.024,123.968,123.968,2.43028,10,0,0,-0.0123865,-0,0.0238703,0,1
10.66,-5.47084,0,888.915,-2.2766,0,166.842,0,0,0,0.999929,0,-0.0119575,0,0,-0.00452677,0,91.5069,1.00313,-27.4686,0,2213.66,39.1326,-0,-197.281,123.962,123.962,2.43014,10,0,0,-0.0124104,-0,0.0239155,0,1
10.67,-5.49362,0,890.584,-2.2806,0,166.964,0,0,0,0.999928,0,-0.0119801,0,0,-0.00453979,0,91.5,1.0031,-27.4592,0,2208.64,39.124,-0,-197.537,123.956,123.956,2.43,10,0,0,-0.0124344,-0,0.0239608,0,1
10.68,-5.51645,0,892.255,-2.28458,0,167.085,0,0,0,0.999928,0,-0.0120029,0,0,-0.00455234,0,91.493,1.00306,-27.4496,0,2203.61,39.115,-0,-197.792,123.951,123.951,2.42986,10,0,0,-0.0124584,-0,0.0240063,0,1
10.69,-5.53931,0,893.926,-2.28857,0,167.206,0,0,0,0.999928,0,-0.0120257,0,0,-0.00456444,0,91.4861,1.00303,-27.4398,0,2198.59,39.1058,-0,-198.045,123.945,123.945,2.42972,10,0,0,-0.0124824,-0,0.0240519,0,1
10.7,-5.56222,0,895.599,-2.29255,0,167.327,0,0,0,0.999927,0,-0.0120485,0,0,-0.00457611,0,91.4793,1.003,-27.4298,0,2193.57,39.0962,-0,-198.297,123.939,123.939,2.42959,10,0,0,-0.0125064,-0,0.0240976,0,1
10.71,-5.58516,0,897.273,-2.29653,0,167.446,0,0,0,0.999927,0,-0.0120714,0,0,-0.00458739,0,91.4724,1.00297,-27.4196,0,2188.54,39.0864,-0,-198.549,123.933,123.933,2.42945,10,0,0,-0.0125304,-0,0.0241434,0,1
10.72,-5.60815,0,898.948,-2.3005,0,167.565,0,0,0,0.999927,0,-0.0120944,0,0,-0.0045983,0,91.4655,1.00294,-27.4092,0,2183.52,39.0764,-0,-198.798,123.928,123.928,2.42931,10,0,0,-0.0125545,-0,0.0241893,0,1
10.73,-5.63117,0,900.624,-2.30447,0,167.684,0,0,0,0.999927,0,-0.0121174,0,0,-0.00460887,0,91.4587,1.0029,-27.3985,0,2178.49,39.066,-0,-199.047,123.922,123.922,2.42917,10,0,0,-0.0125786,-0,0.0242354,0,1
10.74,-5.65424,0,902.301,-2.30844,0,167.802,0,0,0,0.999926,0,-0.0121405,0,0,-0.00461911,0,91.4519,1.00287,-27.3877,0,2173.47,39.0555,-0,-199.294,123.916,123.916,2.42904,10,0,0,-0.0126027,-0,0.0242815,0,1
10.75,-5.67734,0,903.98,-2.3124,0,167.919,0,0,0,0.999926,0,-0.0121636,0,0,-0.00462906,0,91.4451,1.00284,-27.3767,0,2168.44,39.0446,-0,-199.54,123.911,123.911,2.4289,10,0,0,-0.0126268,-0,0.0243278,0,1
10.76,-5.70049,0,905.66,-2.31636,0,168.036,0,0,0,0.999926,0,-0.0121867,0,0,-0.00463873,0,91.4383,1.00281,-27.3655,0,2163.42,39.0335,-0,-199.785,123.905,123.905,2.42877,10,0,0,-0.0126509,-0,0.0243741,0,1
10.77,-5.72367,0,907.341,-2.32032,0,168.152,0,0,0,0.999925,0,-0.01221,0,0,-0.00464814,0,91.4315,1.00278,-27.354,0,2158.39,39.0221,-0,-200.029,123.899,123.899,2.42863,10,0,0,-0.0126751,-0,0.0244205,0,1
10.78,-5.74689,0,909.023,-2.32427,0,168.268,0,0,0,0.999925,0,-0.0122332,0,0,-0.00465731,0,91.4247,1.00275,-27.3424,0,2153.37,39.0105,-0,-200.271,123.894,123.894,2.42849,10,0,0,-0.0126993,-0,0.0244671,0,1
10.79,-5.77016,0,910.706,-2.32822,0,168.383,0,0,0,0.999925,0,-0.0122565,0,0,-0.00466626,0,91.418,1.00271,-27.3306,0,2148.34,38.9986,-0,-200.512,123.888,123.888,2.42836,10,0,0,-0.0127235,-0,0.0245137,0,1
10.8,-5.79346,0,912.39,-2.33216,0,168.498,0,0,0,0.999925,0,-0.0122799,0,0,-0.00467501,0,91.4113,1.00268,-27.3186,0,2143.31,38.9865,-0,-200.752,123.883,123.883,2.42823,10,0,0,-0.0127477,-0,0.0245604,0,1
10.81,-5.8168,0,914.076,-2.3361,0,168.612,0,0,0,0.999924,0,-0.0123033,0,0,-0.00468358,0,91.4046,1.00265,-27.3064,0,2138.29,38.9741,-0,-200.991,123.877,123.877,2.42809,10,0,0,-0.0127719,-0,0.0246072,0,1
10.82,-5.84018,0,915.763,-2.34004,0,168.726,0,0,0,0.999924,0,-0.0123267,0,0,-0.00469197,0,91.3979,1.00262,-27.294,0,2133.26,38.9615,-0,-201.228,123.872,123.872,2.42796,10,0,0,-0.0127962,-0,0.0246541,0,1
10.83,-5.8636,0,917.45,-2.34397,0,168.839,0,0,0,0.999924,0,-0.0123502,0,0,-0.00470021,0,91.3912,1.00259,-27.2814,0,2128.23,38.9486,-0,-201.464,123.866,123.866,2.42782,10,0,0,-0.0128205,-0,0.024701,0,1
10.84,-5.88706,0,919.139,-2.3479,0,168.951,0,0,0,0.999923,0,-0.0123737,0,0,-0.0047083,0,91.3845,1.00256,-27.2686,0,2123.2,38.9355,-0,-201.699,123.861,123.861,2.42769,10,0,0,-0.0128449,-0,0.0247481,0,1
10.85,-5.91056,0,920.829,-2.35182,0,169.063,0,0,0,0.999923,0,-0.0123973,0,0,-0.00471627,0,91.3779,1.00253,-27.2556,0,2118.17,38.9222,-0,-201.933,123.855,123.855,2.42756,10,0,0,-0.0128692,-0,0.0247952,0,1
10.86,-5.9341,0,922.521,-2.35574,0,169.174,0,0,0,0.999923,0,-0.0124209,0,0,-0.00472411,0,91.3712,1.0025,-27.2424,0,2113.15,38.9086,-0,-202.165,123.85,123.85,2.42742,10,0,0,-0.0128936,-0,0.0248424,0,1
10.87,-5.95767,0,924.213,-2.35966,0,169.285,0,0,0,0.999923,0,-0.0124445,0,0,-0.00473186,0,91.3646,1.00247,-27.229,0,2108.12,38.8947,-0,-202.396,123.844,123.844,2.42729,10,0,0,-0.012918,-0,0.0248897,0,1
10.88,-5.98129,0,925.906,-2.36357,0,169.395,0,0,0,0.999922,0,-0.0124682,0,0,-0.00473951,0,91.358,1.00243,-27.2155,0,2103.09,38.8807,-0,-202.626,123.839,123.839,2.42716,10,0,0,-0.0129425,-0,0.024937,0,1
10.89,-6.00494,0,927.601,-2.36748,0,169.504,0,0,0,0.999922,0,-0.0124919,0,0,-0.00474707,0,91.3514,1.0024,-27.2018,0,2098.06,38.8664,-0,-202.855,123.833,123.833,2.42703,10,0,0,-0.0129669,-0,0.0249845,0,1
10.9,-6.02864,0,929.296,-2.37138,0,169.613,0,0,0,0.999922,0,-0.0125157,0,0,-0.00475456,0,91.3449,1.00237,-27.1878,0,2093.03,38.8519,-0,-203.082,123.828,123.828,2.4269,10,0,0,-0.0129914,-0,0.025032,0,1
10.91,-6.05237,0,930.993,-2.37528,0,169.722,0,0,0,0.999921,0,-0.0125394,0,0,-0.00476198,0,91.3383,1.00234,-27.1737,0,2088,38.8371,-0,-203.308,123.822,123.822,2.42677,10,0,0,-0.013016,-0,0.0250795,0,1
10.92,-6.07614,0,932.691,-2.37918,0,169.83,0,0,0,0.999921,0,-0.0125633,0,0,-0.00476935,0,91.3318,1.00231,-27.1594,0,2082.97,38.8221,-0,-203.533,123.817,123.817,2.42664,10,0,0,-0.0130405,-0,0.0251272,0,1
10.93,-6.09995,0,934.39,-2.38307,0,169.937,0,0,0,0.999921,0,-0.0125871,0,0,-0.00477667,0,91.3253,1.00228,-27.1449,0,2077.93,38.8069,-0,-203.756,123.811,123.811,2.42651,10,0,0,-0.0130651,-0,0.0251749,0,1
10.94,-6.1238,0,936.09,-2.38695,0,170.044,0,0,0,0.99992,0,-0.012611,0,0,-0.00478395,0,91.3188,1.00225,-27.1302,0,2072.9,38.7914,-0,-203.978,123.806,123.806,2.42638,10,0,0,-0.0130898,-0,0.0252227,0,1
10.95,-6.14769,0,937.791,-2.39083,0,170.15,0,0,0,0.99992,0,-0.012635,0,0,-0.00479119,0,91.3123,1.00222,-27.1154,0,2067.87,38.7757,-0,-204.199,123.801,123.801,2.42625,10,0,0,-0.0131144,-0,0.0252706,0,1
10.96,-6.17162,0,939.493,-2.39471,0,170.256,0,0,0,0.99992,0,-0.0126589,0,0,-0.00479841,0,91.3058,1.00219,-27.1004,0,2062.84,38.7598,-0,-204.419,123.795,123.795,2.42612,10,0,0,-0.0131391,-0,0.0253186,0,1
10.97,-6.19559,0,941.196,-2.39859,0,170.361,0,0,0,0.99992,0,-0.012683,0,0,-0.00480561,0,91.2993,1.00216,-27.0851,0,2057.81,38.7436,-0,-204.637,123.79,123.79,2.42599,10,0,0,-0.0131639,-0,0.0253666,0,1
10.98,-6.21959,0,942.9,-2.40245,0,170.465,0,0,0,0.999919,0,-0.012707,0,0,-0.00481279,0,91.2929,1.00213,-27.0697,0,2052.77,38.7272,-0,-204.854,123.785,123.785,2.42586,10,0,0,-0.0131886,-0,0.0254147,0,1
10.99,-6.24364,0,944.605,-2.40632,0,170.569,0,0,0,0.999919,0,-0.0127311,0,0,-0.00481996,0,91.2865,1.0021,-27.0541,0,2047.74,38.7106,-0,-205.07,123.779,123.779,2.42573,10,0,0,-0.0132134,-0,0.0254628,0,1
11,-6.26772,0,946.311,-2.41018,0,170.673,0,0,0,0.999919,0,-0.0127552,0,0,-0.00482713,0,91.2801,1.00207,-27.0384,0,2042.71,38.6938,-0,-205.284,123.774,123.774,2.4256,10,0,0,-0.0132382,-0,0.0255111,0,1
11.01,-6.29184,0,948.018,-2.41403,0,170.776,0,0,0,0.999918,0,-0.0127793,0,0,-0.0048343,0,91.2737,1.00204,-27.0224,0,2037.67,38.6767,-0,-205.497,123.769,123.769,2.42547,10,0,0,-0.0132631,-0,0.0255594,0,1
11.02,-6.316,0,949.727,-2.41788,0,170.878,0,0,0,0.999918,0,-0.0128035,0,0,-0.00484148,0,91.2673,1.00201,-27.0063,0,2032.64,38.6595,-0,-205.709,123.763,123.763,2.42535,10,0,0,-0.013288,-0,0.0256078,0,1
11.03,-6.3402,0,951.436,-2.42173,0,170.98,0,0,0,0.999918,0,-0.0128278,0,0,-0.00484866,0,91.261,1.00198,-26.99,0,2027.6,38.6419,-0,-205.919,123.758,123.758,2.42522,10,0,0,-0.013313,-0,0.0256562,0,1
11.04,-6.36443,0,953.146,-2.42557,0,171.081,0,0,0,0.999917,0,-0.012852,0,0,-0.00485586,0,91.2546,1.00195,-26.9735,0,2022.57,38.6242,-0,-206.129,123.753,123.753,2.42509,10,0,0,-0.013338,-0,0.0257047,0,1
11.05,-6.38871,0,954.858,-2.42941,0,171.182,0,0,0,0.999917,0,-0.0128763,0,0,-0.00486307,0,91.2483,1.00192,-26.9568,0,2017.53,38.6062,-0,-206.337,123.748,123.748,2.42497,10,0,0,-0.013363,-0,0.0257533,0,1
11.06,-6.41302,0,956.57,-2.43324,0,171.282,0,0,0,0.999917,0,-0.0129006,0,0,-0.00487031,0,91.242,1.00189,-26.94,0,2012.5,38.5881,-0,-206.543,123.742,123.742,2.42484,10,0,0,-0.013388,-0,0.025802,0,1
11.07,-6.43737,0,958.283,-2.43707,0,171.381,0,0,0,0.999916,0,-0.012925,0,0,-0.00487757,0,91.2357,1.00186,-26.9229,0,2007.46,38.5696,-0,-206.749,123.737,123.737,2.42471,10,0,0,-0.0134131,-0,0.0258507,0,1
11.08,-6.46176,0,959.998,-2.44089,0,171.48,0,0,0,0.999916,0,-0.0129494,0,0,-0.00488486,0,91.2294,1.00183,-26.9057,0,2002.43,38.551,-0,-206.953,123.732,123.732,2.42459,10,0,0,-0.0134383,-0,0.0258995,0,1
11.09,-6.48619,0,961.713,-2.44471,0,171.578,0,0,0,0.999916,0,-0.0129739,0,0,-0.00489217,0,91.2231,1.0018,-26.8883,0,1997.39,38.5321,-0,-207.155,123.727,123.727,2.42446,10,0,0,-0.0134634,-0,0.0259484,0,1
11.1,-6.51066,0,963.429,-2.44852,0,171.676,0,0,0,0.999916,0,-0.0129983,0,0,-0.00489952,0,91.2169,1.00177,-26.8708,0,1992.35,38.5131,-0,-207.357,123.722,123.722,2.42434,10,0,0,-0.0134886,-0,0.0259974,0,1
11.11,-6.53516,0,965.146,-2.45233,0,171.773,0,0,0,0.999915,0,-0.0130228,0,0,-0.0049069,0,91.2107,1.00175,-26.853,0,1987.32,38.4937,-0,-207.557,123.716,123.716,2.42421,10,0,0,-0.0135139,-0,0.0260464,0,1
11.12,-6.55971,0,966.865,-2.45613,0,171.87,0,0,0,0.999915,0,-0.0130474,0,0,-0.00491433,0,91.2044,1.00172,-26.8351,0,1982.28,38.4742,-0,-207.756,123.711,123.711,2.42409,10,0,0,-0.0135392,-0,0.0260955,0,1
11.13,-6.58429,0,968.584,-2.45993,0,171.966,0,0,0,0.999915,0,-0.013072,0,0,-0.00492179,0,91.1982,1.00169,-26.817,0,1977.24,38.4545,-0,-207.953,123.706,123.706,2.42396,10,0,0,-0.0135645,-0,0.0261447,0,1
11.14,-6.6089,0,970.304,-2.46372,0,172.062,0,0,0,0.999914,0,-0.0130966,0,0,-0.00492929,0,91.1921,1.00166,-26.7987,0,1972.2,38.4345,-0,-208.149,123.701,123.701,2.42384,10,0,0,-0.0135899,-0,0.026194,0,1
11.15,-6.63356,0,972.025,-2.46751,0,172.157,0,0,0,0.999914,0,-0.0131213,0,0,-0.00493683,0,91.1859,1.00163,-26.7803,0,1967.17,38.4143,-0,-208.344,123.696,123.696,2.42372,10,0,0,-0.0136153,-0,0.0262433,0,1
11.16,-6.65825,0,973.747,-2.47129,0,172.251,0,0,0,0.999914,0,-0.013146,0,0,-0.00494442,0,91.1797,1.0016,-26.7616,0,1962.13,38.3939,-0,-208.537,123.691,123.691,2.42359,10,0,0,-0.0136408,-0,0.0262927,0,1
11.17,-6.68299,0,975.47,-2.47507,0,172.345,0,0,0,0.999913,0,-0.0131707,0,0,-0.00495206,0,91.1736,1.00157,-26.7428,0,1957.09,38.3732,-0,-208.73,123.686,123.686,2.42347,10,0,0,-0.0136663,-0,0.0263422,0,1
11.18,-6.70775,0,977.194,-2.47884,0,172.438,0,0,0,0.999913,0,-0.0131955,0,0,-0.00495975,0,91.1675,1.00154,-26.7238,0,1952.05,38.3523,-0,-208.921,123.681,123.681,2.42335,10,0,0,-0.0136918,-0,0.0263917,0,1
11.19,-6.73256,0,978.919,-2.48261,0,172.531,0,0,0,0.999913,0,-0.0132203,0,0,-0.00496748,0,91.1614,1.00151,-26.7046,0,1947.01,38.3313,-0,-209.11,123.675,123.675,2.42323,10,0,0,-0.0137174,-0,0.0264414,0,1
11.2,-6.75741,0,980.645,-2.48637,0,172.623,0,0,0,0.999912,0,-0.0132452,0,0,-0.00497527,0,91.1553,1.00149,-26.6853,0,1941.97,38.3099,-0,-209.298,123.67,123.67,2.42311,10,0,0,-0.0137431,-0,0.0264911,0,1
11.21,-6.78229,0,982.371,-2.49012,0,172.715,0,0,0,0.999912,0,-0.0132701,0,0,-0.00498311,0,91.1492,1.00146,-26.6658,0,1936.93,38.2884,-0,-209.485,123.665,123.665,2.42298,10,0,0,-0.0137688,-0,0.0265409,0,1
11.22,-6.80721,0,984.099,-2.49388,0,172.806,0,0,0,0.999912,0,-0.013295,0,0,-0.004991,0,91.1432,1.00143,-26.6461,0,1931.89,38.2667,-0,-209.671,123.66,123.66,2.42286,10,0,0,-0.0137945,-0,0.0265908,0,1
11.23,-6.83217,0,985.827,-2.49762,0,172.897,0,0,0,0.999911,0,-0.01332,0,0,-0.00499895,0,91.1371,1.0014,-26.6262,0,1926.84,38.2447,-0,-209.855,123.655,123.655,2.42274,10,0,0,-0.0138202,-0,0.0266407,0,1
11.24,-6.85716,0,987.557,-2.50136,0,172.987,0,0,0,0.999911,0,-0.013345,0,0,-0.00500695,0,91.1311,1.00137,-26.6061,0,1921.8,38.2225,-0,-210.038,123.65,123.65,2.42262,10,0,0,-0.0138461,-0,0.0266907,0,1
11.25,-6.88219,0,989.287,-2.5051,0,173.076,0,0,0,0.999911,0,-0.01337,0,0,-0.00501501,0,91.1251,1.00134,-26.5859,0,1916.76,38.2001,-0,-210.219,123.645,123.645,2.4225,10,0,0,-0.0138719,-0,0.0267408,0,1
11.26,-6.90726,0,991.018,-2.50883,0,173.165,0,0,0,0.99991,0,-0.0133951,0,0,-0.00502313,0,91.1191,1.00132,-26.5655,0,1911.72,38.1774,-0,-210.4,123.64,123.64,2.42238,10,0,0,-0.0138978,-0,0.026791,0,1
11.27,-6.93237,0,992.75,-2.51255,0,173.253,0,0,0,0.99991,0,-0.0134202,0,0,-0.00503131,0,91.1131,1.00129,-26.5449,0,1906.68,38.1545,-0,-210.579,123.635,123.635,2.42226,10,0,0,-0.0139238,-0,0.0268413,0,1
11.28,-6.95751,0,994.483,-2.51627,0,173.341,0,0,0,0.99991,0,-0.0134454,0,0,-0.00503954,0,91.1072,1.00126,-26.5241,0,1901.63,38.1315,-0,-210.756,123.631,123.631,2.42214,10,0,0,-0.0139498,-0,0.0268917,0,1
11.29,-6.9827,0,996.217,-2.51998,0,173.428,0,0,0,0.999909,0,-0.0134706,0,0,-0.00504784,0,91.1012,1.00123,-26.5032,0,1896.59,38.1081,-0,-210.932,123.626,123.626,2.42202,10,0,0,-0.0139758,-0,0.0269421,0,1
11.3,-7.00791,0,997.952,-2.52369,0,173.515,0,0,0,0.999909,0,-0.0134959,0,0,-0.00505619,0,91.0953,1.00121,-26.4821,0,1891.55,38.0846,-0,-211.107,123.621,123.621,2.42191,10,0,0,-0.0140019,-0,0.0269926,0,1
11.31,-7.03317,0,999.688,-2.52739,0,173.601,0,0,0,0.999909,0,-0.0135212,0,0,-0.00506461,0,91.0894,1.00118,-26.4608,0,1886.5,38.0609,-0,-211.281,123.616,123.616,2.42179,10,0,0,-0.0140281,-0,0.0270432,0,1
11.32,-7.05846,0,1001.42,-2.53109,0,173.686,0,0,0,0.999908,0,-0.0135465,0,0,-0.00507309,0,91.0835,1.00115,-26.4393,0,1881.46,38.0369,-0,-211.453,123.611,123.611,2.42167,10,0,0,-0.0140543,-0,0.0270939,0,1
11.33,-7.08379,0,1003.16,-2.53478,0,173.771,0,0,0,0.999908,0,-0.0135719,0,0,-0.00508164,0,91.0776,1.00112,-26.4177,0,1876.41,38.0127,-0,-211.624,123.606,123.606,2.42155,10,0,0,-0.0140805,-0,0.0271447,0,1
11.34,-7.10916,0,1004.9,-2.53846,0,173.855,0,0,0,0.999908,0,-0.0135974,0,0,-0.00509024,0,91.0718,1.00109,-26.3958,0,1871.37,37.9883,-0,-211.793,123.601,123.601,2.42144,10,0,0,-0.0141068,-0,0.0271955,0,1
11.35,-7.13456,0,1006.64,-2.54214,0,173.939,0,0,0,0.999907,0,-0.0136228,0,0,-0.00509891,0,91.0659,1.00107,-26.3738,0,1866.32,37.9636,-0,-211.962,123.596,123.596,2.42132,10,0,0,-0.0141331,-0,0.0272465,0,1
11.36,-7.16,0,1008.38,-2.54582,0,174.022,0,0,0,0.999907,0,-0.0136483,0,0,-0.00510765,0,91.0601,1.00104,-26.3516,0,1861.28,37.9388,-0,-212.128,123.591,123.591,2.4212,10,0,0,-0.0141595,-0,0.0272975,0,1
11.37,-7.18548,0,1010.12,-2.54948,0,174.105,0,0,0,0.999907,0,-0.0136739,0,0,-0.00511645,0,91.0543,1.00101,-26.3293,0,1856.23,37.9137,-0,-212.294,123.587,123.587,2.42109,10,0,0,-0.014186,-0,0.0273486,0,1
11.38,-7.21099,0,1011.86,-2.55314,0,174.187,0,0,0,0.999906,0,-0.0136995,0,0,-0.00512532,0,91.0485,1.00099,-26.3067,0,1851.18,37.8884,-0,-212.458,123.582,123.582,2.42097,10,0,0,-0.0142125,-0,0.0273998,0,1
11.39,-7.23654,0,1013.6,-2.5568,0,174.269,0,0,0,0.999906,0,-0.0137251,0,0,-0.00513425,0,91.0427,1.00096,-26.284,0,1846.14,37.8628,-0,-212.621,123.577,123.577,2.42085,10,0,0,-0.014239,-0,0.0274511,0,1
11.4,-7.26213,0,1015.35,-2.56045,0,174.35,0,0,0,0.999905,0,-0.0137508,0,0,-0.00514325,0,91.0369,1.00093,-26.2611,0,1841.09,37.8371,-0,-212.782,123.572,123.572,2.42074,10,0,0,-0.0142656,-0,0.0275025,0,1
11.41,-7.28775,0,1017.09,-2.56409,0,174.43,0,0,0,0.999905,0,-0.0137766,0,0,-0.00515232,0,91.0312,1.0009,-26.238,0,1836.04,37.8111,-0,-212.942,123.567,123.567,2.42062,10,0,0,-0.0142922,-0,0.027554,0,1
11.42,-7.31341,0,1018.83,-2.56773,0,174.51,0,0,0,0.999905,0,-0.0138024,0,0,-0.00516146,0,91.0254,1.00088,-26.2148,0,1830.99,37.7849,-0,-213.101,123.563,123.563,2.42051,10,0,0,-0.0143189,-0,0.0276056,0,1
11.43,-7.3391,0,1020.58,-2.57136,0,174.589,0,0,0,0.999904,0,-0.0138282,0,0,-0.00517066,0,91.0197,1.00085,-26.1913,0,1825.95,37.7585,-0,-213.258,123.558,123.558,2.42039,10,0,0,-0.0143457,-0,0.0276572,0,1
11.44,-7.36484,0,1022.33,-2.57499,0,174.668,0,0,0,0.999904,0,-0.0138541,0,0,-0.00517993,0,91.014,1.00082,-26.1677,0,1820.9,37.7318,-0,-213.414,123.553,123.553,2.42028,10,0,0,-0.0143725,-0,0.027709,0,1
11.45,-7.3906,0,1024.07,-2.57861,0,174.746,0,0,0,0.999904,0,-0.01388,0,0,-0.00518927,0,91.0083,1.0008,-26.1439,0,1815.85,37.705,-0,-213.569,123.549,123.549,2.42017,10,0,0,-0.0143993,-0,0.0277608,0,1
11.46,-7.41641,0,1025.82,-2.58222,0,174.824,0,0,0,0.999903,0,-0.0139059,0,0,-0.00519869,0,91.0026,1.00077,-26.12,0,1810.8,37.6779,-0,-213.722,123.544,123.544,2.42005,10,0,0,-0.0144263,-0,0.0278128,0,1
11.47,-7.44225,0,1027.57,-2.58583,0,174.901,0,0,0,0.999903,0,-0.013932,0,0,-0.00520817,0,90.997,1.00074,-26.0958,0,1805.75,37.6506,-0,-213.874,123.539,123.539,2.41994,10,0,0,-0.0144532,-0,0.0278648,0,1
11.48,-7.46812,0,1029.32,-2.58943,0,174.977,0,0,0,0.999903,0,-0.013958,0,0,-0.00521772,0,90.9914,1.00072,-26.0715,0,1800.7,37.6231,-0,-214.025,123.534,123.534,2.41983,10,0,0,-0.0144802,-0,0.0279169,0,1
11.49,-7.49404,0,1031.07,-2.59302,0,175.053,0,0,0,0.999902,0,-0.0139841,0,0,-0.00522734,0,90.9857,1.00069,-26.047,0,1795.65,37.5953,-0,-214.174,123.53,123.53,2.41971,10,0,0,-0.0145073,-0,0.0279692,0,1
11.5,-7.51998,0,1032.82,-2.59661,0,175.129,0,0,0,0.999902,0,-0.0140103,0,0,-0.00523704,0,90.9801,1.00066,-26.0223,0,1790.6,37.5673,-0,-214.322,123.525,123.525,2.4196,10,0,0,-0.0145344,-0,0.0280215,0,1
11.51,-7.54597,0,1034.57,-2.60019,0,175.203,0,0,0,0.999901,0,-0.0140365,0,0,-0.00524681,0,90.9745,1.00064,-25.9975,0,1785.55,37.5391,-0,-214.469,123.52,123.52,2.41949,10,0,0,-0.0145616,-0,0.0280739,0,1
11.52,-7.57199,0,1036.32,-2.60377,0,175.278,0,0,0,0.999901,0,-0.0140628,0,0,-0.00525665,0,90.969,1.00061,-25.9724,0,1780.49,37.5107,-0,-214.614,123.516,123.516,2.41938,10,0,0,-0.0145889,-0,0.0281264,0,1
11.53,-7.59804,0,1038.08,-2.60733,0,175.351,0,0,0,0.999901,0,-0.0140891,0,0,-0.00526656,0,90.9634,1.00059,-25.9472,0,1775.44,37.4821,-0,-214.757,123.511,123.511,2.41927,10,0,0,-0.0146162,-0,0.028179,0,1
11.54,-7.62413,0,1039.83,-2.6109,0,175.424,0,0,0,0.9999,0,-0.0141154,0,0,-0.00527654,0,90.9579,1.00056,-25.9218,0,1770.39,37.4532,-0,-214.9,123.507,123.507,2.41916,10,0,0,-0.0146435,-0,0.0282318,0,1
11.55,-7.65026,0,1041.59,-2.61445,0,175.497,0,0,0,0.9999,0,-0.0141418,0,0,-0.0052866,0,90.9523,1.00053,-25.8962,0,1765.34,37.4241,-0,-215.041,123.502,123.502,2.41905,10,0,0,-0.0146709,-0,0.0282846,0,1
11.56,-7.67642,0,1043.34,-2.618,0,175.569,0,0,0,0.9999,0,-0.0141683,0,0,-0.00529674,0,90.9468,1.00051,-25.8704,0,1760.29,37.3948,-0,-215.181,123.497,123.497,2.41894,10,0,0,-0.0146984,-0,0.0283375,0,1
11.57,-7.70262,0,1045.1,-2.62155,0,175.64,0,0,0,0.999899,0,-0.0141948,0,0,-0.00530695,0,90.9413,1.00048,-25.8445,0,1755.23,37.3653,-0,-215.319,123.493,123.493,2.41883,10,0,0,-0.0147259,-0,0.0283905,0,1
11.58,-7.72885,0,1046.85,-2.62508,0,175.711,0,0,0,0.999899,0,-0.0142213,0,0,-0.00531723,0,90.9358,1.00046,-25.8184,0,1750.18,37.3355,-0,-215.456,123.488,123.488,2.41872,10,0,0,-0.0147535,-0,0.0284436,0,1
11.59,-7.75512,0,1048.61,-2.62861,0,175.782,0,0,0,0.999898,0,-0.0142479,0,0,-0.00532759,0,90.9304,1.00043,-25.7921,0,1745.12,37.3055,-0,-215.591,123.484,123.484,2.41861,10,0,0,-0.0147812,-0,0.0284969,0,1
11.6,-7.78143,0,1050.37,-2.63213,0,175.851,0,0,0,0.999898,0,-0.0142746,0,0,-0.00533802,0,90.9249,1.00041,-25.7656,0,1740.07,37.2753,-0,-215.726,123.479,123.479,2.4185,10,0,0,-0.0148089,-0,0.0285502,0,1
11.61,-7.80777,0,1052.13,-2.63565,0,175.921,0,0,0,0.999898,0,-0.0143013,0,0,-0.00534853,0,90.9195,1.00038,-25.7389,0,1735.01,37.2449,-0,-215.858,123.475,123.475,2.41839,10,0,0,-0.0148367,-0,0.0286036,0,1
11.62,-7.83414,0,1053.89,-2.63916,0,175.989,0,0,0,0.999897,0,-0.0143281,0,0,-0.00535912,0,90.9141,1.00035,-25.712,0,1729.96,37.2142,-0,-215.99,123.47,123.47,2.41828,10,0,0,-0.0148645,-0,0.0286572,0,1
11.63,-7.86055,0,1055.65,-2.64266,0,176.057,0,0,0,0.999897,0,-0.0143549,0,0,-0.00536979,0,90.9087,1.00033,-25.685,0,1724.9,37.1834,-0,-216.12,123.466,123.466,2.41817,10,0,0,-0.0148924,-0,0.0287108,0,1
11.64,-7.88699,0,1057.41,-2.64616,0,176.125,0,0,0,0.999897,0,-0.0143818,0,0,-0.00538053,0,90.9033,1.0003,-25.6578,0,1719.85,37.1523,-0,-216.249,123.461,123.461,2.41807,10,0,0,-0.0149203,-0,0.0287646,0,1
11.65,-7.91347,0,1059.17,-2.64965,0,176.192,0,0,0,0.999896,0,-0.0144087,0,0,-0.00539135,0,90.8979,1.00028,-25.6304,0,1714.79,37.1209,-0,-216.376,123.457,123.457,2.41796,10,0,0,-0.0149483,-0,0.0288184,0,1
11.66,-7.93999,0,1060.93,-2.65313,0,176.258,0,0,0,0.999896,0,-0.0144357,0,0,-0.00540226,0,90.8926,1.00025,-25.6028,0,1709.74,37.0894,-0,-216.502,123.452,123.452,2.41785,10,0,0,-0.0149764,-0,0.0288724,0,1
11.67,-7.96653,0,1062.7,-2.6566,0,176.324,0,0,0,0.999895,0,-0.0144627,0,0,-0.00541324,0,90.8872,1.00023,-25.5751,0,1704.68,37.0576,-0,-216.626,123.448,123.448,2.41774,10,0,0,-0.0150046,-0,0.0289265,0,1
11.68,-7.99312,0,1064.46,-2.66007,0,176.389,0,0,0,0.999895,0,-0.0144898,0,0,-0.0054243,0,90.8819,1.0002,-25.5471,0,1699.62,37.0256,-0,-216.75,123.444,123.444,2.41764,10,0,0,-0.0150328,-0,0.0289806,0,1
11.69,-8.01974,0,1066.22,-2.66353,0,176.454,0,0,0,0.999895,0,-0.014517,0,0,-0.00543544,0,90.8766,1.00018,-25.519,0,1694.56,36.9934,-0,-216.871,123.439,123.439,2.41753,10,0,0,-0.015061,-0,0.0290349,0,1
11.7,-8.04639,0,1067.99,-2.66699,0,176.518,0,0,0,0.999894,0,-0.0145442,0,0,-0.00544666,0,90.8713,1.00015,-25.4907,0,1689.51,36.961,-0,-216.992,123.435,123.435,2.41743,10,0,0,-0.0150893,-0,0.0290894,0,1
11.71,-8.07308,0,1069.75,-2.67043,0,176.582,0,0,0,0.999894,0,-0.0145714,0,0,-0.00545796,0,90.8661,1.00013,-25.4622,0,1684.45,36.9283,-0,-217.111,123.43,123.43,2.41732,10,0,0,-0.0151177,-0,0.0291439,0,1
11.72,-8.0998,0,1071.52,-2.67387,0,176.645,0,0,0,0.999893,0,-0.0145987,0,0,-0.00546935,0,90.8608,1.0001,-25.4335,0,1679.39,36.8954,-0,-217.229,123.426,123.426,2.41722,10,0,0,-0.0151462,-0,0.0291985,0,1
11.73,-8.12655,0,1073.29,-2.67731,0,176.707,0,0,0,0.999893,0,-0.0146261,0,0,-0.00548081,0,90.8556,1.00008,-25.4046,0,1674.33,36.8623,-0,-217.345,123.422,123.422,2.41711,10,0,0,-0.0151747,-0,0.0292533,0,1
11.74,-8.15334,0,1075.05,-2.68073,0,176.769,0,0,0,0.999893,0,-0.0146535,0,0,-0.00549236,0,90.8503,1.00006,-25.3756,0,1669.27,36.8289,-0,-217.46,123.417,123.417,2.41701,10,0,0,-0.0152033,-0,0.0293081,0,1
11.75,-8.18017,0,1076.82,-2.68415,0,176.831,0,0,0,0.999892,0,-0.014681,0,0,-0.005504,0,90.8451,1.00003,-25.3464,0,1664.21,36.7954,-0,-217.573,123.413,123.413,2.4169,10,0,0,-0.015232,-0,0.0293631,0,1
11.76,-8.20703,0,1078.59,-2.68756,0,176.892,0,0,0,0.999892,0,-0.0147086,0,0,-0.00551572,0,90.8399,1.00001,-25.3169,0,1659.15,36.7616,-0,-217.685,123.409,123.409,2.4168,10,0,0,-0.0152607,-0,0.0294182,0,1
11.77,-8.23392,0,1080.36,-2.69096,0,176.952,0,0,0,0.999891,0,-0.0147362,0,0,-0.00552752,0,90.8348,0.999982,-25.2873,0,1654.09,36.7275,-0,-217.796,123.405,123.405,2.4167,10,0,0,-0.0152895,-0,0.0294734,0,1
11.78,-8.26085,0,1082.13,-2.69436,0,177.011,0,0,0,0.999891,0,-0.0147638,0,0,-0.00553941,0,90.8296,0.999958,-25.2576,0,1649.03,36.6933,-0,-217.906,123.4,123.4,2.41659,10,0,0,-0.0153183,-0,0.0295288,0,1
11.79,-8.28781,0,1083.9,-2.69775,0,177.071,0,0,0,0.999891,0,-0.0147916,0,0,-0.00555138,0,90.8245,0.999933,-25.2276,0,1643.97,36.6588,-0,-218.014,123.396,123.396,2.41649,10,0,0,-0.0153472,-0,0.0295842,0,1
11.8,-8.3148,0,1085.67,-2.70113,0,177.129,0,0,0,0.99989,0,-0.0148194,0,0,-0.00556344,0,90.8193,0.999909,-25.1974,0,1638.91,36.6241,-0,-218.12,123.392,123.392,2.41639,10,0,0,-0.0153762,-0,0.0296398,0,1
11.81,-8.34183,0,1087.44,-2.7045,0,177.187,0,0,0,0.99989,0,-0.0148472,0,0,-0.00557559,0,90.8142,0.999885,-25.1671,0,1633.84,36.5892,-0,-218.225,123.387,123.387,2.41628,10,0,0,-0.0154053,-0,0.0296955,0,1
11.82,-8.36889,0,1089.21,-2.70787,0,177.245,0,0,0,0.999889,0,-0.0148751,0,0,-0.00558782,0,90.8091,0.999861,-25.1366,0,1628.78,36.5541,-0,-218.329,123.383,123.383,2.41618,10,0,0,-0.0154344,-0,0.0297513,0,1
11.83,-8.39599,0,1090.99,-2.71123,0,177.302,0,0,0,0.999889,0,-0.0149031,0,0,-0.00560015,0,90.8041,0.999837,-25.1058,0,1623.72,36.5187,-0,-218.432,123.379,123.379,2.41608,10,0,0,-0.0154636,-0,0.0298072,0,1
11.84,-8.42312,0,1092.76,-2.71458,0,177.358,0,0,0,0.999889,0,-0.0149311,0,0,-0.00561256,0,90.799,0.999814,-25.0749,0,1618.66,36.4831,-0,-218.533,123.375,123.375,2.41598,10,0,0,-0.0154929,-0,0.0298633,0,1
11.85,-8.45028,0,1094.53,-2.71792,0,177.414,0,0,0,0.999888,0,-0.0149592,0,0,-0.00562506,0,90.7939,0.99979,-25.0438,0,1613.59,36.4473,-0,-218.633,123.371,123.371,2.41588,10,0,0,-0.0155223,-0,0.0299195,0,1
11.86,-8.47747,0,1096.31,-2.72126,0,177.469,0,0,0,0.999888,0,-0.0149873,0,0,-0.00563765,0,90.7889,0.999766,-25.0126,0,1608.53,36.4112,-0,-218.731,123.366,123.366,2.41578,10,0,0,-0.0155517,-0,0.0299758,0,1
11.87,-8.5047,0,1098.08,-2.72459,0,177.523,0,0,0,0.999887,0,-0.0150156,0,0,-0.00565033,0,90.7839,0.999743,-24.9811,0,1603.46,36.3749,-0,-218.828,123.362,123.362,2.41568,10,0,0,-0.0155812,-0,0.0300322,0,1
11.88,-8.53197,0,1099.86,-2.72791,0,177.578,0,0,0,0.999887,0,-0.0150438,0,0,-0.00566311,0,90.7789,0.999719,-24.9495,0,1598.4,36.3384,-0,-218.923,123.358,123.358,2.41558,10,0,0,-0.0156107,-0,0.0300888,0,1
11.89,-8.55926,0,1101.64,-2.73122,0,177.631,0,0,0,0.999886,0,-0.0150722,0,0,-0.00567597,0,90.7739,0.999696,-24.9176,0,1593.33,36.3017,-0,-219.017,123.354,123.354,2.41548,10,0,0,-0.0156404,-0,0.0301455,0,1
11.9,-8.58659,0,1103.41,-2.73452,0,177.684,0,0,0,0.999886,0,-0.0151006,0,0,-0.00568893,0,90.769,0.999672,-24.8856,0,1588.27,36.2647,-0,-219.11,123.35,123.35,2.41538,10,0,0,-0.0156701,-0,0.0302023,0,1
11.91,-8.61395,0,1105.19,-2.73782,0,177.736,0,0,0,0.999886,0,-0.0151291,0,0,-0.00570198,0,90.764,0.999649,-24.8534,0,1583.2,36.2275,-0,-219.202,123.346,123.346,2.41528,10,0,0,-0.0156998,-0,0.0302593,0,1
11.92,-8.64135,0,1106.97,-2.74111,0,177.788,0,0,0,0.999885,0,-0.0151576,0,0,-0.00571512,0,90.7591,0.999626,-24.8209,0,1578.14,36.1901,-0,-219.291,123.342,123.342,2.41518,10,0,0,-0.0157297,-0,0.0303164,0,1
11.93,-8.66877,0,1108.75,-2.74439,0,177.84,0,0,0,0.999885,0,-0.0151862,0,0,-0.00572836,0,90.7541,0.999603,-24.7883,0,1573.07,36.1525,-0,-219.38,123.338,123.338,2.41508,10,0,0,-0.0157596,-0,0.0303736,0,1
11.94,-8.69623,0,1110.52,-2.74767,0,177.89,0,0,0,0.999884,0,-0.0152149,0,0,-0.0057417,0,90.7492,0.999579,-24.7556,0,1568,36.1146,-0,-219.467,123.334,123.334,2.41498,10,0,0,-0.0157896,-0,0.0304309,0,1
11.95,-8.72373,0,1112.3,-2.75093,0,177.94,0,0,0,0.999884,0,-0.0152436,0,0,-0.00575513,0,90.7444,0.999556,-24.7226,0,1562.94,36.0765,-0,-219.553,123.329,123.329,2.41489,10,0,0,-0.0158197,-0,0.0304884,0,1
11.96,-8.75125,0,1114.08,-2.75419,0,177.99,0,0,0,0.999883,0,-0.0152724,0,0,-0.00576866,0,90.7395,0.999534,-24.6894,0,1557.87,36.0381,-0,-219.637,123.325,123.325,2.41479,10,0,0,-0.0158499,-0,0.030546,0,1
11.97,-8.77881,0,1115.86,-2.75744,0,178.039,0,0,0,0.999883,0,-0.0153013,0,0,-0.00578228,0,90.7346,0.999511,-24.656,0,1552.8,35.9996,-0,-219.72,123.321,123.321,2.41469,10,0,0,-0.0158801,-0,0.0306038,0,1
11.98,-8.8064,0,1117.64,-2.76068,0,178.088,0,0,0,0.999882,0,-0.0153302,0,0,-0.005796,0,90.7298,0.999488,-24.6225,0,1547.73,35.9608,-0,-219.802,123.317,123.317,2.4146,10,0,0,-0.0159104,-0,0.0306617,0,1
11.99,-8.83402,0,1119.42,-2.76391,0,178.135,0,0,0,0.999882,0,-0.0153593,0,0,-0.00580983,0,90.725,0.999465,-24.5888,0,1542.66,35.9218,-0,-219.882,123.313,123.313,2.4145,10,0,0,-0.0159408,-0,0.0307197,0,1
12,-8.86168,0,1121.21,-2.76713,0,178.183,0,0,0,0.999882,0,-0.0153883,0,0,-0.00582375,0,90.7202,0.999443,-24.5548,0,1537.59,35.8825,-0,-219.961,123.309,123.309,2.4144,10,0,0,-0.0159713,-0,0.0307779,0,1
12.01,-8.88937,0,1122.99,-2.77037,0,178.23,0,0,0,0.999881,0,-0.0154175,0,0,-0.0058272,0,90.7154,0.99942,-24.6013,0,1537.65,35.8432,-0,-220.039,123.305,123.305,2.41431,10,0,0,-0.0160008,-0,0.0308362,0,1
12.02,-8.91709,0,1124.77,-2.77361,0,178.277,0,0,0,0.999881,0,-0.0154466,0,0,-0.00581292,0,90.7106,0.999397,-24.6451,0,1537.71,35.8039,-0,-220.118,123.301,123.301,2.41421,10,0,0,-0.0160285,-0,0.0308944,0,1
12.03,-8.94484,0,1126.55,-2.77688,0,178.324,0,0,0,0.99988,0,-0.0154756,0,0,-0.0057828,0,90.7058,0.999375,-24.6862,0,1537.76,35.7649,-0,-220.196,123.297,123.297,2.41412,10,0,0,-0.0160545,-0,0.0309524,0,1
12.04,-8.97262,0,1128.34,-2.78016,0,178.371,0,0,0,0.99988,0,-0.0155044,0,0,-0.00573856,0,90.701,0.999352,-24.7249,0,1537.82,35.7263,-0,-220.274,123.293,123.293,2.41402,10,0,0,-0.0160788,-0,0.03101,0,1
12.05,-9.00044,0,1130.12,-2.78346,0,178.418,0,0,0,0.999879,0,-0.0155329,0,0,-0.00568183,0,90.6962,0.999329,-24.7612,0,1537.88,35.6881,-0,-220.352,123.289,123.289,2.41392,10,0,0,-0.0161017,-0,0.0310671,0,1
12.06,-9.02829,0,1131.91,-2.78678,0,178.466,0,0,0,0.999879,0,-0.0155612,0,0,-0.00561407,0,90.6914,0.999307,-24.7953,0,1537.93,35.6506,-0,-220.43,123.286,123.286,2.41383,10,0,0,-0.0161232,-0,0.0311236,0,1
12.07,-9.05618,0,1133.69,-2.79011,0,178.513,0,0,0,0.999878,0,-0.015589,0,0,-0.00553666,0,90.6866,0.999284,-24.8274,0,1537.99,35.6137,-0,-220.509,123.282,123.282,2.41373,10,0,0,-0.0161433,-0,0.0311793,0,1
12.08,-9.0841,0,1135.48,-2.79346,0,178.56,0,0,0,0.999878,0,-0.0156165,0,0,-0.00545085,0,90.6818,0.999262,-24.8576,0,1538.04,35.5776,-0,-220.587,123.278,123.278,2.41364,10,0,0,-0.0161622,-0,0.0312343,0,1
12.09,-9.11205,0,1137.26,-2.79682,0,178.607,0,0,0,0.999878,0,-0.0156435,0,0,-0.00535781,0,90.677,0.999239,-24.8859,0,1538.1,35.5423,-0,-220.665,123.274,123.274,2.41354,10,0,0,-0.0161799,-0,0.0312883,0,1
12.1,-9.14003,0,1139.05,-2.8002,0,178.654,0,0,0,0.999877,0,-0.0156701,0,0,-0.00525858,0,90.6722,0.999216,-24.9126,0,1538.16,35.5079,-0,-220.743,123.27,123.27,2.41344,10,0,0,-0.0161966,-0,0.0313414,0,1
12.11,-9.16805,0,1140.83,-2.80359,0,178.701,0,0,0,0.999877,0,-0.0156961,0,0,-0.00515415,0,90.6674,0.999194,-24.9376,0,1538.21,35.4744,-0,-220.821,123.266,123.266,2.41335,10,0,0,-0.0162122,-0,0.0313935,0,1
12.12,-9.1961,0,1142.62,-2.807,0,178.748,0,0,0,0.999876,0,-0.0157216,0,0,-0.0050454,0,90.6626,0.999171,-24.9612,0,1538.27,35.442,-0,-220.899,123.262,123.262,2.41325,10,0,0,-0.0162268,-0,0.0314445,0,1
12.13,-9.22419,0,1144.41,-2.81042,0,178.796,0,0,0,0.999876,0,-0.0157465,0,0,-0.00493315,0,90.6578,0.999149,-24.9834,0,1538.33,35.4105,-0,-220.977,123.258,123.258,2.41316,10,0,0,-0.0162405,-0,0.0314944,0,1
12.14,-9.25231,0,1146.2,-2.81385,0,178.843,0,0,0,0.999876,0,-0.0157709,0,0,-0.00481813,0,90.653,0.999126,-25.0042,0,1538.38,35.3801,-0,-221.056,123.254,123.254,2.41306,10,0,0,-0.0162534,-0,0.0315431,0,1
12.15,-9.28047,0,1147.99,-2.8173,0,178.89,0,0,0,0.999875,0,-0.0157947,0,0,-0.00470102,0,90.6482,0.999103,-25.0239,0,1538.44,35.3507,-0,-221.134,123.25,123.25,2.41296,10,0,0,-0.0162655,-0,0.0315907,0,1
12.16,-9.30866,0,1149.78,-2.82076,0,178.937,0,0,0,0.999875,0,-0.0158179,0,0,-0.00458242,0,90.6434,0.999081,-25.0424,0,1538.5,35.3224,-0,-221.212,123.246,123.246,2.41287,10,0,0,-0.0162768,-0,0.0316372,0,1
12.17,-9.33688,0,1151.57,-2.82422,0,178.984,0,0,0,0.999875,0,-0.0158405,0,0,-0.0044629,0,90.6386,0.999058,-25.0598,0,1538.55,35.2952,-0,-221.29,123.242,123.242,2.41277,10,0,0,-0.0162875,-0,0.0316824,0,1
12.18,-9.36514,0,1153.36,-2.82771,0,179.032,0,0,0,0.999874,0,-0.0158625,0,0,-0.00434294,0,90.6338,0.999035,-25.0762,0,1538.61,35.269,-0,-221.368,123.238,123.238,2.41268,10,0,0,-0.0162975,-0,0.0317264,0,1
12.19,-9.39344,0,1155.15,-2.8312,0,179.079,0,0,0,0.999874,0,-0.015884,0,0,-0.00422299,0,90.629,0.999013,-25.0917,0,1538.67,35.244,-0,-221.446,123.234,123.234,2.41258,10,0,0,-0.0163069,-0,0.0317692,0,1
12.2,-9.42177,0,1156.94,-2.8347,0,179.126,0,0,0,0.999874,0,-0.0159048,0,0,-0.00410346,0,90.6242,0.99899,-25.1064,0,1538.72,35.22,-0,-221.524,123.23,123.23,2.41248,10,0,0,-0.0163158,-0,0.0318109,0,1
12.21,-9.45013,0,1158.73,-2.83821,0,179.173,0,0,0,0.999873,0,-0.015925,0,0,-0.00398471,0,90.6194,0.998968,-25.1202,0,1538.78,35.1971,-0,-221.602,123.226,123.226,2.41239,10,0,0,-0.0163241,-0,0.0318513,0,1
12.22,-9.47853,0,1160.52,-2.84173,0,179.22,0,0,0,0.999873,0,-0.0159446,0,0,-0.00386704,0,90.6146,0.998945,-25.1333,0,1538.84,35.1753,-0,-221.68,123.222,123.222,2.41229,10,0,0,-0.016332,-0,0.0318906,0,1
12.23,-9.50697,0,1162.31,-2.84527,0,179.268,0,0,0,0.999873,0,-0.0159637,0,0,-0.00375075,0,90.6098,0.998922,-25.1457,0,1538.89,35.1546,-0,-221.758,123.218,123.218,2.4122,10,0,0,-0.0163394,-0,0.0319287,0,1
12.24,-9.53544,0,1164.11,-2.84881,0,179.315,0,0,0,0.999872,0,-0.0159821,0,0,-0.00363609,0,90.605,0.9989,-25.1575,0,1538.95,35.1349,-0,-221.836,123.214,123.214,2.4121,10,0,0,-0.0163464,-0,0.0319656,0,1
12.25,-9.56394,0,1165.9,-2.85236,0,179.362,0,0,0,0.999872,0,-0.016,0,0,-0.00352326,0,90.6002,0.998877,-25.1687,0,1539.01,35.1162,-0,-221.914,123.21,123.21,2.412,10,0,0,-0.016353,-0,0.0320014,0,1
12.26,-9.59248,0,1167.69,-2.85592,0,179.409,0,0,0,0.999872,0,-0.0160173,0,0,-0.00341246,0,90.5954,0.998854,-25.1793,0,1539.06,35.0985,-0,-221.992,123.206,123.206,2.41191,10,0,0,-0.0163593,-0,0.0320361,0,1
12.27,-9.62106,0,1169.49,-2.85948,0,179.457,0,0,0,0.999871,0,-0.0160341,0,0,-0.00330385,0,90.5906,0.998832,-25.1894,0,1539.12,35.0819,-0,-222.07,123.202,123.202,2.41181,10,0,0,-0.0163652,-0,0.0320696,0,1
12.28,-9.64967,0,1171.28,-2.86306,0,179.504,0,0,0,0.999871,0,-0.0160504,0,0,-0.00319757,0,90.5858,0.998809,-25.199,0,1539.18,35.0662,-0,-222.148,123.198,123.198,2.41172,10,0,0,-0.0163708,-0,0.0321021,0,1
12.29,-9.67832,0,1173.08,-2.86664,0,179.551,0,0,0,0.999871,0,-0.0160661,0,0,-0.00309373,0,90.581,0.998786,-25.2082,0,1539.23,35.0514,-0,-222.226,123.194,123.194,2.41162,10,0,0,-0.0163762,-0,0.0321336,0,1
12.3,-9.70701,0,1174.87,-2.87023,0,179.598,0,0,0,0.999871,0,-0.0160813,0,0,-0.00299243,0,90.5762,0.998764,-25.217,0,1539.29,35.0376,-0,-222.304,123.19,123.19,2.41152,10,0,0,-0.0163813,-0,0.032164,0,1
12.31,-9.73573,0,1176.67,-2.87382,0,179.646,0,0,0,0.99987,0,-0.016096,0,0,-0.00289374,0,90.5714,0.998741,-25.2255,0,1539.35,35.0246,-0,-222.382,123.186,123.186,2.41143,10,0,0,-0.0163861,-0,0.0321935,0,1
12.32,-9.76448,0,1178.47,-2.87742,0,179.693,0,0,0,0.99987,0,-0.0161103,0,0,-0.00279773,0,90.5666,0.998718,-25.2335,0,1539.41,35.0126,-0,-222.459,123.182,123.182,2.41133,10,0,0,-0.0163907,-0,0.0322219,0,1
12.33,-9.79328,0,1180.26,-2.88103,0,179.74,0,0,0,0.99987,0,-0.016124,0,0,-0.00270443,0,90.5618,0.998696,-25.2413,0,1539.46,35.0014,-0,-222.537,123.178,123.178,2.41124,10,0,0,-0.0163952,-0,0.0322494,0,1
12.34,-9.8221,0,1182.06,-2.88465,0,179.787,0,0,0,0.99987,0,-0.0161373,0,0,-0.00261389,0,90.557,0.998673,-25.2488,0,1539.52,34.9911,-0,-222.615,123.174,123.174,2.41114,10,0,0,-0.0163994,-0,0.032276,0,1
12.35,-9.85097,0,1183.86,-2.88827,0,179.835,0,0,0,0.99987,0,-0.0161502,0,0,-0.00252612,0,90.5522,0.998651,-25.256,0,1539.58,34.9815,-0,-222.693,123.17,123.17,2.41104,10,0,0,-0.0164035,-0,0.0323017,0,1
12.36,-9.87987,0,1185.66,-2.89189,0,179.882,0,0,0,0.999869,0,-0.0161626,0,0,-0.00244112,0,90.5474,0.998628,-25.263,0,1539.63,34.9727,-0,-222.771,123.166,123.166,2.41095,10,0,0,-0.0164074,-0,0.0323265,0,1
12.37,-9.90881,0,1187.46,-2.89553,0,179.929,0,0,0,0.999869,0,-0.0161746,0,0,-0.00235889,0,90.5426,0.998605,-25.2698,0,1539.69,34.9647,-0,-222.849,123.162,123.162,2.41085,10,0,0,-0.0164112,-0,0.0323505,0,1
12.38,-9.93778,0,1189.26,-2.89916,0,179.977,0,0,0,0.999869,0,-0.0161862,0,0,-0.00227942,0,90.5378,0.998583,-25.2764,0,1539.75,34.9574,-0,-222.927,123.158,123.158,2.41076,10,0,0,-0.0164148,-0,0.0323737,0,1
12.39,-9.96679,0,1191.06,-2.9028,0,180.024,0,0,0,0.999869,0,-0.0161974,0,0,-0.00220269,0,90.533,0.99856,-25.2828,0,1539.8,34.9508,-0,-223.004,123.154,123.154,2.41066,10,0,0,-0.0164183,-0,0.0323961,0,1
12.4,-9.99584,0,1192.86,-2.90645,0,180.071,0,0,0,0.999869,0,-0.0162082,0,0,-0.00212868,0,90.5282,0.998537,-25.289,0,1539.86,34.9449,-0,-223.082,123.15,123.15,2.41056,10,0,0,-0.0164218,-0,0.0324178,0,1
12.41,-10.0249,0,1194.66,-2.9101,0,180.119,0,0,0,0.999868,0,-0.0162187,0,0,-0.00205735,0,90.5234,0.998515,-25.2951,0,1539.92,34.9397,-0,-223.16,123.146,123.146,2.41047,10,0,0,-0.0164251,-0,0.0324387,0,1
12.42,-10.054,0,1196.46,-2.91376,0,180.166,0,0,0,0.999868,0,-0.0162288,0,0,-0.00198865,0,90.5186,0.998492,-25.301,0,1539.97,34.9351,-0,-223.238,123.142,123.142,2.41037,10,0,0,-0.0164283,-0,0.032459,0,1
12.43,-10.0832,0,1198.26,-2.91741,0,180.213,0,0,0,0.999868,0,-0.0162385,0,0,-0.00192255,0,90.5138,0.998469,-25.3068,0,1540.03,34.931,-0,-223.316,123.138,123.138,2.41028,10,0,0,-0.0164315,-0,0.0324785,0,1
12.44,-10.1124,0,1200.06,-2.92108,0,180.261,0,0,0,0.999868,0,-0.016248,0,0,-0.001859,0,90.509,0.998447,-25.3126,0,1540.09,34.9276,-0,-223.394,123.134,123.134,2.41018,10,0,0,-0.0164346,-0,0.0324974,0,1
12.45,-10.1416,0,1201.87,-2.92474,0,180.308,0,0,0,0.999868,0,-0.0162571,0,0,-0.00179795,0,90.5042,0.998424,-25.3182,0,1540.15,34.9248,-0,-223.471,123.13,123.13,2.41008,10,0,0,-0.0164376,-0,0.0325157,0,1
12.46,-10.1709,0,1203.67,-2.92842,0,180.355,0,0,0,0.999868,0,-0.016266,0,0,-0.00173934,0,90.4994,0.998401,-25.3237,0,1540.2,34.9224,-0,-223.549,123.126,123.126,2.40999,10,0,0,-0.0164406,-0,0.0325334,0,1
12.47,-10.2002,0,1205.47,-2.93209,0,180.403,0,0,0,0.999868,0,-0.0162745,0,0,-0.00168311,0,90.4946,0.998379,-25.3292,0,1540.26,34.9206,-0,-223.627,123.122,123.122,2.40989,10,0,0,-0.0164436,-0,0.0325505,0,1
12.48,-10.2295,0,1207.28,-2.93577,0,180.45,0,0,0,0.999867,0,-0.0162828,0,0,-0.0016292,0,90.4898,0.998356,-25.3346,0,1540.32,34.9193,-0,-223.705,123.118,123.118,2.4098,10,0,0,-0.0164464,-0,0.032567,0,1
12.49,-10.2589,0,1209.08,-2.93945,0,180.497,0,0,0,0.999867,0,-0.0162908,0,0,-0.00157756,0,90.485,0.998333,-25.3399,0,1540.37,34.9185,-0,-223.782,123.114,123.114,2.4097,10,0,0,-0.0164493,-0,0.0325831,0,1
12.5,-10.2883,0,1210.89,-2.94313,0,180.545,0,0,0,0.999867,0,-0.0162986,0,0,-0.00152812,0,90.4802,0.998311,-25.3452,0,1540.43,34.9181,-0,-223.86,123.11,123.11,2.4096,10,0,0,-0.0164521,-0,0.0325986,0,1
12.51,-10.3178,0,1212.69,-2.94682,0,180.592,0,0,0,0.999867,0,-0.0163061,0,0,-0.00148081,0,90.4754,0.998288,-25.3504,0,1540.49,34.9182,-0,-223.938,123.106,123.106,2.40951,10,0,0,-0.0164549,-0,0.0326136,0,1
12.52,-10.3472,0,1214.5,-2.95051,0,180.639,0,0,0,0.999867,0,-0.0163134,0,0,-0.00143558,0,90.4706,0.998265,-25.3556,0,1540.54,34.9186,-0,-224.016,123.102,123.102,2.40941,10,0,0,-0.0164577,-0,0.0326282,0,1
12.53,-10.3768,0,1216.31,-2.9542,0,180.687,0,0,0,0.999867,0,-0.0163205,0,0,-0.00139236,0,90.4658,0.998243,-25.3608,0,1540.6,34.9195,-0,-224.093,123.098,123.098,2.40932,10,0,0,-0.0164604,-0,0.0326424,0,1
12.54,-10.4063,0,1218.11,-2.95789,0,180.734,0,0,0,0.999867,0,-0.0163273,0,0,-0.00135108,0,90.461,0.99822,-25.366,0,1540.66,34.9208,-0,-224.171,123.094,123.094,2.40922,10,0,0,-0.0164631,-0,0.0326561,0,1
12.55,-10.4359,0,1219.92,-2.96159,0,180.782,0,0,0,0.999867,0,-0.016334,0,0,-0.00131168,0,90.4562,0.998197,-25.3711,0,1540.72,34.9224,-0,-224.249,123.09,123.09,2.40912,10,0,0,-0.0164659,-0,0.0326694,0,1
12.56,-10.4656,0,1221.73,-2.96529,0,180.829,0,0,0,0.999866,0,-0.0163404,0,0,-0.00127409,0,90.4514,0.998175,-25.3762,0,1540.77,34.9244,-0,-224.326,123.086,123.086,2.40903,10,0,0,-0.0164686,-0,0.0326823,0,1
12.57,-10.4952,0,1223.54,-2.96899,0,180.876,0,0,0,0.999866,0,-0.0163467,0,0,-0.00123826,0,90.4466,0.998152,-25.3813,0,1540.83,34.9267,-0,-224.404,123.082,123.082,2.40893,10,0,0,-0.0164713,-0,0.0326949,0,1
12.58,-10.5249,0,1225.35,-2.9727,0,180.924,0,0,0,0.999866,0,-0.0163528,0,0,-0.00120412,0,90.4418,0.998129,-25.3864,0,1540.89,34.9293,-0,-224.482,123.078,123.078,2.40884,10,0,0,-0.016474,-0,0.0327071,0,1
12.59,-10.5547,0,1227.16,-2.9764,0,180.971,0,0,0,0.999866,0,-0.0163588,0,0,-0.00117161,0,90.437,0.998106,-25.3915,0,1540.94,34.9322,-0,-224.56,123.074,123.074,2.40874,10,0,0,-0.0164766,-0,0.032719,0,1
12.6,-10.5845,0,1228.97,-2.98011,0,181.019,0,0,0,0.999866,0,-0.0163645,0,0,-0.00114066,0,90.4322,0.998084,-25.3965,0,1541,34.9354,-0,-224.637,123.07,123.07,2.40864,10,0,0,-0.0164793,-0,0.0327305,0,1
12.61,-10.6143,0,1230.78,-2.98382,0,181.066,0,0,0,0.999866,0,-0.0163702,0,0,-0.00111122,0,90.4274,0.998061,-25.4016,0,1541.06,34.9389,-0,-224.715,123.066,123.066,2.40855,10,0,0,-0.016482,-0,0.0327418,0,1
12.62,-10.6441,0,1232.59,-2.98753,0,181.113,0,0,0,0.999866,0,-0.0163756,0,0,-0.00108323,0,90.4226,0.998038,-25.4067,0,1541.11,34.9426,-0,-224.793,123.062,123.062,2.40845,10,0,0,-0.0164847,-0,0.0327528,0,1
12.63,-10.674,0,1234.4,-2.99125,0,181.161,0,0,0,0.999866,0,-0.016381,0,0,-0.00105663,0,90.4178,0.998016,-25.4118,0,1541.17,34.9466,-0,-224.87,123.058,123.058,2.40836,10,0,0,-0.0164874,-0,0.0327635,0,1
12.64,-10.704,0,1236.21,-2.99496,0,181.208,0,0,0,0.999866,0,-0.0163862,0,0,-0.00103136,0,90.413,0.997993,-25.4169,0,1541.23,34.9508,-0,-224.948,123.054,123.054,2.40826,10,0,0,-0.0164901,-0,0.0327739,0,1
12.65,-10.7339,0,1238.02,-2.99868,0,181.256,0,0,0,0.999866,0,-0.0163913,0,0,-0.00100737,0,90.4082,0.99797,-25.422,0,1541.29,34.9552,-0,-225.026,123.05,123.05,2.40816,10,0,0,-0.0164928,-0,0.0327841,0,1
12.66,-10.7639,0,1239.84,-3.0024,0,181.303,0,0,0,0.999866,0,-0.0163963,0,0,-0.000984612,0,90.4034,0.997948,-25.4271,0,1541.34,34.9599,-0,-225.103,123.046,123.046,2.40807,10,0,0,-0.0164955,-0,0.032794,0,1
12.67,-10.794,0,1241.65,-3.00612,0,181.351,0,0,0,0.999865,0,-0.0164012,0,0,-0.000963025,0,90.3986,0.997925,-25.4322,0,1541.4,34.9647,-0,-225.181,123.042,123.042,2.40797,10,0,0,-0.0164982,-0,0.0328038,0,1
12.68,-10.8241,0,1243.46,-3.00984,0,181.398,0,0,0,0.999865,0,-0.0164059,0,0,-0.000942562,0,90.3938,0.997902,-25.4373,0,1541.46,34.9697,-0,-225.258,123.038,123.038,2.40788,10,0,0,-0.0165009,-0,0.0328133,0,1
12.69,-10.8542,0,1245.28,-3.01357,0,181.446,0,0,0,0.999865,0,-0.0164106,0,0,-0.000923173,0,90.389,0.99788,-25.4425,0,1541.51,34.975,-0,-225.336,123.034,123.034,2.40778,10,0,0,-0.0165036,-0,0.0328226,0,1
12.7,-10.8843,0,1247.09,-3.01729,0,181.493,0,0,0,0.999865,0,-0.0164152,0,0,-0.000904811,0,90.3842,0.997857,-25.4476,0,1541.57,34.9803,-0,-225.414,123.031,123.031,2.40768,10,0,0,-0.0165064,-0,0.0328318,0,1
12.71,-10.9145,0,1248.91,-3.02102,0,181.541,0,0,0,0.999865,0,-0.0164196,0,0,-0.00088743,0,90.3794,0.997834,-25.4528,0,1541.63,34.9859,-0,-225.491,123.027,123.027,2.40759,10,0,0,-0.0165091,-0,0.0328407,0,1
12.72,-10.9448,0,1250.72,-3.02475,0,181.588,0,0,0,0.999865,0,-0.016424,0,0,-0.000870985,0,90.3746,0.997811,-25.458,0,1541.69,34.9916,-0,-225.569,123.023,123.023,2.40749,10,0,0,-0.0165119,-0,0.0328495,0,1
12.73,-10.975,0,1252.54,-3.02848,0,181.636,0,0,0,0.999865,0,-0.0164283,0,0,-0.000855433,0,90.3698,0.997789,-25.4632,0,1541.74,34.9974,-0,-225.647,123.019,123.019,2.4074,10,0,0,-0.0165146,-0,0.0328582,0,1
12.74,-11.0053,0,1254.35,-3.03221,0,181.683,0,0,0,0.999865,0,-0.0164326,0,0,-0.000840732,0,90.365,0.997766,-25.4684,0,1541.8,35.0034,-0,-225.724,123.015,123.015,2.4073,10,0,0,-0.0165174,-0,0.0328666,0,1
12.75,-11.0357,0,1256.17,-3.03594,0,181.731,0,0,0,0.999865,0,-0.0164367,0,0,-0.000826843,0,90.3602,0.997743,-25.4736,0,1541.86,35.0095,-0,-225.802,123.011,123.011,2.4072,10,0,0,-0.0165202,-0,0.032875,0,1
12.76,-11.066,0,1257.99,-3.03967,0,181.778,0,0,0,0.999865,0,-0.0164409,0,0,-0.000813726,0,90.3554,0.997721,-25.4789,0,1541.91,35.0157,-0,-225.879,123.007,123.007,2.40711,10,0,0,-0.016523,-0,0.0328832,0,1
12.77,-11.0965,0,1259.81,-3.04341,0,181.826,0,0,0,0.999865,0,-0.0164449,0,0,-0.000801345,0,90.3506,0.997698,-25.4841,0,1541.97,35.022,-0,-225.957,123.003,123.003,2.40701,10,0,0,-0.0165258,-0,0.0328913,0,1
12.78,-11.1269,0,1261.63,-3.04714,0,181.873,0,0,0,0.999865,0,-0.0164489,0,0,-0.000789664,0,90.3458,0.997675,-25.4894,0,1542.03,35.0285,-0,-226.035,122.999,122.999,2.40692,10,0,0,-0.0165286,-0,0.0328992,0,1
12.79,-11.1574,0,1263.44,-3.05088,0,181.921,0,0,0,0.999865,0,-0.0164528,0,0,-0.000778647,0,90.341,0.997652,-25.4947,0,1542.09,35.035,-0,-226.112,122.995,122.995,2.40682,10,0,0,-0.0165314,-0,0.0329071,0,1
12.8,-11.1879,0,1265.26,-3.05462,0,181.968,0,0,0,0.999865,0,-0.0164567,0,0,-0.000768263,0,90.3362,0.99763,-25.5,0,1542.14,35.0417,-0,-226.19,122.991,122.991,2.40672,10,0,0,-0.0165342,-0,0.0329148,0,1
12.81,-11.2185,0,1267.08,-3.05835,0,182.016,0,0,0,0.999865,0,-0.0164605,0,0,-0.000758479,0,90.3314,0.997607,-25.5053,0,1542.2,35.0484,-0,-226.267,122.987,122.987,2.40663,10,0,0,-0.0165371,-0,0.0329224,0,1
12.82,-11.2491,0,1268.9,-3.06209,0,182.063,0,0,0,0.999864,0,-0.0164642,0,0,-0.000749264,0,90.3266,0.997584,-25.5107,0,1542.26,35.0552,-0,-226.345,122.983,122.983,2.40653,10,0,0,-0.0165399,-0,0.03293,0,1
12.83,-11.2797,0,1270.73,-3.06584,0,182.111,0,0,0,0.999864,0,-0.016468,0,0,-0.000740591,0,90.3218,0.997562,-25.516,0,1542.31,35.0621,-0,-226.423,122.979,122.979,2.40644,10,0,0,-0.0165428,-0,0.0329374,0,1
12.84,-11.3104,0,1272.55,-3.06958,0,182.158,0,0,0,0.999864,0,-0.0164716,0,0,-0.00073243,0,90.317,0.997539,-25.5214,0,1542.37,35.069,-0,-226.5,122.975,122.975,2.40634,10,0,0,-0.0165456,-0,0.0329448,0,1
12.85,-11.3411,0,1274.37,-3.07332,0,182.206,0,0,0,0.999864,0,-0.0164753,0,0,-0.000724754,0,90.3122,0.997516,-25.5268,0,1542.43,35.0761,-0,-226.578,122.971,122.971,2.40624,10,0,0,-0.0165485,-0,0.0329521,0,1
12.86,-11.3719,0,1276.19,-3.07706,0,182.253,0,0,0,0.999864,0,-0.0164789,0,0,-0.000717539,0,90.3074,0.997493,-25.5322,0,1542.49,35.0832,-0,-226.655,122.967,122.967,2.40615,10,0,0,-0.0165514,-0,0.0329593,0,1
12.87,-11.4027,0,1278.01,-3.08081,0,182.301,0,0,0,0.999864,0,-0.0164825,0,0,-0.00071076,0,90.3026,0.997471,-25.5376,0,1542.54,35.0904,-0,-226.733,122.963,122.963,2.40605,10,0,0,-0.0165543,-0,0.0329664,0,1
12.88,-11.4335,0,1279.84,-3.08456,0,182.348,0,0,0,0.999864,0,-0.016486,0,0,-0.000704393,0,90.2978,0.997448,-25.543,0,1542.6,35.0976,-0,-226.811,122.959,122.959,2.40596,10,0,0,-0.0165572,-0,0.0329735,0,1
12.89,-11.4644,0,1281.66,-3.0883,0,182.396,0,0,0,0.999864,0,-0.0164895,0,0,-0.000698416,0,90.293,0.997425,-25.5484,0,1542.66,35.1048,-0,-226.888,122.955,122.955,2.40586,10,0,0,-0.0165601,-0,0.0329805,0,1
12.9,-11.4953,0,1283.48,-3.09205,0,182.444,0,0,0,0.999864,0,-0.016493,0,0,-0.000692808,0,90.2882,0.997403,-25.5539,0,1542.71,35.1122,-0,-226.966,122.951,122.951,2.40576,10,0,0,-0.016563,-0,0.0329875,0,1
12.91,-11.5262,0,1285.31,-3.0958,0,182.491,0,0,0,0.999864,0,-0.0164964,0,0,-0.000687548,0,90.2834,0.99738,-25.5593,0,1542.77,35.1196,-0,-227.043,122.947,122.947,2.40567,10,0,0,-0.0165659,-0,0.0329944,0,1
12.92,-11.5572,0,1287.13,-3.09955,0,182.539,0,0,0,0.999864,0,-0.0164999,0,0,-0.000682617,0,90.2786,0.997357,-25.5648,0,1542.83,35.127,-0,-227.121,122.943,122.943,2.40557,10,0,0,-0.0165689,-0,0.0330012,0,1
12.93,-11.5882,0,1288.96,-3.1033,0,182.586,0,0,0,0.999864,0,-0.0165033,0,0,-0.000677996,0,90.2738,0.997334,-25.5703,0,1542.89,35.1344,-0,-227.198,122.939,122.939,2.40548,10,0,0,-0.0165718,-0,0.033008,0,1
12.94,-11.6192,0,1290.79,-3.10705,0,182.634,0,0,0,0.999864,0,-0.0165066,0,0,-0.000673669,0,90.269,0.997312,-25.5758,0,1542.94,35.1419,-0,-227.276,122.935,122.935,2.40538,10,0,0,-0.0165748,-0,0.0330148,0,1
12.95,-11.6503,0,1292.61,-3.1108,0,182.682,0,0,0,0.999864,0,-0.01651,0,0,-0.000669618,0,90.2642,0.997289,-25.5813,0,1543,35.1495,-0,-227.353,122.931,122.931,2.40528,10,0,0,-0.0165777,-0,0.0330215,0,1
12.96,-11.6815,0,1294.44,-3.11456,0,182.729,0,0,0,0.999864,0,-0.0165133,0,0,-0.000665827,0,90.2594,0.997266,-25.5868,0,1543.06,35.157,-0,-227.431,122.927,122.927,2.40519,10,0,0,-0.0165807,-0,0.0330282,0,1
12.97,-11.7126,0,1296.27,-3.11831,0,182.777,0,0,0,0.999864,0,-0.0165166,0,0,-0.000662282,0,90.2546,0.997243,-25.5923,0,1543.11,35.1646,-0,-227.508,122.923,122.923,2.40509,10,0,0,-0.0165836,-0,0.0330348,0,1
12.98,-11.7438,0,1298.1,-3.12207,0,182.824,0,0,0,0.999864,0,-0.01652,0,0,-0.000658967,0,90.2498,0.997221,-25.5979,0,1543.17,35.1723,-0,-227.586,122.919,122.919,2.405,10,0,0,-0.0165866,-0,0.0330414,0,1
12.99,-11.7751,0,1299.92,-3.12582,0,182.872,0,0,0,0.999863,0,-0.0165232,0,0,-0.00065587,0,90.245,0.997198,-25.6034,0,1543.23,35.1799,-0,-227.664,122.915,122.915,2.4049,10,0,0,-0.0165896,-0,0.033048,0,1
13,-11.8063,0,1301.75,-3.12958,0,182.92,0,0,0,0.999863,0,-0.0165265,0,0,-0.000652977,0,90.2402,0.997175,-25.609,0,1543.29,35.1876,-0,-227.741,122.911,122.911,2.4048,10,0,0,-0.0165926,-0,0.0330545,0,1
13.01,-11.8377,0,1303.58,-3.13334,0,182.967,0,0,0,0.999863,0,-0.0165298,0,0,-0.000650277,0,90.2354,0.997152,-25.6145,0,1543.34,35.1953,-0,-227.819,122.907,122.907,2.40471,10,0,0,-0.0165955,-0,0.033061,0,1
13.02,-11.869,0,1305.41,-3.13709,0,183.015,0,0,0,0.999863,0,-0.016533,0,0,-0.000647756,0,90.2306,0.99713,-25.6201,0,1543.4,35.203,-0,-227.896,122.903,122.903,2.40461,10,0,0,-0.0165985,-0,0.0330675,0,1
13.03,-11.9004,0,1307.24,-3.14085,0,183.063,0,0,0,0.999863,0,-0.0165362,0,0,-0.000645406,0,90.2258,0.997107,-25.6257,0,1543.46,35.2108,-0,-227.974,122.899,122.899,2.40452,10,0,0,-0.0166015,-0,0.033074,0,1
13.04,-11.9318,0,1309.07,-3.14461,0,183.11,0,0,0,0.999863,0,-0.0165395,0,0,-0.000643214,0,90.221,0.997084,-25.6312,0,1543.51,35.2185,-0,-228.051,122.895,122.895,2.40442,10,0,0,-0.0166045,-0,0.0330804,0,1
13.05,-11.9633,0,1310.9,-3.14837,0,183.158,0,0,0,0.999863,0,-0.0165427,0,0,-0.000641172,0,90.2162,0.997062,-25.6368,0,1543.57,35.2263,-0,-228.129,122.891,122.891,2.40432,10,0,0,-0.0166075,-0,0.0330869,0,1
13.06,-11.9948,0,1312.74,-3.15213,0,183.206,0,0,0,0.999863,0,-0.0165459,0,0,-0.00063927,0,90.2114,0.997039,-25.6424,0,1543.63,35.2341,-0,-228.206,122.887,122.887,2.40423,10,0,0,-0.0166106,-0,0.0330933,0,1
13.07,-12.0263,0,1314.57,-3.1559,0,183.253,0,0,0,0.999863,0,-0.0165491,0,0,-0.000637499,0,90.2066,0.997016,-25.648,0,1543.69,35.2419,-0,-228.284,122.883,122.883,2.40413,10,0,0,-0.0166136,-0,0.0330996,0,1
13.08,-12.0579,0,1316.4,-3.15966,0,183.301,0,0,0,0.999863,0,-0.0165523,0,0,-0.00063585,0,90.2018,0.996993,-25.6537,0,1543.74,35.2498,-0,-228.361,122.879,122.879,2.40404,10,0,0,-0.0166166,-0,0.033106,0,1
13.09,-12.0895,0,1318.24,-3.16342,0,183.349,0,0,0,0.999863,0,-0.0165554,0,0,-0.000634316,0,90.197,0.99697,-25.6593,0,1543.8,35.2576,-0,-228.439,122.875,122.875,2.40394,10,0,0,-0.0166196,-0,0.0331124,0,1
13.1,-12.1212,0,1320.07,-3.16719,0,183.396,0,0,0,0.999863,0,-0.0165586,0,0,-0.00063289,0,90.1922,0.996948,-25.6649,0,1543.86,35.2654,-0,-228.516,122.871,122.871,2.40384,10,0,0,-0.0166226,-0,0.0331187,0,1
13.11,-12.1529,0,1321.9,-3.17096,0,183.444,0,0,0,0.999863,0,-0.0165618,0,0,-0.000631564,0,90.1874,0.996925,-25.6705,0,1543.92,35.2733,-0,-228.594,122.867,122.867,2.40375,10,0,0,-0.0166257,-0,0.033125,0,1
13.12,-12.1846,0,1323.74,-3.17472,0,183.492,0,0,0,0.999863,0,-0.0165649,0,0,-0.000630332,0,90.1826,0.996902,-25.6762,0,1543.97,35.2812,-0,-228.671,122.863,122.863,2.40365,10,0,0,-0.0166287,-0,0.0331313,0,1
13.13,-12.2164,0,1325.57,-3.17849,0,183.54,0,0,0,0.999863,0,-0.0165681,0,0,-0.000629188,0,90.1778,0.996879,-25.6818,0,1544.03,35.2891,-0,-228.748,122.859,122.859,2.40356,10,0,0,-0.0166317,-0,0.0331376,0,1
13.14,-12.2482,0,1327.41,-3.18226,0,183.587,0,0,0,0.999863,0,-0.0165712,0,0,-0.000628125,0,90.173,0.996857,-25.6874,0,1544.09,35.2969,-0,-228.826,122.855,122.855,2.40346,10,0,0,-0.0166348,-0,0.0331439,0,1
13.15,-12.28,0,1329.24,-3.18603,0,183.635,0,0,0,0.999863,0,-0.0165743,0,0,-0.000627139,0,90.1682,0.996834,-25.6931,0,1544.14,35.3048,-0,-228.903,122.851,122.851,2.40336,10,0,0,-0.0166378,-0,0.0331502,0,1
13.16,-12.3119,0,1331.08,-3.1898,0,183.683,0,0,0,0.999863,0,-0.0165775,0,0,-0.000626223,0,90.1634,0.996811,-25.6987,0,1544.2,35.3127,-0,-228.981,122.847,122.847,2.40327,10,0,0,-0.0166409,-0,0.0331565,0,1
13.17,-12.3438,0,1332.92,-3.19357,0,183.73,0,0,0,0.999863,0,-0.0165806,0,0,-0.000625374,0,90.1586,0.996788,-25.7044,0,1544.26,35.3206,-0,-229.058,122.843,122.843,2.40317,10,0,0,-0.0166439,-0,0.0331627,0,1
13.18,-12.3758,0,1334.76,-3.19734,0,183.778,0,0,0,0.999862,0,-0.0165837,0,0,-0.000624586,0,90.1538,0.996766,-25.7101,0,1544.32,35.3286,-0,-229.136,122.839,122.839,2.40308,10,0,0,-0.0166469,-0,0.033169,0,1
13.19,-12.4078,0,1336.59,-3.20111,0,183.826,0,0,0,0.999862,0,-0.0165868,0,0,-0.000623855,0,90.149,0.996743,-25.7157,0,1544.37,35.3365,-0,-229.213,122.835,122.835,2.40298,10,0,0,-0.01665,-0,0.0331752,0,1
13.2,-12.4398,0,1338.43,-3.20488,0,183.874,0,0,0,0.999862,0,-0.01659,0,0,-0.000623177,0,90.1442,0.99672,-25.7214,0,1544.43,35.3444,-0,-229.291,122.831,122.831,2.40288,10,0,0,-0.016653,-0,0.0331814,0,1
13.21,-12.4719,0,1340.27,-3.20866,0,183.921,0,0,0,0.999862,0,-0.0165931,0,0,-0.000622548,0,90.1394,0.996697,-25.7271,0,1544.49,35.3523,-0,-229.368,122.827,122.827,2.40279,10,0,0,-0.0166561,-0,0.0331877,0,1
13.22,-12.504,0,1342.11,-3.21243,0,183.969,0,0,0,0.999862,0,-0.0165962,0,0,-0.000621965,0,90.1346,0.996675,-25.7327,0,1544.55,35.3602,-0,-229.446,122.823,122.823,2.40269,10,0,0,-0.0166591,-0,0.0331939,0,1
13.23,-12.5361,0,1343.95,-3.2162,0,184.017,0,0,0,0.999862,0,-0.0165993,0,0,-0.000621425,0,90.1298,0.996652,-25.7384,0,1544.6,35.3682,-0,-229.523,122.819,122.819,2.4026,10,0,0,-0.0166622,-0,0.0332001,0,1
13.24,-12.5683,0,1345.79,-3.21998,0,184.065,0,0,0,0.999862,0,-0.0166024,0,0,-0.000620924,0,90.125,0.996629,-25.7441,0,1544.66,35.3761,-0,-229.6,122.815,122.815,2.4025,10,0,0,-0.0166653,-0,0.0332063,0,1
13.25,-12.6005,0,1347.63,-3.22376,0,184.112,0,0,0,0.999862,0,-0.0166055,0,0,-0.000620458,0,90.1202,0.996606,-25.7498,0,1544.72,35.384,-0,-229.678,122.811,122.811,2.4024,10,0,0,-0.0166683,-0,0.0332125,0,1
13.26,-12.6328,0,1349.47,-3.22753,0,184.16,0,0,0,0.999862,0,-0.0166086,0,0,-0.000620027,0,90.1154,0.996583,-25.7554,0,1544.78,35.392,-0,-229.755,122.807,122.807,2.40231,10,0,0,-0.0166714,-0,0.0332187,0,1
13.27,-12.6651,0,1351.32,-3.23131,0,184.208,0,0,0,0.999862,0,-0.0166117,0,0,-0.000619626,0,90.1106,0.996561,-25.7611,0,1544.83,35.3999,-0,-229.833,122.803,122.803,2.40221,10,0,0,-0.0166744,-0,0.0332249,0,1
13.28,-12.6974,0,1353.16,-3.23509,0,184.256,0,0,0,0.999862,0,-0.0166148,0,0,-0.000619254,0,90.1058,0.996538,-25.7668,0,1544.89,35.4079,-0,-229.91,122.799,122.799,2.40212,10,0,0,-0.0166775,-0,0.0332311,0,1
13.29,-12.7298,0,1355,-3.23887,0,184.304,0,0,0,0.999862,0,-0.0166179,0,0,-0.000618908,0,90.101,0.996515,-25.7725,0,1544.95,35.4158,-0,-229.988,122.795,122.795,2.40202,10,0,0,-0.0166805,-0,0.0332373,0,1
13.3,-12.7622,0,1356.84,-3.24265,0,184.351,0,0,0,0.999862,0,-0.016621,0,0,-0.000618586,0,90.0962,0.996492,-25.7782,0,1545,35.4237,-0,-230.065,122.791,122.791,2.40192,10,0,0,-0.0166836,-0,0.0332435,0,1
13.31,-12.7946,0,1358.69,-3.24643,0,184.399,0,0,0,0.999862,0,-0.0166241,0,0,-0.000618286,0,90.0914,0.99647,-25.7839,0,1545.06,35.4317,-0,-230.142,122.787,122.787,2.40183,10,0,0,-0.0166867,-0,0.0332497,0,1
13.32,-12.8271,0,1360.53,-3.25022,0,184.447,0,0,0,0.999862,0,-0.0166272,0,0,-0.000618007,0,90.0866,0.996447,-25.7896,0,1545.12,35.4396,-0,-230.22,122.783,122.783,2.40173,10,0,0,-0.0166897,-0,0.0332559,0,1
13.33,-12.8596,0,1362.38,-3.254,0,184.495,0,0,0,0.999862,0,-0.0166303,0,0,-0.000617746,0,90.0818,0.996424,-25.7952,0,1545.18,35.4476,-0,-230.297,122.779,122.779,2.40164,10,0,0,-0.0166928,-0,0.033262,0,1
13.34,-12.8922,0,1364.22,-3.25778,0,184.543,0,0,0,0.999862,0,-0.0166333,0,0,-0.000617503,0,90.077,0.996401,-25.8009,0,1545.23,35.4555,-0,-230.375,122.775,122.775,2.40154,10,0,0,-0.0166959,-0,0.0332682,0,1
13.35,-12.9248,0,1366.07,-3.26157,0,184.59,0,0,0,0.999862,0,-0.0166364,0,0,-0.000617275,0,90.0722,0.996378,-25.8066,0,1545.29,35.4635,-0,-230.452,122.771,122.771,2.40144,10,0,0,-0.0166989,-0,0.0332744,0,1
13.36,-12.9574,0,1367.91,-3.26535,0,184.638,0,0,0,0.999862,0,-0.0166395,0,0,-0.000617061,0,90.0674,0.996356,-25.8123,0,1545.35,35.4714,-0,-230.529,122.767,122.767,2.40135,10,0,0,-0.016702,-0,0.0332806,0,1
13.37,-12.9901,0,1369.76,-3.26914,0,184.686,0,0,0,0.999862,0,-0.0166426,0,0,-0.00061686,0,90.0626,0.996333,-25.818,0,1545.41,35.4793,-0,-230.607,122.763,122.763,2.40125,10,0,0,-0.0167051,-0,0.0332867,0,1
13.38,-13.0228,0,1371.61,-3.27293,0,184.734,0,0,0,0.999861,0,-0.0166457,0,0,-0.000616671,0,90.0578,0.99631,-25.8237,0,1545.46,35.4873,-0,-230.684,122.759,122.759,2.40116,10,0,0,-0.0167081,-0,0.0332929,0,1
13.39,-13.0555,0,1373.45,-3.27671,0,184.782,0,0,0,0.999861,0,-0.0166488,0,0,-0.000616493,0,90.053,0.996287,-25.8294,0,1545.52,35.4952,-0,-230.762,122.755,122.755,2.40106,10,0,0,-0.0167112,-0,0.0332991,0,1
13.4,-13.0883,0,1375.3,-3.2805,0,184.83,0,0,0,0.999861,0,-0.0166518,0,0,-0.000616324,0,90.0482,0.996264,-25.8351,0,1545.58,35.5032,-0,-230.839,122.751,122.751,2.40096,10,0,0,-0.0167143,-0,0.0333052,0,1
13.41,-13.1211,0,1377.15,-3.28429,0,184.878,0,0,0,0.999861,0,-0.0166549,0,0,-0.000616164,0,90.0434,0.996242,-25.8408,0,1545.64,35.5111,-0,-230.916,122.747,122.747,2.40087,10,0,0,-0.0167173,-0,0.0333114,0,1
13.42,-13.154,0,1379,-3.28808,0,184.925,0,0,0,0.999861,0,-0.016658,0,0,-0.000616012,0,90.0386,0.996219,-25.8465,0,1545.69,35.519,-0,-230.994,122.743,122.743,2.40077,10,0,0,-0.0167204,-0,0.0333176,0,1
13.43,-13.1869,0,1380.85,-3.29187,0,184.973,0,0,0,0.999861,0,-0.0166611,0,0,-0.000615866,0,90.0338,0.996196,-25.8522,0,1545.75,35.527,-0,-231.071,122.74,122.74,2.40068,10,0,0,-0.0167234,-0,0.0333237,0,1
13.44,-13.2198,0,1382.7,-3.29566,0,185.021,0,0,0,0.999861,0,-0.0166642,0,0,-0.000615727,0,90.029,0.996173,-25.8579,0,1545.81,35.5349,-0,-231.148,122.736,122.736,2.40058,10,0,0,-0.0167265,-0,0.0333299,0,1
13.45,-13.2528,0,1384.55,-3.29945,0,185.069,0,0,0,0.999861,0,-0.0166672,0,0,-0.000615594,0,90.0242,0.99615,-25.8636,0,1545.87,35.5429,-0,-231.226,122.732,122.732,2.40048,10,0,0,-0.0167296,-0,0.033336,0,1
13.46,-13.2858,0,1386.4,-3.30325,0,185.117,0,0,0,0.999861,0,-0.0166703,0,0,-0.000615465,0,90.0194,0.996128,-25.8693,0,1545.92,35.5508,-0,-231.303,122.728,122.728,2.40039,10,0,0,-0.0167326,-0,0.0333422,0,1
13.47,-13.3189,0,1388.25,-3.30704,0,185.165,0,0,0,0.999861,0,-0.0166734,0,0,-0.000615341,0,90.0146,0.996105,-25.875,0,1545.98,35.5587,-0,-231.38,122.724,122.724,2.40029,10,0,0,-0.0167357,-0,0.0333483,0,1
13.48,-13.352,0,1390.1,-3.31084,0,185.213,0,0,0,0.999861,0,-0.0166765,0,0,-0.000615221,0,90.0098,0.996082,-25.8807,0,1546.04,35.5667,-0,-231.458,122.72,122.72,2.4002,10,0,0,-0.0167388,-0,0.0333545,0,1
13.49,-13.3851,0,1391.96,-3.31463,0,185.261,0,0,0,0.999861,0,-0.0166796,0,0,-0.000615104,0,90.005,0.996059,-25.8864,0,1546.1,35.5746,-0,-231.535,122.716,122.716,2.4001,10,0,0,-0.0167418,-0,0.0333606,0,1
13.5,-13.4183,0,1393.81,-3.31843,0,185.309,0,0,0,0.999861,0,-0.0166826,0,0,-0.00061499,0,90.0002,0.996036,-25.8921,0,1546.15,35.5825,-0,-231.612,122.712,122.712,2.4,10,0,0,-0.0167449,-0,0.0333668,0,1
13.51,-13.4515,0,1395.66,-3.32222,0,185.356,0,0,0,0.999861,0,-0.0166857,0,0,-0.000614879,0,89.9954,0.996014,-25.8978,0,1546.21,35.5905,-0,-231.69,122.708,122.708,2.39991,10,0,0,-0.016748,-0,0.0333729,0,1
13.52,-13.4847,0,1397.52,-3.32602,0,185.404,0,0,0,0.999861,0,-0.0166888,0,0,-0.000614769,0,89.9906,0.995991,-25.9035,0,1546.27,35.5984,-0,-231.767,122.704,122.704,2.39981,10,0,0,-0.016751,-0,0.0333791,0,1
13.53,-13.518,0,1399.37,-3.32982,0,185.452,0,0,0,0.999861,0,-0.0166918,0,0,-0.000614662,0,89.9858,0.995968,-25.9092,0,1546.33,35.6063,-0,-231.844,122.7,122.7,2.39972,10,0,0,-0.0167541,-0,0.0333852,0,1
13.54,-13.5513,0,1401.23,-3.33362,0,185.5,0,0,0,0.999861,0,-0.0166949,0,0,-0.000614555,0,89.981,0.995945,-25.9149,0,1546.38,35.6142,-0,-231.922,122.696,122.696,2.39962,10,0,0,-0.0167572,-0,0.0333914,0,1
13.55,-13.5847,0,1403.08,-3.33742,0,185.548,0,0,0,0.999861,0,-0.016698,0,0,-0.00061445,0,89.9762,0.995922,-25.9206,0,1546.44,35.6222,-0,-231.999,122.692,122.692,2.39952,10,0,0,-0.0167602,-0,0.0333975,0,1
13.56,-13.6181,0,1404.94,-3.34122,0,185.596,0,0,0,0.999861,0,-0.0167011,0,0,-0.000614346,0,89.9714,0.9959,-25.9263,0,1546.5,35.6301,-0,-232.076,122.688,122.688,2.39943,10,0,0,-0.0167633,-0,0.0334037,0,1
13.57,-13.6515,0,1406.79,-3.34502,0,185.644,0,0,0,0.99986,0,-0.0167041,0,0,-0.000614243,0,89.9666,0.995877,-25.932,0,1546.56,35.638,-0,-232.154,122.684,122.684,2.39933,10,0,0,-0.0167663,-0,0.0334098,0,1
13.58,-13.685,0,1408.65,-3.34883,0,185.692,0,0,0,0.99986,0,-0.0167072,0,0,-0.000614139,0,89.9618,0.995854,-25.9377,0,1546.61,35.6459,-0,-232.231,122.68,122.68,2.39924,10,0,0,-0.0167694,-0,0.033416,0,1
13.59,-13.7185,0,1410.51,-3.35263,0,185.74,0,0,0,0.99986,0,-0.0167103,0,0,-0.000614037,0,89.957,0.995831,-25.9434,0,1546.67,35.6538,-0,-232.308,122.676,122.676,2.39914,10,0,0,-0.0167725,-0,0.0334221,0,1
13.6,-13.752,0,1412.36,-3.35643,0,185.788,0,0,0,0.99986,0,-0.0167133,0,0,-0.000613934,0,89.9522,0.995808,-25.9491,0,1546.73,35.6618,-0,-232.386,122.672,122.672,2.39904,10,0,0,-0.0167755,-0,0.0334282,0,1
13.61,-13.7856,0,1414.22,-3.36024,0,185.836,0,0,0,0.99986,0,-0.0167164,0,0,-0.000613831,0,89.9474,0.995785,-25.9548,0,1546.78,35.6697,-0,-232.463,122.668,122.668,2.39895,10,0,0,-0.0167786,-0,0.0334344,0,1
13.62,-13.8192,0,1416.08,-3.36404,0,185.884,0,0,0,0.99986,0,-0.0167195,0,0,-0.000613728,0,89.9426,0.995763,-25.9605,0,1546.84,35.6776,-0,-232.54,122.664,122.664,2.39885,10,0,0,-0.0167816,-0,0.0334405,0,1
13.63,-13.8529,0,1417.94,-3.36785,0,185.932,0,0,0,0.99986,0,-0.0167225,0,0,-0.000613625,0,89.9378,0.99574,-25.9662,0,1546.9,35.6855,-0,-232.617,122.66,122.66,2.39876,10,0,0,-0.0167847,-0,0.0334467,0,1
13.64,-13.8866,0,1419.8,-3.37166,0,185.98,0,0,0,0.99986,0,-0.0167256,0,0,-0.000613521,0,89.933,0.995717,-25.9719,0,1546.96,35.6934,-0,-232.695,122.656,122.656,2.39866,10,0,0,-0.0167877,-0,0.0334528,0,1
13.65,-13.9203,0,1421.66,-3.37546,0,186.028,0,0,0,0.99986,0,-0.0167287,0,0,-0.000613417,0,89.9282,0.995694,-25.9776,0,1547.01,35.7013,-0,-232.772,122.652,122.652,2.39856,10,0,0,-0.0167908,-0,0.0334589,0,1
13.66,-13.9541,0,1423.52,-3.37927,0,186.076,0,0,0,0.99986,0,-0.0167317,0,0,-0.000613312,0,89.9234,0.995671,-25.9833,0,1547.07,35.7092,-0,-232.849,122.648,122.648,2.39847,10,0,0,-0.0167939,-0,0.0334651,0,1
13.67,-13.9879,0,1425.38,-3.38308,0,186.124,0,0,0,0.99986,0,-0.0167348,0,0,-0.000613206,0,89.9186,0.995648,-25.989,0,1547.13,35.7171,-0,-232.927,122.644,122.644,2.39837,10,0,0,-0.0167969,-0,0.0334712,0,1
13.68,-14.0217,0,1427.24,-3.38689,0,186.172,0,0,0,0.99986,0,-0.0167379,0,0,-0.0006131,0,89.9138,0.995626,-25.9947,0,1547.19,35.7251,-0,-233.004,122.64,122.64,2.39828,10,0,0,-0.0168,-0,0.0334773,0,1
13.69,-14.0556,0,1429.1,-3.3907,0,186.22,0,0,0,0.99986,0,-0.0167409,0,0,-0.000612993,0,89.909,0.995603,-26.0004,0,1547.25,35.733,-0,-233.081,122.636,122.636,2.39818,10,0,0,-0.016803,-0,0.0334835,0,1
13.7,-14.0896,0,1430.97,-3.39452,0,186.268,0,0,0,0.99986,0,-0.016744,0,0,-0.000612885,0,89.9042,0.99558,-26.0061,0,1547.3,35.7409,-0,-233.158,122.632,122.632,2.39808,10,0,0,-0.0168061,-0,0.0334896,0,1
13.71,-14.1235,0,1432.83,-3.39833,0,186.316,0,0,0,0.99986,0,-0.0167471,0,0,-0.000612776,0,89.8994,0.995557,-26.0118,0,1547.36,35.7488,-0,-233.236,122.628,122.628,2.39799,10,0,0,-0.0168091,-0,0.0334957,0,1
13.72,-14.1575,0,1434.69,-3.40214,0,186.364,0,0,0,0.99986,0,-0.0167501,0,0,-0.000612666,0,89.8946,0.995534,-26.0175,0,1547.42,35.7567,-0,-233.313,122.624,122.624,2.39789,10,0,0,-0.0168122,-0,0.0335018,0,1
13.73,-14.1916,0,1436.56,-3.40596,0,186.412,0,0,0,0.99986,0,-0.0167532,0,0,-0.000612556,0,89.8898,0.995511,-26.0231,0,1547.48,35.7646,-0,-233.39,122.62,122.62,2.3978,10,0,0,-0.0168152,-0,0.033508,0,1
13.74,-14.2256,0,1438.42,-3.40977,0,186.46,0,0,0,0.99986,0,-0.0167563,0,0,-0.000612444,0,89.885,0.995489,-26.0288,0,1547.53,35.7725,-0,-233.467,122.616,122.616,2.3977,10,0,0,-0.0168183,-0,0.0335141,0,1
13.75,-14.2598,0,1440.29,-3.41359,0,186.508,0,0,0,0.99986,0,-0.0167593,0,0,-0.000612331,0,89.8802,0.995466,-26.0345,0,1547.59,35.7804,-0,-233.545,122.612,122.612,2.3976,10,0,0,-0.0168213,-0,0.0335202,0,1
13.76,-14.2939,0,1442.15,-3.4174,0,186.556,0,0,0,0.99986,0,-0.0167624,0,0,-0.000612218,0,89.8754,0.995443,-26.0402,0,1547.65,35.7883,-0,-233.622,122.608,122.608,2.39751,10,0,0,-0.0168244,-0,0.0335263,0,1
13.77,-14.3281,0,1444.02,-3.42122,0,186.604,0,0,0,0.999859,0,-0.0167654,0,0,-0.000612103,0,89.8706,0.99542,-26.0459,0,1547.71,35.7962,-0,-233.699,122.604,122.604,2.39741,10,0,0,-0.0168274,-0,0.0335325,0,1
13.78,-14.3623,0,1445.88,-3.42504,0,186.652,0,0,0,0.999859,0,-0.0167685,0,0,-0.000611987,0,89.8658,0.995397,-26.0516,0,1547.76,35.8041,-0,-233.776,122.6,122.6,2.39732,10,0,0,-0.0168305,-0,0.0335386,0,1
13.79,-14.3966,0,1447.75,-3.42886,0,186.7,0,0,0,0.999859,0,-0.0167716,0,0,-0.000611871,0,89.861,0.995374,-26.0573,0,1547.82,35.8119,-0,-233.853,122.596,122.596,2.39722,10,0,0,-0.0168335,-0,0.0335447,0,1
13.8,-14.4309,0,1449.62,-3.43268,0,186.749,0,0,0,0.999859,0,-0.0167746,0,0,-0.000611753,0,89.8562,0.995351,-26.063,0,1547.88,35.8198,-0,-233.931,122.592,122.592,2.39712,10,0,0,-0.0168366,-0,0.0335508,0,1
13.81,-14.4653,0,1451.49,-3.4365,0,186.797,0,0,0,0.999859,0,-0.0167777,0,0,-0.000611635,0,89.8514,0.995329,-26.0687,0,1547.94,35.8277,-0,-234.008,122.588,122.588,2.39703,10,0,0,-0.0168396,-0,0.0335569,0,1
13.82,-14.4996,0,1453.35,-3.44032,0,186.845,0,0,0,0.999859,0,-0.0167807,0,0,-0.000611515,0,89.8466,0.995306,-26.0743,0,1547.99,35.8356,-0,-234.085,122.584,122.584,2.39693,10,0,0,-0.0168427,-0,0.0335631,0,1
13.83,-14.5341,0,1455.22,-3.44414,0,186.893,0,0,0,0.999859,0,-0.0167838,0,0,-0.000611395,0,89.8418,0.995283,-26.08,0,1548.05,35.8435,-0,-234.162,122.58,122.58,2.39684,10,0,0,-0.0168457,-0,0.0335692,0,1
13.84,-14.5685,0,1457.09,-3.44796,0,186.941,0,0,0,0.999859,0,-0.0167869,0,0,-0.000611273,0,89.837,0.99526,-26.0857,0,1548.11,35.8514,-0,-234.239,122.576,122.576,2.39674,10,0,0,-0.0168488,-0,0.0335753,0,1
13.85,-14.603,0,1458.96,-3.45179,0,186.989,0,0,0,0.999859,0,-0.0167899,0,0,-0.000611151,0,89.8322,0.995237,-26.0914,0,1548.17,35.8593,-0,-234.317,122.572,122.572,2.39664,10,0,0,-0.0168518,-0,0.0335814,0,1
13.86,-14.6376,0,1460.83,-3.45561,0,187.037,0,0,0,0.999859,0,-0.016793,0,0,-0.000611028,0,89.8274,0.995214,-26.0971,0,1548.22,35.8672,-0,-234.394,122.568,122.568,2.39655,10,0,0,-0.0168549,-0,0.0335875,0,1
13.87,-14.6721,0,1462.7,-3.45943,0,187.085,0,0,0,0.999859,0,-0.016796,0,0,-0.000610903,0,89.8226,0.995191,-26.1028,0,1548.28,35.875,-0,-234.471,122.564,122.564,2.39645,10,0,0,-0.0168579,-0,0.0335936,0,1
13.88,-14.7068,0,1464.57,-3.46326,0,187.133,0,0,0,0.999859,0,-0.0167991,0,0,-0.000610778,0,89.8178,0.995169,-26.1084,0,1548.34,35.8829,-0,-234.548,122.56,122.56,2.39636,10,0,0,-0.0168609,-0,0.0335997,0,1
13.89,-14.7414,0,1466.44,-3.46709,0,187.181,0,0,0,0.999859,0,-0.0168021,0,0,-0.000610653,0,89.813,0.995146,-26.1141,0,1548.4,35.8908,-0,-234.625,122.556,122.556,2.39626,10,0,0,-0.016864,-0,0.0336058,0,1
13.9,-14.7761,0,1468.32,-3.47091,0,187.23,0,0,0,0.999859,0,-0.0168052,0,0,-0.000610526,0,89.8082,0.995123,-26.1198,0,1548.45,35.8987,-0,-234.702,122.552,122.552,2.39616,10,0,0,-0.016867,-0,0.0336119,0,1
13.91,-14.8108,0,1470.19,-3.47474,0,187.278,0,0,0,0.999859,0,-0.0168082,0,0,-0.000610398,0,89.8034,0.9951,-26.1255,0,1548.51,35.9066,-0,-234.78,122.548,122.548,2.39607,10,0,0,-0.0168701,-0,0.033618,0,1
13.92,-14.8456,0,1472.06,-3.47857,0,187.326,0,0,0,0.999859,0,-0.0168113,0,0,-0.00061027,0,89.7986,0.995077,-26.1312,0,1548.57,35.9144,-0,-234.857,122.544,122.544,2.39597,10,0,0,-0.0168731,-0,0.0336241,0,1
13.93,-14.8804,0,1473.94,-3.4824,0,187.374,0,0,0,0.999859,0,-0.0168143,0,0,-0.000610141,0,89.7938,0.995054,-26.1368,0,1548.63,35.9223,-0,-234.934,122.54,122.54,2.39588,10,0,0,-0.0168761,-0,0.0336302,0,1
13.94,-14.9152,0,1475.81,-3.48623,0,187.422,0,0,0,0.999859,0,-0.0168174,0,0,-0.000610011,0,89.789,0.995031,-26.1425,0,1548.68,35.9302,-0,-235.011,122.536,122.536,2.39578,10,0,0,-0.0168792,-0,0.0336363,0,1
13.95,-14.9501,0,1477.68,-3.49006,0,187.47,0,0,0,0.999859,0,-0.0168204,0,0,-0.000609881,0,89.7842,0.995009,-26.1482,0,1548.74,35.9381,-0,-235.088,122.532,122.532,2.39568,10,0,0,-0.0168822,-0,0.0336424,0,1
13.96,-14.985,0,1479.56,-3.4939,0,187.519,0,0,0,0.999858,0,-0.0168235,0,0,-0.00060975,0,89.7794,0.994986,-26.1539,0,1548.8,35.9459,-0,-235.165,122.528,122.528,2.39559,10,0,0,-0.0168852,-0,0.0336485,0,1
13.97,-15.02,0,1481.43,-3.49773,0,187.567,0,0,0,0.999858,0,-0.0168265,0,0,-0.000609618,0,89.7746,0.994963,-26.1596,0,1548.86,35.9538,-0,-235.242,122.524,122.524,2.39549,10,0,0,-0.0168883,-0,0.0336546,0,1
13.98,-15.055,0,1483.31,-3.50156,0,187.615,0,0,0,0.999858,0,-0.0168296,0,0,-0.000609485,0,89.7698,0.99494,-26.1652,0,1548.92,35.9617,-0,-235.32,122.52,122.52,2.3954,10,0,0,-0.0168913,-0,0.0336607,0,1
13.99,-15.09,0,1485.19,-3.5054,0,187.663,0,0,0,0.999858,0,-0.0168326,0,0,-0.000609352,0,89.765,0.994917,-26.1709,0,1548.97,35.9696,-0,-235.397,122.516,122.516,2.3953,10,0,0,-0.0168943,-0,0.0336668,0,1
14,-15.1251,0,1487.06,-3.50923,0,187.711,0,0,0,0.999858,0,-0.0168357,0,0,-0.000609218,0,89.7602,0.994894,-26.1766,0,1549.03,35.9774,-0,-235.474,122.512,122.512,2.3952,10,0,0,-0.0168974,-0,0.0336729,0,1
14.01,-15.1602,0,1488.94,-3.51307,0,187.759,0,0,0,0.999858,0,-0.0168387,0,0,-0.000609083,0,89.7554,0.994871,-26.1823,0,1549.09,35.9853,-0,-235.551,122.508,122.508,2.39511,10,0,0,-0.0169004,-0,0.033679,0,1
14.02,-15.1954,0,1490.82,-3.5169,0,187.808,0,0,0,0.999858,0,-0.0168418,0,0,-0.000608948,0,89.7506,0.994848,-26.1879,0,1549.15,35.9932,-0,-235.628,122.504,122.504,2.39501,10,0,0,-0.0169034,-0,0.0336851,0,1
14.03,-15.2306,0,1492.7,-3.52074,0,187.856,0,0,0,0.999858,0,-0.0168448,0,0,-0.000608813,0,89.7458,0.994826,-26.1936,0,1549.2,36.001,-0,-235.705,122.5,122.5,2.39492,10,0,0,-0.0169065,-0,0.0336912,0,1
14.04,-15.2658,0,1494.58,-3.52458,0,187.904,0,0,0,0.999858,0,-0.0168478,0,0,-0.000608677,0,89.741,0.994803,-26.1993,0,1549.26,36.0089,-0,-235.782,122.496,122.496,2.39482,10,0,0,-0.0169095,-0,0.0336973,0,1
14.05,-15.301,0,1496.46,-3.52842,0,187.952,0,0,0,0.999858,0,-0.0168509,0,0,-0.00060854,0,89.7362,0.99478,-26.2049,0,1549.32,36.0168,-0,-235.859,122.492,122.492,2.39472,10,0,0,-0.0169125,-0,0.0337034,0,1
14.06,-15.3363,0,1498.34,-3.53226,0,188.001,0,0,0,0.999858,0,-0.0168539,0,0,-0.000608403,0,89.7314,0.994757,-26.2106,0,1549.38,36.0246,-0,-235.936,122.488,122.488,2.39463,10,0,0,-0.0169156,-0,0.0337094,0,1
14.07,-15.3717,0,1500.22,-3.5361,0,188.049,0,0,0,0.999858,0,-0.016857,0,0,-0.000608265,0,89.7266,0.994734,-26.2163,0,1549.43,36.0325,-0,-236.013,122.484,122.484,2.39453,10,0,0,-0.0169186,-0,0.0337155,0,1
14.08,-15.4071,0,1502.1,-3.53994,0,188.097,0,0,0,0.999858,0,-0.01686,0,0,-0.000608127,0,89.7218,0.994711,-26.2219,0,1549.49,36.0403,-0,-236.091,122.48,122.48,2.39444,10,0,0,-0.0169216,-0,0.0337216,0,1
14.09,-15.4425,0,1503.98,-3.54378,0,188.145,0,0,0,0.999858,0,-0.016863,0,0,-0.000607988,0,89.717,0.994688,-26.2276,0,1549.55,36.0482,-0,-236.168,122.476,122.476,2.39434,10,0,0,-0.0169246,-0,0.0337277,0,1
14.1,-15.4779,0,1505.86,-3.54763,0,188.194,0,0,0,0.999858,0,-0.0168661,0,0,-0.000607849,0,89.7122,0.994665,-26.2333,0,1549.61,36.0561,-0,-236.245,122.472,122.472,2.39424,10,0,0,-0.0169277,-0,0.0337338,0,1
14.11,-15.5134,0,1507.74,-3.55147,0,188.242,0,0,0,0.999858,0,-0.0168691,0,0,-0.00060771,0,89.7074,0.994642,-26.2389,0,1549.66,36.0639,-0,-236.322,122.468,122.468,2.39415,10,0,0,-0.0169307,-0,0.0337399,0,1
14.12,-15.549,0,1509.62,-3.55531,0,188.29,0,0,0,0.999858,0,-0.0168722,0,0,-0.00060757,0,89.7026,0.994619,-26.2446,0,1549.72,36.0718,-0,-236.399,122.464,122.464,2.39405,10,0,0,-0.0169337,-0,0.0337459,0,1
14.13,-15.5845,0,1511.51,-3.55916,0,188.338,0,0,0,0.999858,0,-0.0168752,0,0,-0.00060743,0,89.6978,0.994597,-26.2503,0,1549.78,36.0796,-0,-236.476,122.46,122.46,2.39396,10,0,0,-0.0169367,-0,0.033752,0,1
14.14,-15.6202,0,1513.39,-3.56301,0,188.387,0,0,0,0.999858,0,-0.0168782,0,0,-0.000607289,0,89.693,0.994574,-26.2559,0,1549.84,36.0875,-0,-236.553,122.456,122.456,2.39386,10,0,0,-0.0169398,-0,0.0337581,0,1
14.15,-15.6558,0,1515.27,-3.56685,0,188.435,0,0,0,0.999858,0,-0.0168813,0,0,-0.000607148,0,89.6882,0.994551,-26.2616,0,1549.9,36.0953,-0,-236.63,122.452,122.452,2.39376,10,0,0,-0.0169428,-0,0.0337641,0,1
14.16,-15.6915,0,1517.16,-3.5707,0,188.483,0,0,0,0.999857,0,-0.0168843,0,0,-0.000607007,0,89.6834,0.994528,-26.2673,0,1549.95,36.1032,-0,-236.707,122.448,122.448,2.39367,10,0,0,-0.0169458,-0,0.0337702,0,1
14.17,-15.7272,0,1519.04,-3.57455,0,188.531,0,0,0,0.999857,0,-0.0168873,0,0,-0.000606865,0,89.6786,0.994505,-26.2729,0,1550.01,36.111,-0,-236.784,122.444,122.444,2.39357,10,0,0,-0.0169488,-0,0.0337763,0,1
14.18,-15.763,0,1520.93,-3.5784,0,188.58,0,0,0,0.999857,0,-0.0168904,0,0,-0.000606723,0,89.6738,0.994482,-26.2786,0,1550.07,36.1189,-0,-236.861,122.44,122.44,2.39348,10,0,0,-0.0169519,-0,0.0337824,0,1
14.19,-15.7988,0,1522.82,-3.58225,0,188.628,0,0,0,0.999857,0,-0.0168934,0,0,-0.000606581,0,89.669,0.994459,-26.2842,0,1550.13,36.1267,-0,-236.938,122.436,122.436,2.39338,10,0,0,-0.0169549,-0,0.0337884,0,1
14.2,-15.8346,0,1524.7,-3.5861,0,188.676,0,0,0,0.999857,0,-0.0168964,0,0,-0.000606438,0,89.6642,0.994436,-26.2899,0,1550.18,36.1346,-0,-237.015,122.432,122.432,2.39328,10,0,0,-0.0169579,-0,0.0337945,0,1
14.21,-15.8705,0,1526.59,-3.58995,0,188.725,0,0,0,0.999857,0,-0.0168995,0,0,-0.000606295,0,89.6594,0.994413,-26.2956,0,1550.24,36.1424,-0,-237.092,122.428,122.428,2.39319,10,0,0,-0.0169609,-0,0.0338006,0,1
14.22,-15.9064,0,1528.48,-3.5938,0,188.773,0,0,0,0.999857,0,-0.0169025,0,0,-0.000606152,0,89.6546,0.99439,-26.3012,0,1550.3,36.1503,-0,-237.169,122.424,122.424,2.39309,10,0,0,-0.0169639,-0,0.0338066,0,1
14.23,-15.9424,0,1530.37,-3.59765,0,188.821,0,0,0,0.999857,0,-0.0169055,0,0,-0.000606008,0,89.6498,0.994368,-26.3069,0,1550.36,36.1581,-0,-237.246,122.42,122.42,2.393,10,0,0,-0.0169669,-0,0.0338127,0,1
14.24,-15.9784,0,1532.25,-3.60151,0,188.87,0,0,0,0.999857,0,-0.0169086,0,0,-0.000605865,0,89.645,0.994345,-26.3125,0,1550.42,36.1659,-0,-237.323,122.416,122.416,2.3929,10,0,0,-0.01697,-0,0.0338187,0,1
14.25,-16.0144,0,1534.14,-3.60536,0,188.918,0,0,0,0.999857,0,-0.0169116,0,0,-0.000605721,0,89.6402,0.994322,-26.3182,0,1550.47,36.1738,-0,-237.4,122.412,122.412,2.3928,10,0,0,-0.016973,-0,0.0338248,0,1
14.26,-16.0505,0,1536.03,-3.60922,0,188.966,0,0,0,0.999857,0,-0.0169146,0,0,-0.000605577,0,89.6354,0.994299,-26.3238,0,1550.53,36.1816,-0,-237.477,122.408,122.408,2.39271,10,0,0,-0.016976,-0,0.0338308,0,1
14.27,-16.0866,0,1537.92,-3.61307,0,189.015,0,0,0,0.999857,0,-0.0169176,0,0,-0.000605432,0,89.6306,0.994276,-26.3295,0,1550.59,36.1895,-0,-237.554,122.404,122.404,2.39261,10,0,0,-0.016979,-0,0.0338369,0,1
14.28,-16.1227,0,1539.81,-3.61693,0,189.063,0,0,0,0.999857,0,-0.0169207,0,0,-0.000605287,0,89.6258,0.994253,-26.3352,0,1550.65,36.1973,-0,-237.631,122.4,122.4,2.39252,10,0,0,-0.016982,-0,0.033843,0,1
14.29,-16.1589,0,1541.7,-3.62079,0,189.111,0,0,0,0.999857,0,-0.0169237,0,0,-0.000605142,0,89.621,0.99423,-26.3408,0,1550.7,36.2051,-0,-237.708,122.397,122.397,2.39242,10,0,0,-0.016985,-0,0.033849,0,1
14.3,-16.1952,0,1543.59,-3.62465,0,189.16,0,0,0,0.999857,0,-0.0169267,0,0,-0.000604997,0,89.6162,0.994207,-26.3465,0,1550.76,36.213,-0,-237.785,122.393,122.393,2.39232,10,0,0,-0.016988,-0,0.0338551,0,1
14.31,-16.2314,0,1545.49,-3.62851,0,189.208,0,0,0,0.999857,0,-0.0169297,0,0,-0.000604852,0,89.6114,0.994184,-26.3521,0,1550.82,36.2208,-0,-237.862,122.389,122.389,2.39223,10,0,0,-0.016991,-0,0.0338611,0,1
14.32,-16.2677,0,1547.38,-3.63237,0,189.256,0,0,0,0.999857,0,-0.0169328,0,0,-0.000604706,0,89.6066,0.994161,-26.3578,0,1550.88,36.2286,-0,-237.939,122.385,122.385,2.39213,10,0,0,-0.016994,-0,0.0338672,0,1
14.33,-16.3041,0,1549.27,-3.63623,0,189.305,0,0,0,0.999857,0,-0.0169358,0,0,-0.000604561,0,89.6018,0.994138,-26.3634,0,1550.94,36.2365,-0,-238.016,122.381,122.381,2.39204,10,0,0,-0.0169971,-0,0.0338732,0,1
14.34,-16.3405,0,1551.16,-3.64009,0,189.353,0,0,0,0.999857,0,-0.0169388,0,0,-0.000604415,0,89.597,0.994115,-26.3691,0,1550.99,36.2443,-0,-238.093,122.377,122.377,2.39194,10,0,0,-0.0170001,-0,0.0338792,0,1
14.35,-16.3769,0,1553.06,-3.64395,0,189.402,0,0,0,0.999856,0,-0.0169418,0,0,-0.000604269,0,89.5922,0.994092,-26.3747,0,1551.05,36.2521,-0,-238.17,122.373,122.373,2.39184,10,0,0,-0.0170031,-0,0.0338853,0,1
14.36,-16.4133,0,1554.95,-3.64782,0,189.45,0,0,0,0.999856,0,-0.0169449,0,0,-0.000604123,0,89.5874,0.99407,-26.3804,0,1551.11,36.26,-0,-238.247,122.369,122.369,2.39175,10,0,0,-0.0170061,-0,0.0338913,0,1
14.37,-16.4498,0,1556.85,-3.65168,0,189.498,0,0,0,0.999856,0,-0.0169479,0,0,-0.000603976,0,89.5826,0.994047,-26.386,0,1551.17,36.2678,-0,-238.323,122.365,122.365,2.39165,10,0,0,-0.0170091,-0,0.0338974,0,1
14.38,-16.4864,0,1558.74,-3.65554,0,189.547,0,0,0,0.999856,0,-0.0169509,0,0,-0.00060383,0,89.5778,0.994024,-26.3916,0,1551.22,36.2756,-0,-238.4,122.361,122.361,2.39156,10,0,0,-0.0170121,-0,0.0339034,0,1
14.39,-16.5229,0,1560.64,-3.65941,0,189.595,0,0,0,0.999856,0,-0.0169539,0,0,-0.000603683,0,89.573,0.994001,-26.3973,0,1551.28,36.2835,-0,-238.477,122.357,122.357,2.39146,10,0,0,-0.0170151,-0,0.0339095,0,1
14.4,-16.5596,0,1562.53,-3.66328,0,189.644,0,0,0,0.999856,0,-0.0169569,0,0,-0.000603536,0,89.5682,0.993978,-26.4029,0,1551.34,36.2913,-0,-238.554,122.353,122.353,2.39136,10,0,0,-0.0170181,-0,0.0339155,0,1
14.41,-16.5962,0,1564.43,-3.66714,0,189.692,0,0,0,0.999856,0,-0.0169599,0,0,-0.000603389,0,89.5634,0.993955,-26.4086,0,1551.4,36.2991,-0,-238.631,122.349,122.349,2.39127,10,0,0,-0.0170211,-0,0.0339215,0,1
14.42,-16.6329,0,1566.33,-3.67101,0,189.74,0,0,0,0.999856,0,-0.016963,0,0,-0.000603242,0,89.5586,0.993932,-26.4142,0,1551.46,36.3069,-0,-238.708,122.345,122.345,2.39117,10,0,0,-0.0170241,-0,0.0339276,0,1
14.43,-16.6696,0,1568.23,-3.67488,0,189.789,0,0,0,0.999856,0,-0.016966,0,0,-0.000603094,0,89.5538,0.993909,-26.4199,0,1551.51,36.3148,-0,-238.785,122.341,122.341,2.39108,10,0,0,-0.0170271,-0,0.0339336,0,1
14.44,-16.7064,0,1570.12,-3.67875,0,189.837,0,0,0,0.999856,0,-0.016969,0,0,-0.000602947,0,89.549,0.993886,-26.4255,0,1551.57,36.3226,-0,-238.862,122.337,122.337,2.39098,10,0,0,-0.0170301,-0,0.0339396,0,1
14.45,-16.7432,0,1572.02,-3.68262,0,189.886,0,0,0,0.999856,0,-0.016972,0,0,-0.000602799,0,89.5442,0.993863,-26.4311,0,1551.63,36.3304,-0,-238.939,122.333,122.333,2.39088,10,0,0,-0.0170331,-0,0.0339456,0,1
14.46,-16.7801,0,1573.92,-3.68649,0,189.934,0,0,0,0.999856,0,-0.016975,0,0,-0.000602652,0,89.5394,0.99384,-26.4368,0,1551.69,36.3382,-0,-239.016,122.329,122.329,2.39079,10,0,0,-0.0170361,-0,0.0339517,0,1
14.47,-16.8169,0,1575.82,-3.69036,0,189.983,0,0,0,0.999856,0,-0.016978,0,0,-0.000602504,0,89.5346,0.993817,-26.4424,0,1551.74,36.346,-0,-239.092,122.325,122.325,2.39069,10,0,0,-0.0170391,-0,0.0339577,0,1
14.48,-16.8539,0,1577.72,-3.69423,0,190.031,0,0,0,0.999856,0,-0.016981,0,0,-0.000602356,0,89.5298,0.993794,-26.4481,0,1551.8,36.3539,-0,-239.169,122.321,122.321,2.3906,10,0,0,-0.0170421,-0,0.0339637,0,1
14.49,-16.8908,0,1579.62,-3.69811,0,190.08,0,0,0,0.999856,0,-0.0169841,0,0,-0.000602208,0,89.525,0.993771,-26.4537,0,1551.86,36.3617,-0,-239.246,122.317,122.317,2.3905,10,0,0,-0.0170451,-0,0.0339697,0,1
14.5,-16.9278,0,1581.52,-3.70198,0,190.128,0,0,0,0.999856,0,-0.0169871,0,0,-0.000602059,0,89.5202,0.993748,-26.4593,0,1551.92,36.3695,-0,-239.323,122.313,122.313,2.3904,10,0,0,-0.0170481,-0,0.0339758,0,1
14.51,-16.9649,0,1583.42,-3.70586,0,190.177,0,0,0,0.999856,0,-0.0169901,0,0,-0.000601911,0,89.5154,0.993725,-26.465,0,1551.98,36.3773,-0,-239.4,122.309,122.309,2.39031,10,0,0,-0.0170511,-0,0.0339818,0,1
14.52,-17.0019,0,1585.33,-3.70973,0,190.225,0,0,0,0.999856,0,-0.0169931,0,0,-0.000601763,0,89.5106,0.993702,-26.4706,0,1552.03,36.3851,-0,-239.477,122.305,122.305,2.39021,10,0,0,-0.0170541,-0,0.0339878,0,1
14.53,-17.0391,0,1587.23,-3.71361,0,190.274,0,0,0,0.999856,0,-0.0169961,0,0,-0.000601614,0,89.5058,0.99368,-26.4762,0,1552.09,36.3929,-0,-239.554,122.301,122.301,2.39012,10,0,0,-0.0170571,-0,0.0339938,0,1
14.54,-17.0762,0,1589.13,-3.71748,0,190.322,0,0,0,0.999856,0,-0.0169991,0,0,-0.000601466,0,89.501,0.993657,-26.4819,0,1552.15,36.4007,-0,-239.63,122.297,122.297,2.39002,10,0,0,-0.0170601,-0,0.0339998,0,1
14.55,-17.1134,0,1591.04,-3.72136,0,190.371,0,0,0,0.999855,0,-0.0170021,0,0,-0.000601317,0,89.4962,0.993634,-26.4875,0,1552.21,36.4085,-0,-239.707,122.293,122.293,2.38992,10,0,0,-0.0170631,-0,0.0340059,0,1
14.56,-17.1506,0,1592.94,-3.72524,0,190.419,0,0,0,0.999855,0,-0.0170051,0,0,-0.000601168,0,89.4914,0.993611,-26.4931,0,1552.27,36.4163,-0,-239.784,122.289,122.289,2.38983,10,0,0,-0.017066,-0,0.0340119,0,1
14.57,-17.1879,0,1594.84,-3.72912,0,190.468,0,0,0,0.999855,0,-0.0170081,0,0,-0.000601019,0,89.4866,0.993588,-26.4988,0,1552.32,36.4242,-0,-239.861,122.285,122.285,2.38973,10,0,0,-0.017069,-0,0.0340179,0,1
14.58,-17.2252,0,1596.75,-3.733,0,190.516,0,0,0,0.999855,0,-0.0170111,0,0,-0.00060087,0,89.4818,0.993565,-26.5044,0,1552.38,36.432,-0,-239.938,122.281,122.281,2.38964,10,0,0,-0.017072,-0,0.0340239,0,1
14.59,-17.2626,0,1598.65,-3.73688,0,190.565,0,0,0,0.999855,0,-0.0170141,0,0,-0.000600721,0,89.477,0.993542,-26.51,0,1552.44,36.4398,-0,-240.014,122.277,122.277,2.38954,10,0,0,-0.017075,-0,0.0340299,0,1
14.6,-17.3,0,1600.56,-3.74076,0,190.613,0,0,0,0.999855,0,-0.0170171,0,0,-0.000600572,0,89.4722,0.993519,-26.5157,0,1552.5,36.4476,-0,-240.091,122.273,122.273,2.38944,10,0,0,-0.017078,-0,0.0340359,0,1
14.61,-17.3374,0,1602.47,-3.74465,0,190.662,0,0,0,0.999855,0,-0.0170201,0,0,-0.000600422,0,89.4674,0.993496,-26.5213,0,1552.55,36.4554,-0,-240.168,122.269,122.269,2.38935,10,0,0,-0.017081,-0,0.0340419,0,1
14.62,-17.3749,0,1604.37,-3.74853,0,190.71,0,0,0,0.999855,0,-0.0170231,0,0,-0.000600273,0,89.4626,0.993473,-26.5269,0,1552.61,36.4632,-0,-240.245,122.265,122.265,2.38925,10,0,0,-0.017084,-0,0.0340479,0,1
14.63,-17.4124,0,1606.28,-3.75241,0,190.759,0,0,0,0.999855,0,-0.0170261,0,0,-0.000600123,0,89.4578,0.99345,-26.5325,0,1552.67,36.471,-0,-240.322,122.261,122.261,2.38916,10,0,0,-0.017087,-0,0.0340539,0,1
14.64,-17.4499,0,1608.19,-3.7563,0,190.807,0,0,0,0.999855,0,-0.0170291,0,0,-0.000599974,0,89.453,0.993427,-26.5382,0,1552.73,36.4788,-0,-240.398,122.257,122.257,2.38906,10,0,0,-0.01709,-0,0.0340599,0,1
14.65,-17.4875,0,1610.1,-3.76018,0,190.856,0,0,0,0.999855,0,-0.0170321,0,0,-0.000599824,0,89.4482,0.993404,-26.5438,0,1552.79,36.4866,-0,-240.475,122.253,122.253,2.38896,10,0,0,-0.0170929,-0,0.0340659,0,1
14.66,-17.5251,0,1612.01,-3.76407,0,190.905,0,0,0,0.999855,0,-0.0170351,0,0,-0.000599674,0,89.4434,0.993381,-26.5494,0,1552.84,36.4944,-0,-240.552,122.249,122.249,2.38887,10,0,0,-0.0170959,-0,0.0340719,0,1
14.67,-17.5628,0,1613.92,-3.76796,0,190.953,0,0,0,0.999855,0,-0.0170381,0,0,-0.000599524,0,89.4386,0.993358,-26.555,0,1552.9,36.5022,-0,-240.629,122.245,122.245,2.38877,10,0,0,-0.0170989,-0,0.0340779,0,1
14.68,-17.6005,0,1615.82,-3.77185,0,191.002,0,0,0,0.999855,0,-0.0170411,0,0,-0.000599374,0,89.4338,0.993335,-26.5607,0,1552.96,36.51,-0,-240.705,122.241,122.241,2.38868,10,0,0,-0.0171019,-0,0.0340839,0,1
14.69,-17.6382,0,1617.74,-3.77573,0,191.05,0,0,0,0.999855,0,-0.0170441,0,0,-0.000599224,0,89.429,0.993312,-26.5663,0,1553.02,36.5178,-0,-240.782,122.237,122.237,2.38858,10,0,0,-0.0171049,-0,0.0340899,0,1
14.7,-17.676,0,1619.65,-3.77962,0,191.099,0,0,0,0.999855,0,-0.0170471,0,0,-0.000599074,0,89.4242,0.993289,-26.5719,0,1553.08,36.5256,-0,-240.859,122.233,122.233,2.38848,10,0,0,-0.0171078,-0,0.0340959,0,1
14.71,-17.7138,0,1621.56,-3.78351,0,191.147,0,0,0,0.999855,0,-0.0170501,0,0,-0.000598924,0,89.4194,0.993266,-26.5775,0,1553.13,36.5334,-0,-240.936,122.229,122.229,2.38839,10,0,0,-0.0171108,-0,0.0341019,0,1
14.72,-17.7516,0,1623.47,-3.78741,0,191.196,0,0,0,0.999855,0,-0.0170531,0,0,-0.000598774,0,89.4146,0.993243,-26.5832,0,1553.19,36.5411,-0,-241.012,122.225,122.225,2.38829,10,0,0,-0.0171138,-0,0.0341079,0,1
14.73,-17.7895,0,1625.38,-3.7913,0,191.245,0,0,0,0.999855,0,-0.0170561,0,0,-0.000598623,0,89.4098,0.99322,-26.5888,0,1553.25,36.5489,-0,-241.089,122.221,122.221,2.3882,10,0,0,-0.0171168,-0,0.0341138,0,1
14.74,-17.8275,0,1627.29,-3.79519,0,191.293,0,0,0,0.999854,0,-0.0170591,0,0,-0.000598473,0,89.405,0.993197,-26.5944,0,1553.31,36.5567,-0,-241.166,122.217,122.217,2.3881,10,0,0,-0.0171198,-0,0.0341198,0,1
14.75,-17.8654,0,1629.21,-3.79908,0,191.342,0,0,0,0.999854,0,-0.0170621,0,0,-0.000598322,0,89.4002,0.993174,-26.6,0,1553.37,36.5645,-0,-241.242,122.213,122.213,2.388,10,0,0,-0.0171227,-0,0.0341258,0,1
14.76,-17.9035,0,1631.12,-3.80298,0,191.391,0,0,0,0.999854,0,-0.0170651,0,0,-0.000598171,0,89.3954,0.993151,-26.6056,0,1553.42,36.5723,-0,-241.319,122.209,122.209,2.38791,10,0,0,-0.0171257,-0,0.0341318,0,1
14.77,-17.9415,0,1633.03,-3.80687,0,191.439,0,0,0,0.999854,0,-0.0170681,0,0,-0.000598021,0,89.3906,0.993128,-26.6112,0,1553.48,36.5801,-0,-241.396,122.205,122.205,2.38781,10,0,0,-0.0171287,-0,0.0341378,0,1
14.78,-17.9796,0,1634.95,-3.81077,0,191.488,0,0,0,0.999854,0,-0.017071,0,0,-0.00059787,0,89.3858,0.993105,-26.6169,0,1553.54,36.5879,-0,-241.473,122.201,122.201,2.38772,10,0,0,-0.0171317,-0,0.0341438,0,1
14.79,-18.0177,0,1636.86,-3.81466,0,191.536,0,0,0,0.999854,0,-0.017074,0,0,-0.000597719,0,89.381,0.993082,-26.6225,0,1553.6,36.5957,-0,-241.549,122.197,122.197,2.38762,10,0,0,-0.0171346,-0,0.0341497,0,1
14.8,-18.0559,0,1638.78,-3.81856,0,191.585,0,0,0,0.999854,0,-0.017077,0,0,-0.000597568,0,89.3762,0.993059,-26.6281,0,1553.66,36.6034,-0,-241.626,122.193,122.193,2.38752,10,0,0,-0.0171376,-0,0.0341557,0,1
14.81,-18.0941,0,1640.7,-3.82246,0,191.634,0,0,0,0.999854,0,-0.01708,0,0,-0.000597417,0,89.3714,0.993036,-26.6337,0,1553.71,36.6112,-0,-241.703,122.189,122.189,2.38743,10,0,0,-0.0171406,-0,0.0341617,0,1
14.82,-18.1323,0,1642.61,-3.82636,0,191.682,0,0,0,0.999854,0,-0.017083,0,0,-0.000597266,0,89.3666,0.993013,-26.6393,0,1553.77,36.619,-0,-241.779,122.185,122.185,2.38733,10,0,0,-0.0171436,-0,0.0341677,0,1
14.83,-18.1706,0,1644.53,-3.83026,0,191.731,0,0,0,0.999854,0,-0.017086,0,0,-0.000597115,0,89.3618,0.99299,-26.6449,0,1553.83,36.6268,-0,-241.856,122.181,122.181,2.38724,10,0,0,-0.0171465,-0,0.0341736,0,1
14.84,-18.2089,0,1646.45,-3.83416,0,191.78,0,0,0,0.999854,0,-0.017089,0,0,-0.000596964,0,89.357,0.992967,-26.6505,0,1553.89,36.6346,-0,-241.933,122.177,122.177,2.38714,10,0,0,-0.0171495,-0,0.0341796,0,1
14.85,-18.2473,0,1648.37,-3.83806,0,191.828,0,0,0,0.999854,0,-0.017092,0,0,-0.000596812,0,89.3522,0.992944,-26.6561,0,1553.95,36.6423,-0,-242.009,122.173,122.173,2.38704,10,0,0,-0.0171525,-0,0.0341856,0,1
14.86,-18.2857,0,1650.28,-3.84196,0,191.877,0,0,0,0.999854,0,-0.0170949,0,0,-0.000596661,0,89.3474,0.992921,-26.6618,0,1554,36.6501,-0,-242.086,122.169,122.169,2.38695,10,0,0,-0.0171554,-0,0.0341915,0,1
14.87,-18.3241,0,1652.2,-3.84586,0,191.926,0,0,0,0.999854,0,-0.0170979,0,0,-0.000596509,0,89.3426,0.992898,-26.6674,0,1554.06,36.6579,-0,-242.163,122.165,122.165,2.38685,10,0,0,-0.0171584,-0,0.0341975,0,1
14.88,-18.3626,0,1654.12,-3.84977,0,191.974,0,0,0,0.999854,0,-0.0171009,0,0,-0.000596358,0,89.3378,0.992875,-26.673,0,1554.12,36.6657,-0,-242.239,122.161,122.161,2.38676,10,0,0,-0.0171614,-0,0.0342035,0,1
14.89,-18.4011,0,1656.04,-3.85367,0,192.023,0,0,0,0.999854,0,-0.0171039,0,0,-0.000596206,0,89.333,0.992852,-26.6786,0,1554.18,36.6734,-0,-242.316,122.157,122.157,2.38666,10,0,0,-0.0171643,-0,0.0342094,0,1
14.9,-18.4397,0,1657.96,-3.85758,0,192.072,0,0,0,0.999854,0,-0.0171069,0,0,-0.000596054,0,89.3282,0.992829,-26.6842,0,1554.24,36.6812,-0,-242.392,122.153,122.153,2.38656,10,0,0,-0.0171673,-0,0.0342154,0,1
14.91,-18.4783,0,1659.88,-3.86148,0,192.121,0,0,0,0.999854,0,-0.0171098,0,0,-0.000595903,0,89.3234,0.992806,-26.6898,0,1554.29,36.689,-0,-242.469,122.149,122.149,2.38647,10,0,0,-0.0171703,-0,0.0342214,0,1
14.92,-18.5169,0,1661.81,-3.86539,0,192.169,0,0,0,0.999854,0,-0.0171128,0,0,-0.000595751,0,89.3186,0.992783,-26.6954,0,1554.35,36.6967,-0,-242.546,122.145,122.145,2.38637,10,0,0,-0.0171732,-0,0.0342273,0,1
14.93,-18.5556,0,1663.73,-3.8693,0,192.218,0,0,0,0.999854,0,-0.0171158,0,0,-0.000595599,0,89.3138,0.99276,-26.701,0,1554.41,36.7045,-0,-242.622,122.141,122.141,2.38628,10,0,0,-0.0171762,-0,0.0342333,0,1
14.94,-18.5943,0,1665.65,-3.8732,0,192.267,0,0,0,0.999853,0,-0.0171188,0,0,-0.000595447,0,89.309,0.992737,-26.7066,0,1554.47,36.7123,-0,-242.699,122.137,122.137,2.38618,10,0,0,-0.0171792,-0,0.0342392,0,1
14.95,-18.6331,0,1667.57,-3.87711,0,192.316,0,0,0,0.999853,0,-0.0171218,0,0,-0.000595295,0,89.3042,0.992714,-26.7122,0,1554.53,36.72,-0,-242.775,122.133,122.133,2.38608,10,0,0,-0.0171821,-0,0.0342452,0,1
14.96,-18.6719,0,1669.5,-3.88102,0,192.364,0,0,0,0.999853,0,-0.0171247,0,0,-0.000595143,0,89.2994,0.992691,-26.7178,0,1554.58,36.7278,-0,-242.852,122.129,122.129,2.38599,10,0,0,-0.0171851,-0,0.0342511,0,1
14.97,-18.7107,0,1671.42,-3.88493,0,192.413,0,0,0,0.999853,0,-0.0171277,0,0,-0.00059499,0,89.2946,0.992668,-26.7234,0,1554.64,36.7356,-0,-242.929,122.125,122.125,2.38589,10,0,0,-0.017188,-0,0.0342571,0,1
14.98,-18.7495,0,1673.34,-3.88884,0,192.462,0,0,0,0.999853,0,-0.0171307,0,0,-0.000594838,0,89.2898,0.992645,-26.729,0,1554.7,36.7433,-0,-243.005,122.121,122.121,2.3858,10,0,0,-0.017191,-0,0.034263,0,1
14.99,-18.7885,0,1675.27,-3.89276,0,192.511,0,0,0,0.999853,0,-0.0171337,0,0,-0.000594686,0,89.285,0.992622,-26.7346,0,1554.76,36.7511,-0,-243.082,122.117,122.117,2.3857,10,0,0,-0.017194,-0,0.034269,0,1
15,-18.8274,0,1677.19,-3.89667,0,192.559,0,0,0,0.999853,0,-0.0171366,0,0,-0.000594533,0,89.2802,0.992599,-26.7402,0,1554.82,36.7589,-0,-243.158,122.113,122.113,2.3856,10,0,0,-0.0171969,-0,0.0342749,0,1
15.01,-18.8664,0,1679.12,-3.90058,0,192.608,0,0,0,0.999853,0,-0.0171396,0,0,-0.000594381,0,89.2754,0.992576,-26.7458,0,1554.87,36.7666,-0,-243.235,122.109,122.109,2.38551,10,0,0,-0.0171999,-0,0.0342809,0,1
15.02,-18.9054,0,1681.05,-3.9045,0,192.657,0,0,0,0.999853,0,-0.0171426,0,0,-0.000594228,0,89.2706,0.992553,-26.7514,0,1554.93,36.7744,-0,-243.311,122.105,122.105,2.38541,10,0,0,-0.0172028,-0,0.0342868,0,1
15.03,-18.9445,0,1682.97,-3.90841,0,192.706,0,0,0,0.999853,0,-0.0171455,0,0,-0.000594075,0,89.2658,0.99253,-26.757,0,1554.99,36.7821,-0,-243.388,122.101,122.101,2.38532,10,0,0,-0.0172058,-0,0.0342928,0,1
15.04,-18.9836,0,1684.9,-3.91233,0,192.754,0,0,0,0.999853,0,-0.0171485,0,0,-0.000593923,0,89.261,0.992507,-26.7626,0,1555.05,36.7899,-0,-243.464,122.097,122.097,2.38522,10,0,0,-0.0172087,-0,0.0342987,0,1
15.05,-19.0227,0,1686.83,-3.91624,0,192.803,0,0,0,0.999853,0,-0.0171515,0,0,-0.00059377,0,89.2562,0.992484,-26.7682,0,1555.11,36.7976,-0,-243.541,122.093,122.093,2.38512,10,0,0,-0.0172117,-0,0.0343046,0,1
15.06,-19.0619,0,1688.76,-3.92016,0,192.852,0,0,0,0.999853,0,-0.0171544,0,0,-0.000593617,0,89.2514,0.992461,-26.7738,0,1555.16,36.8054,-0,-243.617,122.089,122.089,2.38503,10,0,0,-0.0172146,-0,0.0343106,0,1
15.07,-19.1011,0,1690.69,-3.92408,0,192.901,0,0,0,0.999853,0,-0.0171574,0,0,-0.000593464,0,89.2466,0.992438,-26.7794,0,1555.22,36.8132,-0,-243.694,122.085,122.085,2.38493,10,0,0,-0.0172176,-0,0.0343165,0,1
15.08,-19.1404,0,1692.61,-3.928,0,192.95,0,0,0,0.999853,0,-0.0171604,0,0,-0.000593311,0,89.2418,0.992415,-26.785,0,1555.28,36.8209,-0,-243.77,122.081,122.081,2.38484,10,0,0,-0.0172205,-0,0.0343224,0,1
15.09,-19.1797,0,1694.54,-3.93192,0,192.998,0,0,0,0.999853,0,-0.0171633,0,0,-0.000593158,0,89.237,0.992392,-26.7905,0,1555.34,36.8287,-0,-243.847,122.077,122.077,2.38474,10,0,0,-0.0172235,-0,0.0343284,0,1
15.1,-19.219,0,1696.47,-3.93584,0,193.047,0,0,0,0.999853,0,-0.0171663,0,0,-0.000593005,0,89.2322,0.992369,-26.7961,0,1555.4,36.8364,-0,-243.923,122.073,122.073,2.38464,10,0,0,-0.0172265,-0,0.0343343,0,1
15.11,-19.2584,0,1698.41,-3.93976,0,193.096,0,0,0,0.999853,0,-0.0171693,0,0,-0.000592851,0,89.2274,0.992346,-26.8017,0,1555.45,36.8442,-0,-244,122.069,122.069,2.38455,10,0,0,-0.0172294,-0,0.0343402,0,1
15.12,-19.2978,0,1700.34,-3.94368,0,193.145,0,0,0,0.999853,0,-0.0171722,0,0,-0.000592698,0,89.2226,0.992323,-26.8073,0,1555.51,36.8519,-0,-244.076,122.065,122.065,2.38445,10,0,0,-0.0172323,-0,0.0343462,0,1
15.13,-19.3373,0,1702.27,-3.9476,0,193.194,0,0,0,0.999852,0,-0.0171752,0,0,-0.000592545,0,89.2178,0.9923,-26.8129,0,1555.57,36.8597,-0,-244.153,122.061,122.061,2.38436,10,0,0,-0.0172353,-0,0.0343521,0,1
15.14,-19.3768,0,1704.2,-3.95153,0,193.243,0,0,0,0.999852,0,-0.0171782,0,0,-0.000592391,0,89.213,0.992277,-26.8185,0,1555.63,36.8674,-0,-244.229,122.057,122.057,2.38426,10,0,0,-0.0172382,-0,0.034358,0,1
15.15,-19.4163,0,1706.13,-3.95545,0,193.291,0,0,0,0.999852,0,-0.0171811,0,0,-0.000592238,0,89.2082,0.992254,-26.8241,0,1555.69,36.8751,-0,-244.306,122.053,122.053,2.38416,10,0,0,-0.0172412,-0,0.0343639,0,1
15.16,-19.4559,0,1708.07,-3.95938,0,193.34,0,0,0,0.999852,0,-0.0171841,0,0,-0.000592084,0,89.2034,0.992231,-26.8297,0,1555.74,36.8829,-0,-244.382,122.049,122.049,2.38407,10,0,0,-0.0172441,-0,0.0343699,0,1
15.17,-19.4955,0,1710,-3.9633,0,193.389,0,0,0,0.999852,0,-0.017187,0,0,-0.000591931,0,89.1986,0.992208,-26.8352,0,1555.8,36.8906,-0,-244.459,122.045,122.045,2.38397,10,0,0,-0.0172471,-0,0.0343758,0,1
15.18,-19.5352,0,1711.93,-3.96723,0,193.438,0,0,0,0.999852,0,-0.01719,0,0,-0.000591777,0,89.1938,0.992185,-26.8408,0,1555.86,36.8984,-0,-244.535,122.041,122.041,2.38388,10,0,0,-0.01725,-0,0.0343817,0,1
15.19,-19.5748,0,1713.87,-3.97115,0,193.487,0,0,0,0.999852,0,-0.017193,0,0,-0.000591623,0,89.189,0.992161,-26.8464,0,1555.92,36.9061,-0,-244.612,122.037,122.037,2.38378,10,0,0,-0.017253,-0,0.0343876,0,1
15.2,-19.6146,0,1715.8,-3.97508,0,193.536,0,0,0,0.999852,0,-0.0171959,0,0,-0.000591469,0,89.1842,0.992138,-26.852,0,1555.98,36.9138,-0,-244.688,122.033,122.033,2.38368,10,0,0,-0.0172559,-0,0.0343935,0,1
15.21,-19.6543,0,1717.74,-3.97901,0,193.585,0,0,0,0.999852,0,-0.0171989,0,0,-0.000591315,0,89.1794,0.992115,-26.8576,0,1556.03,36.9216,-0,-244.764,122.029,122.029,2.38359,10,0,0,-0.0172589,-0,0.0343994,0,1
15.22,-19.6942,0,1719.68,-3.98294,0,193.634,0,0,0,0.999852,0,-0.0172018,0,0,-0.000591161,0,89.1746,0.992092,-26.8632,0,1556.09,36.9293,-0,-244.841,122.025,122.025,2.38349,10,0,0,-0.0172618,-0,0.0344053,0,1
15.23,-19.734,0,1721.61,-3.98687,0,193.682,0,0,0,0.999852,0,-0.0172048,0,0,-0.000591007,0,89.1698,0.992069,-26.8687,0,1556.15,36.9371,-0,-244.917,122.021,122.021,2.3834,10,0,0,-0.0172647,-0,0.0344113,0,1
15.24,-19.7739,0,1723.55,-3.9908,0,193.731,0,0,0,0.999852,0,-0.0172077,0,0,-0.000590853,0,89.165,0.992046,-26.8743,0,1556.21,36.9448,-0,-244.994,122.017,122.017,2.3833,10,0,0,-0.0172677,-0,0.0344172,0,1
15.25,-19.8138,0,1725.49,-3.99473,0,193.78,0,0,0,0.999852,0,-0.0172107,0,0,-0.000590698,0,89.1602,0.992023,-26.8799,0,1556.27,36.9525,-0,-245.07,122.013,122.013,2.3832,10,0,0,-0.0172706,-0,0.0344231,0,1
15.26,-19.8538,0,1727.42,-3.99867,0,193.829,0,0,0,0.999852,0,-0.0172136,0,0,-0.000590544,0,89.1554,0.992,-26.8855,0,1556.33,36.9602,-0,-245.146,122.009,122.009,2.38311,10,0,0,-0.0172735,-0,0.034429,0,1
15.27,-19.8938,0,1729.36,-4.0026,0,193.878,0,0,0,0.999852,0,-0.0172166,0,0,-0.00059039,0,89.1506,0.991977,-26.891,0,1556.38,36.968,-0,-245.223,122.005,122.005,2.38301,10,0,0,-0.0172765,-0,0.0344349,0,1
15.28,-19.9338,0,1731.3,-4.00653,0,193.927,0,0,0,0.999852,0,-0.0172195,0,0,-0.000590235,0,89.1458,0.991954,-26.8966,0,1556.44,36.9757,-0,-245.299,122.001,122.001,2.38292,10,0,0,-0.0172794,-0,0.0344408,0,1
15.29,-19.9739,0,1733.24,-4.01047,0,193.976,0,0,0,0.999852,0,-0.0172225,0,0,-0.000590081,0,89.141,0.991931,-26.9022,0,1556.5,36.9834,-0,-245.376,121.997,121.997,2.38282,10,0,0,-0.0172824,-0,0.0344467,0,1
15.3,-20.014,0,1735.18,-4.01441,0,194.025,0,0,0,0.999852,0,-0.0172254,0,0,-0.000589926,0,89.1362,0.991908,-26.9078,0,1556.56,36.9912,-0,-245.452,121.993,121.993,2.38272,10,0,0,-0.0172853,-0,0.0344526,0,1
15.31,-20.0542,0,1737.12,-4.01834,0,194.074,0,0,0,0.999852,0,-0.0172284,0,0,-0.000589771,0,89.1314,0.991885,-26.9133,0,1556.62,36.9989,-0,-245.528,121.989,121.989,2.38263,10,0,0,-0.0172882,-0,0.0344585,0,1
15.32,-20.0944,0,1739.06,-4.02228,0,194.123,0,0,0,0.999852,0,-0.0172313,0,0,-0.000589617,0,89.1266,0.991862,-26.9189,0,1556.67,37.0066,-0,-245.605,121.985,121.985,2.38253,10,0,0,-0.0172912,-0,0.0344644,0,1
15.33,-20.1347,0,1741,-4.02622,0,194.172,0,0,0,0.999851,0,-0.0172343,0,0,-0.000589462,0,89.1218,0.991839,-26.9245,0,1556.73,37.0143,-0,-245.681,121.981,121.981,2.38244,10,0,0,-0.0172941,-0,0.0344703,0,1
15.34,-20.1749,0,1742.95,-4.03016,0,194.221,0,0,0,0.999851,0,-0.0172372,0,0,-0.000589307,0,89.117,0.991816,-26.9301,0,1556.79,37.0221,-0,-245.757,121.977,121.977,2.38234,10,0,0,-0.017297,-0,0.0344762,0,1
15.35,-20.2153,0,1744.89,-4.0341,0,194.27,0,0,0,0.999851,0,-0.0172402,0,0,-0.000589152,0,89.1122,0.991793,-26.9356,0,1556.85,37.0298,-0,-245.834,121.973,121.973,2.38224,10,0,0,-0.0173,-0,0.0344821,0,1
15.36,-20.2556,0,1746.83,-4.03804,0,194.319,0,0,0,0.999851,0,-0.0172431,0,0,-0.000588997,0,89.1074,0.991769,-26.9412,0,1556.91,37.0375,-0,-245.91,121.969,121.969,2.38215,10,0,0,-0.0173029,-0,0.034488,0,1
15.37,-20.296,0,1748.78,-4.04198,0,194.368,0,0,0,0.999851,0,-0.0172461,0,0,-0.000588842,0,89.1026,0.991746,-26.9468,0,1556.96,37.0452,-0,-245.986,121.965,121.965,2.38205,10,0,0,-0.0173058,-0,0.0344939,0,1
15.38,-20.3365,0,1750.72,-4.04592,0,194.417,0,0,0,0.999851,0,-0.017249,0,0,-0.000588687,0,89.0978,0.991723,-26.9523,0,1557.02,37.0529,-0,-246.062,121.961,121.961,2.38196,10,0,0,-0.0173087,-0,0.0344997,0,1
15.39,-20.3769,0,1752.66,-4.04986,0,194.466,0,0,0,0.999851,0,-0.017252,0,0,-0.000588531,0,89.093,0.9917,-26.9579,0,1557.08,37.0607,-0,-246.139,121.957,121.957,2.38186,10,0,0,-0.0173117,-0,0.0345056,0,1
15.4,-20.4175,0,1754.61,-4.0538,0,194.515,0,0,0,0.999851,0,-0.0172549,0,0,-0.000588376,0,89.0882,0.991677,-26.9635,0,1557.14,37.0684,-0,-246.215,121.954,121.954,2.38176,10,0,0,-0.0173146,-0,0.0345115,0,1
15.41,-20.458,0,1756.55,-4.05775,0,194.564,0,0,0,0.999851,0,-0.0172578,0,0,-0.000588221,0,89.0834,0.991654,-26.969,0,1557.2,37.0761,-0,-246.291,121.95,121.95,2.38167,10,0,0,-0.0173175,-0,0.0345174,0,1
15.42,-20.4986,0,1758.5,-4.06169,0,194.613,0,0,0,0.999851,0,-0.0172608,0,0,-0.000588065,0,89.0786,0.991631,-26.9746,0,1557.26,37.0838,-0,-246.368,121.946,121.946,2.38157,10,0,0,-0.0173204,-0,0.0345233,0,1
15.43,-20.5392,0,1760.45,-4.06564,0,194.662,0,0,0,0.999851,0,-0.0172637,0,0,-0.00058791,0,89.0738,0.991608,-26.9802,0,1557.31,37.0915,-0,-246.444,121.942,121.942,2.38148,10,0,0,-0.0173234,-0,0.0345292,0,1
15.44,-20.5799,0,1762.39,-4.06959,0,194.711,0,0,0,0.999851,0,-0.0172667,0,0,-0.000587754,0,89.069,0.991585,-26.9857,0,1557.37,37.0992,-0,-246.52,121.938,121.938,2.38138,10,0,0,-0.0173263,-0,0.034535,0,1
15.45,-20.6206,0,1764.34,-4.07353,0,194.76,0,0,0,0.999851,0,-0.0172696,0,0,-0.000587598,0,89.0642,0.991562,-26.9913,0,1557.43,37.1069,-0,-246.596,121.934,121.934,2.38128,10,0,0,-0.0173292,-0,0.0345409,0,1
15.46,-20.6614,0,1766.29,-4.07748,0,194.809,0,0,0,0.999851,0,-0.0172725,0,0,-0.000587443,0,89.0594,0.991539,-26.9968,0,1557.49,37.1146,-0,-246.673,121.93,121.93,2.38119,10,0,0,-0.0173321,-0,0.0345468,0,1
15.47,-20.7022,0,1768.24,-4.08143,0,194.858,0,0,0,0.999851,0,-0.0172755,0,0,-0.000587287,0,89.0546,0.991516,-27.0024,0,1557.55,37.1223,-0,-246.749,121.926,121.926,2.38109,10,0,0,-0.0173351,-0,0.0345527,0,1
15.48,-20.743,0,1770.19,-4.08538,0,194.907,0,0,0,0.999851,0,-0.0172784,0,0,-0.000587131,0,89.0498,0.991492,-27.008,0,1557.6,37.1301,-0,-246.825,121.922,121.922,2.381,10,0,0,-0.017338,-0,0.0345585,0,1
15.49,-20.7839,0,1772.14,-4.08933,0,194.956,0,0,0,0.999851,0,-0.0172813,0,0,-0.000586975,0,89.045,0.991469,-27.0135,0,1557.66,37.1378,-0,-246.901,121.918,121.918,2.3809,10,0,0,-0.0173409,-0,0.0345644,0,1
15.5,-20.8248,0,1774.08,-4.09328,0,195.005,0,0,0,0.999851,0,-0.0172843,0,0,-0.000586819,0,89.0402,0.991446,-27.0191,0,1557.72,37.1455,-0,-246.978,121.914,121.914,2.3808,10,0,0,-0.0173438,-0,0.0345703,0,1
15.51,-20.8658,0,1776.04,-4.09723,0,195.054,0,0,0,0.999851,0,-0.0172872,0,0,-0.000586663,0,89.0354,0.991423,-27.0246,0,1557.78,37.1532,-0,-247.054,121.91,121.91,2.38071,10,0,0,-0.0173467,-0,0.0345761,0,1
15.52,-20.9068,0,1777.99,-4.10119,0,195.103,0,0,0,0.999851,0,-0.0172901,0,0,-0.000586507,0,89.0306,0.9914,-27.0302,0,1557.84,37.1609,-0,-247.13,121.906,121.906,2.38061,10,0,0,-0.0173497,-0,0.034582,0,1
15.53,-20.9478,0,1779.94,-4.10514,0,195.152,0,0,0,0.99985,0,-0.0172931,0,0,-0.00058635,0,89.0258,0.991377,-27.0358,0,1557.9,37.1686,-0,-247.206,121.902,121.902,2.38052,10,0,0,-0.0173526,-0,0.0345879,0,1
15.54,-20.9889,0,1781.89,-4.10909,0,195.201,0,0,0,0.99985,0,-0.017296,0,0,-0.000586194,0,89.021,0.991354,-27.0413,0,1557.95,37.1763,-0,-247.282,121.898,121.898,2.38042,10,0,0,-0.0173555,-0,0.0345937,0,1
15.55,-21.03,0,1783.84,-4.11305,0,195.25,0,0,0,0.99985,0,-0.0172989,0,0,-0.000586038,0,89.0162,0.991331,-27.0469,0,1558.01,37.184,-0,-247.359,121.894,121.894,2.38032,10,0,0,-0.0173584,-0,0.0345996,0,1
15.56,-21.0711,0,1785.79,-4.117,0,195.299,0,0,0,0.99985,0,-0.0173019,0,0,-0.000585881,0,89.0114,0.991308,-27.0524,0,1558.07,37.1917,-0,-247.435,121.89,121.89,2.38023,10,0,0,-0.0173613,-0,0.0346054,0,1
15.57,-21.1123,0,1787.75,-4.12096,0,195.348,0,0,0,0.99985,0,-0.0173048,0,0,-0.000585725,0,89.0066,0.991285,-27.058,0,1558.13,37.1994,-0,-247.511,121.886,121.886,2.38013,10,0,0,-0.0173642,-0,0.0346113,0,1
15.58,-21.1535,0,1789.7,-4.12492,0,195.398,0,0,0,0.99985,0,-0.0173077,0,0,-0.000585568,0,89.0018,0.991262,-27.0635,0,1558.19,37.2071,-0,-247.587,121.882,121.882,2.38004,10,0,0,-0.0173671,-0,0.0346172,0,1
15.59,-21.1948,0,1791.66,-4.12887,0,195.447,0,0,0,0.99985,0,-0.0173106,0,0,-0.000585411,0,88.997,0.991238,-27.0691,0,1558.25,37.2147,-0,-247.663,121.878,121.878,2.37994,10,0,0,-0.0173701,-0,0.034623,0,1
15.6,-21.2361,0,1793.61,-4.13283,0,195.496,0,0,0,0.99985,0,-0.0173136,0,0,-0.000585255,0,88.9922,0.991215,-27.0746,0,1558.3,37.2224,-0,-247.739,121.874,121.874,2.37984,10,0,0,-0.017373,-0,0.0346289,0,1
15.61,-21.2775,0,1795.57,-4.13679,0,195.545,0,0,0,0.99985,0,-0.0173165,0,0,-0.000585098,0,88.9874,0.991192,-27.0802,0,1558.36,37.2301,-0,-247.816,121.87,121.87,2.37975,10,0,0,-0.0173759,-0,0.0346347,0,1
15.62,-21.3189,0,1797.52,-4.14075,0,195.594,0,0,0,0.99985,0,-0.0173194,0,0,-0.000584941,0,88.9826,0.991169,-27.0857,0,1558.42,37.2378,-0,-247.892,121.866,121.866,2.37965,10,0,0,-0.0173788,-0,0.0346406,0,1
15.63,-21.3603,0,1799.48,-4.14471,0,195.643,0,0,0,0.99985,0,-0.0173223,0,0,-0.000584784,0,88.9778,0.991146,-27.0913,0,1558.48,37.2455,-0,-247.968,121.862,121.862,2.37956,10,0,0,-0.0173817,-0,0.0346464,0,1
15.64,-21.4017,0,1801.43,-4.14868,0,195.692,0,0,0,0.99985,0,-0.0173253,0,0,-0.000584627,0,88.973,0.991123,-27.0968,0,1558.54,37.2532,-0,-248.044,121.858,121.858,2.37946,10,0,0,-0.0173846,-0,0.0346523,0,1
15.65,-21.4433,0,1803.39,-4.15264,0,195.741,0,0,0,0.99985,0,-0.0173282,0,0,-0.00058447,0,88.9682,0.9911,-27.1023,0,1558.59,37.2609,-0,-248.12,121.854,121.854,2.37936,10,0,0,-0.0173875,-0,0.0346581,0,1
15.66,-21.4848,0,1805.35,-4.1566,0,195.791,0,0,0,0.99985,0,-0.0173311,0,0,-0.000584313,0,88.9634,0.991077,-27.1079,0,1558.65,37.2686,-0,-248.196,121.85,121.85,2.37927,10,0,0,-0.0173904,-0,0.034664,0,1
15.67,-21.5264,0,1807.31,-4.16057,0,195.84,0,0,0,0.99985,0,-0.017334,0,0,-0.000584155,0,88.9586,0.991054,-27.1134,0,1558.71,37.2763,-0,-248.272,121.846,121.846,2.37917,10,0,0,-0.0173933,-0,0.0346698,0,1
15.68,-21.568,0,1809.27,-4.16453,0,195.889,0,0,0,0.99985,0,-0.017337,0,0,-0.000583998,0,88.9538,0.99103,-27.119,0,1558.77,37.2839,-0,-248.348,121.842,121.842,2.37908,10,0,0,-0.0173962,-0,0.0346756,0,1
15.69,-21.6097,0,1811.22,-4.1685,0,195.938,0,0,0,0.99985,0,-0.0173399,0,0,-0.000583841,0,88.949,0.991007,-27.1245,0,1558.83,37.2916,-0,-248.424,121.838,121.838,2.37898,10,0,0,-0.0173991,-0,0.0346815,0,1
15.7,-21.6514,0,1813.18,-4.17246,0,195.987,0,0,0,0.99985,0,-0.0173428,0,0,-0.000583683,0,88.9442,0.990984,-27.1301,0,1558.89,37.2993,-0,-248.5,121.834,121.834,2.37888,10,0,0,-0.017402,-0,0.0346873,0,1
15.71,-21.6931,0,1815.14,-4.17643,0,196.036,0,0,0,0.99985,0,-0.0173457,0,0,-0.000583526,0,88.9394,0.990961,-27.1356,0,1558.94,37.307,-0,-248.576,121.83,121.83,2.37879,10,0,0,-0.0174049,-0,0.0346932,0,1
15.72,-21.7349,0,1817.1,-4.1804,0,196.086,0,0,0,0.99985,0,-0.0173486,0,0,-0.000583368,0,88.9346,0.990938,-27.1411,0,1559,37.3147,-0,-248.653,121.826,121.826,2.37869,10,0,0,-0.0174078,-0,0.034699,0,1
15.73,-21.7767,0,1819.07,-4.18437,0,196.135,0,0,0,0.999849,0,-0.0173515,0,0,-0.00058321,0,88.9298,0.990915,-27.1467,0,1559.06,37.3223,-0,-248.729,121.822,121.822,2.3786,10,0,0,-0.0174107,-0,0.0347048,0,1
15.74,-21.8186,0,1821.03,-4.18834,0,196.184,0,0,0,0.999849,0,-0.0173545,0,0,-0.000583053,0,88.925,0.990892,-27.1522,0,1559.12,37.33,-0,-248.805,121.818,121.818,2.3785,10,0,0,-0.0174136,-0,0.0347107,0,1
15.75,-21.8605,0,1822.99,-4.19231,0,196.233,0,0,0,0.999849,0,-0.0173574,0,0,-0.000582895,0,88.9202,0.990869,-27.1578,0,1559.18,37.3377,-0,-248.881,121.814,121.814,2.3784,10,0,0,-0.0174165,-0,0.0347165,0,1
15.76,-21.9024,0,1824.95,-4.19628,0,196.282,0,0,0,0.999849,0,-0.0173603,0,0,-0.000582737,0,88.9154,0.990845,-27.1633,0,1559.24,37.3454,-0,-248.957,121.81,121.81,2.37831,10,0,0,-0.0174194,-0,0.0347223,0,1
15.77,-21.9444,0,1826.92,-4.20025,0,196.332,0,0,0,0.999849,0,-0.0173632,0,0,-0.000582579,0,88.9106,0.990822,-27.1688,0,1559.29,37.353,-0,-249.033,121.806,121.806,2.37821,10,0,0,-0.0174223,-0,0.0347281,0,1
15.78,-21.9864,0,1828.88,-4.20422,0,196.381,0,0,0,0.999849,0,-0.0173661,0,0,-0.000582421,0,88.9058,0.990799,-27.1744,0,1559.35,37.3607,-0,-249.109,121.802,121.802,2.37812,10,0,0,-0.0174252,-0,0.034734,0,1
15.79,-22.0285,0,1830.84,-4.20819,0,196.43,0,0,0,0.999849,0,-0.017369,0,0,-0.000582263,0,88.901,0.990776,-27.1799,0,1559.41,37.3684,-0,-249.185,121.798,121.798,2.37802,10,0,0,-0.0174281,-0,0.0347398,0,1
15.8,-22.0706,0,1832.81,-4.21217,0,196.479,0,0,0,0.999849,0,-0.0173719,0,0,-0.000582105,0,88.8962,0.990753,-27.1854,0,1559.47,37.376,-0,-249.261,121.794,121.794,2.37792,10,0,0,-0.017431,-0,0.0347456,0,1
15.81,-22.1128,0,1834.77,-4.21614,0,196.529,0,0,0,0.999849,0,-0.0173748,0,0,-0.000581947,0,88.8914,0.99073,-27.191,0,1559.53,37.3837,-0,-249.337,121.79,121.79,2.37783,10,0,0,-0.0174339,-0,0.0347514,0,1
15.82,-22.1549,0,1836.74,-4.22012,0,196.578,0,0,0,0.999849,0,-0.0173777,0,0,-0.000581788,0,88.8866,0.990707,-27.1965,0,1559.59,37.3914,-0,-249.413,121.786,121.786,2.37773,10,0,0,-0.0174368,-0,0.0347572,0,1
15.83,-22.1972,0,1838.7,-4.2241,0,196.627,0,0,0,0.999849,0,-0.0173807,0,0,-0.00058163,0,88.8818,0.990683,-27.202,0,1559.64,37.399,-0,-249.489,121.782,121.782,2.37764,10,0,0,-0.0174397,-0,0.0347631,0,1
15.84,-22.2394,0,1840.67,-4.22807,0,196.676,0,0,0,0.999849,0,-0.0173836,0,0,-0.000581471,0,88.877,0.99066,-27.2075,0,1559.7,37.4067,-0,-249.565,121.778,121.778,2.37754,10,0,0,-0.0174426,-0,0.0347689,0,1
15.85,-22.2817,0,1842.64,-4.23205,0,196.726,0,0,0,0.999849,0,-0.0173865,0,0,-0.000581313,0,88.8722,0.990637,-27.2131,0,1559.76,37.4144,-0,-249.641,121.774,121.774,2.37744,10,0,0,-0.0174455,-0,0.0347747,0,1
15.86,-22.3241,0,1844.61,-4.23603,0,196.775,0,0,0,0.999849,0,-0.0173894,0,0,-0.000581154,0,88.8674,0.990614,-27.2186,0,1559.82,37.422,-0,-249.717,121.77,121.77,2.37735,10,0,0,-0.0174484,-0,0.0347805,0,1
15.87,-22.3664,0,1846.57,-4.24001,0,196.824,0,0,0,0.999849,0,-0.0173923,0,0,-0.000580996,0,88.8626,0.990591,-27.2241,0,1559.88,37.4297,-0,-249.793,121.766,121.766,2.37725,10,0,0,-0.0174513,-0,0.0347863,0,1
15.88,-22.4089,0,1848.54,-4.24399,0,196.873,0,0,0,0.999849,0,-0.0173952,0,0,-0.000580837,0,88.8578,0.990568,-27.2297,0,1559.94,37.4373,-0,-249.868,121.762,121.762,2.37716,10,0,0,-0.0174541,-0,0.0347921,0,1
15.89,-22.4513,0,1850.51,-4.24797,0,196.923,0,0,0,0.999849,0,-0.0173981,0,0,-0.000580678,0,88.853,0.990545,-27.2352,0,1559.99,37.445,-0,-249.944,121.758,121.758,2.37706,10,0,0,-0.017457,-0,0.0347979,0,1
15.9,-22.4938,0,1852.48,-4.25195,0,196.972,0,0,0,0.999849,0,-0.017401,0,0,-0.000580519,0,88.8482,0.990521,-27.2407,0,1560.05,37.4527,-0,-250.02,121.754,121.754,2.37696,10,0,0,-0.0174599,-0,0.0348037,0,1
15.91,-22.5364,0,1854.45,-4.25593,0,197.021,0,0,0,0.999849,0,-0.0174039,0,0,-0.00058036,0,88.8434,0.990498,-27.2462,0,1560.11,37.4603,-0,-250.096,121.75,121.75,2.37687,10,0,0,-0.0174628,-0,0.0348095,0,1
15.92,-22.5789,0,1856.42,-4.25992,0,197.071,0,0,0,0.999848,0,-0.0174068,0,0,-0.000580201,0,88.8386,0.990475,-27.2517,0,1560.17,37.468,-0,-250.172,121.746,121.746,2.37677,10,0,0,-0.0174657,-0,0.0348153,0,1
15.93,-22.6216,0,1858.39,-4.2639,0,197.12,0,0,0,0.999848,0,-0.0174097,0,0,-0.000580042,0,88.8338,0.990452,-27.2573,0,1560.23,37.4756,-0,-250.248,121.742,121.742,2.37668,10,0,0,-0.0174686,-0,0.0348211,0,1
15.94,-22.6642,0,1860.36,-4.26788,0,197.169,0,0,0,0.999848,0,-0.0174126,0,0,-0.000579883,0,88.829,0.990429,-27.2628,0,1560.29,37.4833,-0,-250.324,121.738,121.738,2.37658,10,0,0,-0.0174715,-0,0.0348269,0,1
15.95,-22.7069,0,1862.33,-4.27187,0,197.219,0,0,0,0.999848,0,-0.0174155,0,0,-0.000579724,0,88.8242,0.990406,-27.2683,0,1560.34,37.4909,-0,-250.4,121.734,121.734,2.37648,10,0,0,-0.0174743,-0,0.0348327,0,1
15.96,-22.7497,0,1864.31,-4.27586,0,197.268,0,0,0,0.999848,0,-0.0174184,0,0,-0.000579564,0,88.8194,0.990383,-27.2738,0,1560.4,37.4986,-0,-250.476,121.73,121.73,2.37639,10,0,0,-0.0174772,-0,0.0348385,0,1
15.97,-22.7924,0,1866.28,-4.27984,0,197.317,0,0,0,0.999848,0,-0.0174213,0,0,-0.000579405,0,88.8146,0.990359,-27.2793,0,1560.46,37.5062,-0,-250.552,121.726,121.726,2.37629,10,0,0,-0.0174801,-0,0.0348443,0,1
15.98,-22.8352,0,1868.25,-4.28383,0,197.367,0,0,0,0.999848,0,-0.0174242,0,0,-0.000579246,0,88.8098,0.990336,-27.2849,0,1560.52,37.5139,-0,-250.627,121.722,121.722,2.3762,10,0,0,-0.017483,-0,0.0348501,0,1
15.99,-22.8781,0,1870.23,-4.28782,0,197.416,0,0,0,0.999848,0,-0.0174271,0,0,-0.000579086,0,88.805,0.990313,-27.2904,0,1560.58,37.5215,-0,-250.703,121.718,121.718,2.3761,10,0,0,-0.0174859,-0,0.0348559,0,1
16,-22.921,0,1872.2,-4.29181,0,197.465,0,0,0,0.999848,0,-0.01743,0,0,-0.000578927,0,88.8002,0.99029,-27.2959,0,1560.64,37.5292,-0,-250.779,121.714,121.714,2.376,10,0,0,-0.0174887,-0,0.0348617,0,1
16.01,-22.9639,0,1874.18,-4.2958,0,197.515,0,0,0,0.999848,0,-0.0174329,0,0,-0.000578767,0,88.7954,0.990267,-27.3014,0,1560.69,37.5368,-0,-250.855,121.71,121.71,2.37591,10,0,0,-0.0174916,-0,0.0348675,0,1
16.02,-23.0069,0,1876.15,-4.29979,0,197.564,0,0,0,0.999848,0,-0.0174358,0,0,-0.000578607,0,88.7906,0.990244,-27.3069,0,1560.75,37.5444,-0,-250.931,121.706,121.706,2.37581,10,0,0,-0.0174945,-0,0.0348733,0,1
16.03,-23.0499,0,1878.13,-4.30378,0,197.613,0,0,0,0.999848,0,-0.0174387,0,0,-0.000578447,0,88.7858,0.99022,-27.3124,0,1560.81,37.5521,-0,-251.007,121.702,121.702,2.37572,10,0,0,-0.0174974,-0,0.0348791,0,1
16.04,-23.093,0,1880.1,-4.30777,0,197.663,0,0,0,0.999848,0,-0.0174415,0,0,-0.000578288,0,88.781,0.990197,-27.3179,0,1560.87,37.5597,-0,-251.082,121.698,121.698,2.37562,10,0,0,-0.0175003,-0,0.0348849,0,1
16.05,-23.1361,0,1882.08,-4.31177,0,197.712,0,0,0,0.999848,0,-0.0174444,0,0,-0.000578128,0,88.7762,0.990174,-27.3235,0,1560.93,37.5674,-0,-251.158,121.694,121.694,2.37552,10,0,0,-0.0175031,-0,0.0348906,0,1
16.06,-23.1792,0,1884.06,-4.31576,0,197.762,0,0,0,0.999848,0,-0.0174473,0,0,-0.000577968,0,88.7714,0.990151,-27.329,0,1560.99,37.575,-0,-251.234,121.69,121.69,2.37543,10,0,0,-0.017506,-0,0.0348964,0,1
16.07,-23.2224,0,1886.04,-4.31975,0,197.811,0,0,0,0.999848,0,-0.0174502,0,0,-0.000577808,0,88.7666,0.990128,-27.3345,0,1561.04,37.5826,-0,-251.31,121.686,121.686,2.37533,10,0,0,-0.0175089,-0,0.0349022,0,1
16.08,-23.2656,0,1888.01,-4.32375,0,197.86,0,0,0,0.999848,0,-0.0174531,0,0,-0.000577647,0,88.7618,0.990105,-27.34,0,1561.1,37.5903,-0,-251.386,121.682,121.682,2.37524,10,0,0,-0.0175118,-0,0.034908,0,1
16.09,-23.3089,0,1889.99,-4.32775,0,197.91,0,0,0,0.999848,0,-0.017456,0,0,-0.000577487,0,88.757,0.990081,-27.3455,0,1561.16,37.5979,-0,-251.461,121.678,121.678,2.37514,10,0,0,-0.0175146,-0,0.0349137,0,1
16.1,-23.3522,0,1891.97,-4.33174,0,197.959,0,0,0,0.999848,0,-0.0174589,0,0,-0.000577327,0,88.7522,0.990058,-27.351,0,1561.22,37.6055,-0,-251.537,121.674,121.674,2.37504,10,0,0,-0.0175175,-0,0.0349195,0,1
16.11,-23.3955,0,1893.95,-4.33574,0,198.009,0,0,0,0.999848,0,-0.0174618,0,0,-0.000577167,0,88.7474,0.990035,-27.3565,0,1561.28,37.6132,-0,-251.613,121.67,121.67,2.37495,10,0,0,-0.0175204,-0,0.0349253,0,1
16.12,-23.4389,0,1895.93,-4.33974,0,198.058,0,0,0,0.999847,0,-0.0174646,0,0,-0.000577006,0,88.7426,0.990012,-27.362,0,1561.34,37.6208,-0,-251.689,121.666,121.666,2.37485,10,0,0,-0.0175232,-0,0.0349311,0,1
16.13,-23.4823,0,1897.91,-4.34374,0,198.107,0,0,0,0.999847,0,-0.0174675,0,0,-0.000576846,0,88.7378,0.989989,-27.3675,0,1561.39,37.6284,-0,-251.764,121.662,121.662,2.37476,10,0,0,-0.0175261,-0,0.0349368,0,1
16.14,-23.5258,0,1899.9,-4.34774,0,198.157,0,0,0,0.999847,0,-0.0174704,0,0,-0.000576685,0,88.733,0.989965,-27.373,0,1561.45,37.6361,-0,-251.84,121.658,121.658,2.37466,10,0,0,-0.017529,-0,0.0349426,0,1
16.15,-23.5693,0,1901.88,-4.35174,0,198.206,0,0,0,0.999847,0,-0.0174733,0,0,-0.000576524,0,88.7282,0.989942,-27.3785,0,1561.51,37.6437,-0,-251.916,121.654,121.654,2.37456,10,0,0,-0.0175318,-0,0.0349484,0,1
16.16,-23.6128,0,1903.86,-4.35574,0,198.256,0,0,0,0.999847,0,-0.0174762,0,0,-0.000576364,0,88.7234,0.989919,-27.384,0,1561.57,37.6513,-0,-251.991,121.65,121.65,2.37447,10,0,0,-0.0175347,-0,0.0349541,0,1
16.17,-23.6564,0,1905.84,-4.35974,0,198.305,0,0,0,0.999847,0,-0.0174791,0,0,-0.000576203,0,88.7186,0.989896,-27.3895,0,1561.63,37.6589,-0,-252.067,121.646,121.646,2.37437,10,0,0,-0.0175376,-0,0.0349599,0,1
16.18,-23.7,0,1907.83,-4.36374,0,198.355,0,0,0,0.999847,0,-0.0174819,0,0,-0.000576042,0,88.7138,0.989873,-27.395,0,1561.69,37.6666,-0,-252.143,121.642,121.642,2.37428,10,0,0,-0.0175404,-0,0.0349657,0,1
16.19,-23.7437,0,1909.81,-4.36775,0,198.404,0,0,0,0.999847,0,-0.0174848,0,0,-0.000575881,0,88.709,0.989849,-27.4005,0,1561.74,37.6742,-0,-252.219,121.638,121.638,2.37418,10,0,0,-0.0175433,-0,0.0349714,0,1
16.2,-23.7874,0,1911.79,-4.37175,0,198.454,0,0,0,0.999847,0,-0.0174877,0,0,-0.00057572,0,88.7042,0.989826,-27.406,0,1561.8,37.6818,-0,-252.294,121.634,121.634,2.37408,10,0,0,-0.0175462,-0,0.0349772,0,1
16.21,-23.8311,0,1913.78,-4.37576,0,198.503,0,0,0,0.999847,0,-0.0174906,0,0,-0.000575559,0,88.6994,0.989803,-27.4115,0,1561.86,37.6894,-0,-252.37,121.63,121.63,2.37399,10,0,0,-0.017549,-0,0.0349829,0,1
16.22,-23.8749,0,1915.76,-4.37976,0,198.553,0,0,0,0.999847,0,-0.0174935,0,0,-0.000575398,0,88.6946,0.98978,-27.417,0,1561.92,37.697,-0,-252.446,121.626,121.626,2.37389,10,0,0,-0.0175519,-0,0.0349887,0,1
16.23,-23.9187,0,1917.75,-4.38377,0,198.602,0,0,0,0.999847,0,-0.0174963,0,0,-0.000575237,0,88.6898,0.989757,-27.4225,0,1561.98,37.7046,-0,-252.521,121.622,121.622,2.3738,10,0,0,-0.0175547,-0,0.0349944,0,1
16.24,-23.9625,0,1919.74,-4.38778,0,198.652,0,0,0,0.999847,0,-0.0174992,0,0,-0.000575075,0,88.685,0.989734,-27.428,0,1562.04,37.7123,-0,-252.597,121.618,121.618,2.3737,10,0,0,-0.0175576,-0,0.0350002,0,1
16.25,-24.0064,0,1921.72,-4.39179,0,198.701,0,0,0,0.999847,0,-0.0175021,0,0,-0.000574914,0,88.6802,0.98971,-27.4335,0,1562.1,37.7199,-0,-252.673,121.614,121.614,2.3736,10,0,0,-0.0175605,-0,0.0350059,0,1
16.26,-24.0504,0,1923.71,-4.3958,0,198.751,0,0,0,0.999847,0,-0.017505,0,0,-0.000574753,0,88.6754,0.989687,-27.439,0,1562.15,37.7275,-0,-252.748,121.61,121.61,2.37351,10,0,0,-0.0175633,-0,0.0350117,0,1
16.27,-24.0944,0,1925.7,-4.39981,0,198.8,0,0,0,0.999847,0,-0.0175078,0,0,-0.000574591,0,88.6706,0.989664,-27.4445,0,1562.21,37.7351,-0,-252.824,121.606,121.606,2.37341,10,0,0,-0.0175662,-0,0.0350174,0,1
16.28,-24.1384,0,1927.69,-4.40382,0,198.85,0,0,0,0.999847,0,-0.0175107,0,0,-0.00057443,0,88.6658,0.989641,-27.45,0,1562.27,37.7427,-0,-252.899,121.602,121.602,2.37332,10,0,0,-0.017569,-0,0.0350232,0,1
16.29,-24.1824,0,1929.67,-4.40783,0,198.899,0,0,0,0.999847,0,-0.0175136,0,0,-0.000574268,0,88.661,0.989618,-27.4555,0,1562.33,37.7503,-0,-252.975,121.598,121.598,2.37322,10,0,0,-0.0175719,-0,0.0350289,0,1
16.3,-24.2265,0,1931.66,-4.41184,0,198.949,0,0,0,0.999847,0,-0.0175164,0,0,-0.000574106,0,88.6562,0.989594,-27.4609,0,1562.39,37.7579,-0,-253.051,121.594,121.594,2.37312,10,0,0,-0.0175747,-0,0.0350347,0,1
16.31,-24.2707,0,1933.65,-4.41585,0,198.998,0,0,0,0.999847,0,-0.0175193,0,0,-0.000573945,0,88.6514,0.989571,-27.4664,0,1562.45,37.7655,-0,-253.126,121.59,121.59,2.37303,10,0,0,-0.0175776,-0,0.0350404,0,1
16.32,-24.3149,0,1935.64,-4.41987,0,199.048,0,0,0,0.999846,0,-0.0175222,0,0,-0.000573783,0,88.6466,0.989548,-27.4719,0,1562.5,37.7731,-0,-253.202,121.586,121.586,2.37293,10,0,0,-0.0175805,-0,0.0350461,0,1
16.33,-24.3591,0,1937.63,-4.42388,0,199.097,0,0,0,0.999846,0,-0.017525,0,0,-0.000573621,0,88.6418,0.989525,-27.4774,0,1562.56,37.7807,-0,-253.277,121.582,121.582,2.37284,10,0,0,-0.0175833,-0,0.0350519,0,1
16.34,-24.4033,0,1939.63,-4.42789,0,199.147,0,0,0,0.999846,0,-0.0175279,0,0,-0.000573459,0,88.637,0.989501,-27.4829,0,1562.62,37.7883,-0,-253.353,121.578,121.578,2.37274,10,0,0,-0.0175862,-0,0.0350576,0,1
16.35,-24.4476,0,1941.62,-4.43191,0,199.197,0,0,0,0.999846,0,-0.0175308,0,0,-0.000573297,0,88.6322,0.989478,-27.4884,0,1562.68,37.7959,-0,-253.429,121.574,121.574,2.37264,10,0,0,-0.017589,-0,0.0350634,0,1
16.36,-24.492,0,1943.61,-4.43593,0,199.246,0,0,0,0.999846,0,-0.0175336,0,0,-0.000573135,0,88.6274,0.989455,-27.4939,0,1562.74,37.8035,-0,-253.504,121.57,121.57,2.37255,10,0,0,-0.0175919,-0,0.0350691,0,1
16.37,-24.5363,0,1945.6,-4.43994,0,199.296,0,0,0,0.999846,0,-0.0175365,0,0,-0.000572973,0,88.6226,0.989432,-27.4993,0,1562.8,37.8111,-0,-253.58,121.566,121.566,2.37245,10,0,0,-0.0175947,-0,0.0350748,0,1
16.38,-24.5808,0,1947.6,-4.44396,0,199.345,0,0,0,0.999846,0,-0.0175394,0,0,-0.00057281,0,88.6178,0.989409,-27.5048,0,1562.86,37.8187,-0,-253.655,121.562,121.562,2.37236,10,0,0,-0.0175976,-0,0.0350805,0,1
16.39,-24.6252,0,1949.59,-4.44798,0,199.395,0,0,0,0.999846,0,-0.0175422,0,0,-0.000572648,0,88.613,0.989385,-27.5103,0,1562.91,37.8263,-0,-253.731,121.558,121.558,2.37226,10,0,0,-0.0176004,-0,0.0350863,0,1
16.4,-24.6697,0,1951.58,-4.452,0,199.444,0,0,0,0.999846,0,-0.0175451,0,0,-0.000572486,0,88.6082,0.989362,-27.5158,0,1562.97,37.8339,-0,-253.806,121.554,121.554,2.37216,10,0,0,-0.0176032,-0,0.035092,0,1
16.41,-24.7143,0,1953.58,-4.45602,0,199.494,0,0,0,0.999846,0,-0.017548,0,0,-0.000572323,0,88.6034,0.989339,-27.5213,0,1563.03,37.8415,-0,-253.882,121.55,121.55,2.37207,10,0,0,-0.0176061,-0,0.0350977,0,1
16.42,-24.7588,0,1955.57,-4.46004,0,199.544,0,0,0,0.999846,0,-0.0175508,0,0,-0.000572161,0,88.5986,0.989316,-27.5267,0,1563.09,37.8491,-0,-253.957,121.546,121.546,2.37197,10,0,0,-0.0176089,-0,0.0351034,0,1
16.43,-24.8035,0,1957.57,-4.46406,0,199.593,0,0,0,0.999846,0,-0.0175537,0,0,-0.000571998,0,88.5938,0.989292,-27.5322,0,1563.15,37.8567,-0,-254.033,121.542,121.542,2.37188,10,0,0,-0.0176118,-0,0.0351092,0,1
16.44,-24.8481,0,1959.57,-4.46809,0,199.643,0,0,0,0.999846,0,-0.0175565,0,0,-0.000571835,0,88.589,0.989269,-27.5377,0,1563.21,37.8643,-0,-254.108,121.538,121.538,2.37178,10,0,0,-0.0176146,-0,0.0351149,0,1
16.45,-24.8928,0,1961.56,-4.47211,0,199.692,0,0,0,0.999846,0,-0.0175594,0,0,-0.000571673,0,88.5842,0.989246,-27.5432,0,1563.26,37.8719,-0,-254.184,121.534,121.534,2.37168,10,0,0,-0.0176175,-0,0.0351206,0,1
16.46,-24.9376,0,1963.56,-4.47613,0,199.742,0,0,0,0.999846,0,-0.0175623,0,0,-0.00057151,0,88.5794,0.989223,-27.5486,0,1563.32,37.8795,-0,-254.259,121.53,121.53,2.37159,10,0,0,-0.0176203,-0,0.0351263,0,1
16.47,-24.9824,0,1965.56,-4.48016,0,199.792,0,0,0,0.999846,0,-0.0175651,0,0,-0.000571347,0,88.5746,0.9892,-27.5541,0,1563.38,37.8871,-0,-254.335,121.526,121.526,2.37149,10,0,0,-0.0176232,-0,0.035132,0,1
16.48,-25.0272,0,1967.55,-4.48419,0,199.841,0,0,0,0.999846,0,-0.017568,0,0,-0.000571184,0,88.5698,0.989176,-27.5596,0,1563.44,37.8946,-0,-254.41,121.522,121.522,2.3714,10,0,0,-0.017626,-0,0.0351377,0,1
16.49,-25.072,0,1969.55,-4.48821,0,199.891,0,0,0,0.999846,0,-0.0175708,0,0,-0.000571021,0,88.565,0.989153,-27.5651,0,1563.5,37.9022,-0,-254.485,121.518,121.518,2.3713,10,0,0,-0.0176288,-0,0.0351435,0,1
16.5,-25.1169,0,1971.55,-4.49224,0,199.941,0,0,0,0.999846,0,-0.0175737,0,0,-0.000570858,0,88.5602,0.98913,-27.5705,0,1563.56,37.9098,-0,-254.561,121.514,121.514,2.3712,10,0,0,-0.0176317,-0,0.0351492,0,1
16.51,-25.1619,0,1973.55,-4.49627,0,199.99,0,0,0,0.999846,0,-0.0175765,0,0,-0.000570695,0,88.5554,0.989107,-27.576,0,1563.62,37.9174,-0,-254.636,121.51,121.51,2.37111,10,0,0,-0.0176345,-0,0.0351549,0,1
16.52,-25.2069,0,1975.55,-4.5003,0,200.04,0,0,0,0.999845,0,-0.0175794,0,0,-0.000570531,0,88.5506,0.989083,-27.5815,0,1563.67,37.925,-0,-254.712,121.506,121.506,2.37101,10,0,0,-0.0176373,-0,0.0351606,0,1
16.53,-25.2519,0,1977.55,-4.50432,0,200.09,0,0,0,0.999845,0,-0.0175822,0,0,-0.000570368,0,88.5458,0.98906,-27.5869,0,1563.73,37.9326,-0,-254.787,121.502,121.502,2.37092,10,0,0,-0.0176402,-0,0.0351663,0,1
16.54,-25.2969,0,1979.55,-4.50835,0,200.139,0,0,0,0.999845,0,-0.0175851,0,0,-0.000570205,0,88.541,0.989037,-27.5924,0,1563.79,37.9401,-0,-254.862,121.498,121.498,2.37082,10,0,0,-0.017643,-0,0.035172,0,1
16.55,-25.3421,0,1981.56,-4.51239,0,200.189,0,0,0,0.999845,0,-0.0175879,0,0,-0.000570041,0,88.5362,0.989014,-27.5979,0,1563.85,37.9477,-0,-254.938,121.494,121.494,2.37072,10,0,0,-0.0176458,-0,0.0351777,0,1
16.56,-25.3872,0,1983.56,-4.51642,0,200.239,0,0,0,0.999845,0,-0.0175908,0,0,-0.000569878,0,88.5314,0.98899,-27.6033,0,1563.91,37.9553,-0,-255.013,121.49,121.49,2.37063,10,0,0,-0.0176487,-0,0.0351834,0,1
16.57,-25.4324,0,1985.56,-4.52045,0,200.288,0,0,0,0.999845,0,-0.0175936,0,0,-0.000569714,0,88.5266,0.988967,-27.6088,0,1563.97,37.9629,-0,-255.089,121.486,121.486,2.37053,10,0,0,-0.0176515,-0,0.0351891,0,1
16.58,-25.4776,0,1987.56,-4.52448,0,200.338,0,0,0,0.999845,0,-0.0175965,0,0,-0.00056955,0,88.5218,0.988944,-27.6143,0,1564.03,37.9704,-0,-255.164,121.482,121.482,2.37044,10,0,0,-0.0176543,-0,0.0351948,0,1
16.59,-25.5229,0,1989.57,-4.52852,0,200.388,0,0,0,0.999845,0,-0.0175993,0,0,-0.000569387,0,88.517,0.988921,-27.6197,0,1564.08,37.978,-0,-255.239,121.478,121.478,2.37034,10,0,0,-0.0176572,-0,0.0352005,0,1
16.6,-25.5682,0,1991.57,-4.53255,0,200.438,0,0,0,0.999845,0,-0.0176022,0,0,-0.000569223,0,88.5122,0.988897,-27.6252,0,1564.14,37.9856,-0,-255.315,121.474,121.474,2.37024,10,0,0,-0.01766,-0,0.0352062,0,1
16.61,-25.6135,0,1993.58,-4.53659,0,200.487,0,0,0,0.999845,0,-0.017605,0,0,-0.000569059,0,88.5074,0.988874,-27.6307,0,1564.2,37.9931,-0,-255.39,121.47,121.47,2.37015,10,0,0,-0.0176628,-0,0.0352119,0,1
16.62,-25.6589,0,1995.58,-4.54062,0,200.537,0,0,0,0.999845,0,-0.0176079,0,0,-0.000568895,0,88.5026,0.988851,-27.6361,0,1564.26,38.0007,-0,-255.465,121.466,121.466,2.37005,10,0,0,-0.0176657,-0,0.0352175,0,1
16.63,-25.7043,0,1997.59,-4.54466,0,200.587,0,0,0,0.999845,0,-0.0176107,0,0,-0.000568731,0,88.4978,0.988828,-27.6416,0,1564.32,38.0083,-0,-255.541,121.462,121.462,2.36996,10,0,0,-0.0176685,-0,0.0352232,0,1
16.64,-25.7498,0,1999.59,-4.5487,0,200.637,0,0,0,0.999845,0,-0.0176136,0,0,-0.000568567,0,88.493,0.988804,-27.647,0,1564.38,38.0158,-0,-255.616,121.458,121.458,2.36986,10,0,0,-0.0176713,-0,0.0352289,0,1
16.65,-25.7953,0,2001.6,-4.55274,0,200.686,0,0,0,0.999845,0,-0.0176164,0,0,-0.000568403,0,88.4882,0.988781,-27.6525,0,1564.44,38.0234,-0,-255.691,121.454,121.454,2.36976,10,0,0,-0.0176741,-0,0.0352346,0,1
16.66,-25.8409,0,2003.61,-4.55678,0,200.736,0,0,0,0.999845,0,-0.0176192,0,0,-0.000568239,0,88.4834,0.988758,-27.658,0,1564.49,38.031,-0,-255.767,121.45,121.45,2.36967,10,0,0,-0.017677,-0,0.0352403,0,1
16.67,-25.8864,0,2005.61,-4.56082,0,200.786,0,0,0,0.999845,0,-0.0176221,0,0,-0.000568074,0,88.4786,0.988735,-27.6634,0,1564.55,38.0385,-0,-255.842,121.446,121.446,2.36957,10,0,0,-0.0176798,-0,0.035246,0,1
16.68,-25.9321,0,2007.62,-4.56486,0,200.836,0,0,0,0.999845,0,-0.0176249,0,0,-0.00056791,0,88.4738,0.988711,-27.6689,0,1564.61,38.0461,-0,-255.917,121.442,121.442,2.36948,10,0,0,-0.0176826,-0,0.0352517,0,1
16.69,-25.9777,0,2009.63,-4.5689,0,200.885,0,0,0,0.999845,0,-0.0176278,0,0,-0.000567746,0,88.469,0.988688,-27.6743,0,1564.67,38.0536,-0,-255.992,121.438,121.438,2.36938,10,0,0,-0.0176854,-0,0.0352573,0,1
16.7,-26.0235,0,2011.64,-4.57294,0,200.935,0,0,0,0.999845,0,-0.0176306,0,0,-0.000567581,0,88.4642,0.988665,-27.6798,0,1564.73,38.0612,-0,-256.068,121.434,121.434,2.36928,10,0,0,-0.0176883,-0,0.035263,0,1
16.71,-26.0692,0,2013.65,-4.57698,0,200.985,0,0,0,0.999845,0,-0.0176334,0,0,-0.000567417,0,88.4594,0.988642,-27.6852,0,1564.79,38.0688,-0,-256.143,121.43,121.43,2.36919,10,0,0,-0.0176911,-0,0.0352687,0,1
16.72,-26.115,0,2015.66,-4.58103,0,201.035,0,0,0,0.999844,0,-0.0176363,0,0,-0.000567252,0,88.4546,0.988618,-27.6907,0,1564.85,38.0763,-0,-256.218,121.426,121.426,2.36909,10,0,0,-0.0176939,-0,0.0352744,0,1
16.73,-26.1608,0,2017.67,-4.58507,0,201.084,0,0,0,0.999844,0,-0.0176391,0,0,-0.000567087,0,88.4498,0.988595,-27.6961,0,1564.9,38.0839,-0,-256.293,121.422,121.422,2.369,10,0,0,-0.0176967,-0,0.03528,0,1
16.74,-26.2067,0,2019.68,-4.58912,0,201.134,0,0,0,0.999844,0,-0.0176419,0,0,-0.000566922,0,88.445,0.988572,-27.7016,0,1564.96,38.0914,-0,-256.368,121.418,121.418,2.3689,10,0,0,-0.0176995,-0,0.0352857,0,1
16.75,-26.2526,0,2021.69,-4.59316,0,201.184,0,0,0,0.999844,0,-0.0176448,0,0,-0.000566758,0,88.4402,0.988548,-27.707,0,1565.02,38.099,-0,-256.444,121.414,121.414,2.3688,10,0,0,-0.0177024,-0,0.0352914,0,1
16.76,-26.2986,0,2023.71,-4.59721,0,201.234,0,0,0,0.999844,0,-0.0176476,0,0,-0.000566593,0,88.4354,0.988525,-27.7125,0,1565.08,38.1065,-0,-256.519,121.41,121.41,2.36871,10,0,0,-0.0177052,-0,0.035297,0,1
16.77,-26.3445,0,2025.72,-4.60126,0,201.284,0,0,0,0.999844,0,-0.0176504,0,0,-0.000566428,0,88.4306,0.988502,-27.7179,0,1565.14,38.1141,-0,-256.594,121.406,121.406,2.36861,10,0,0,-0.017708,-0,0.0353027,0,1
16.78,-26.3906,0,2027.73,-4.60531,0,201.334,0,0,0,0.999844,0,-0.0176533,0,0,-0.000566263,0,88.4258,0.988479,-27.7234,0,1565.2,38.1216,-0,-256.669,121.402,121.402,2.36852,10,0,0,-0.0177108,-0,0.0353084,0,1
16.79,-26.4367,0,2029.74,-4.60936,0,201.383,0,0,0,0.999844,0,-0.0176561,0,0,-0.000566098,0,88.421,0.988455,-27.7288,0,1565.26,38.1291,-0,-256.744,121.398,121.398,2.36842,10,0,0,-0.0177136,-0,0.035314,0,1
16.8,-26.4828,0,2031.76,-4.61341,0,201.433,0,0,0,0.999844,0,-0.0176589,0,0,-0.000565932,0,88.4162,0.988432,-27.7342,0,1565.31,38.1367,-0,-256.82,121.394,121.394,2.36832,10,0,0,-0.0177164,-0,0.0353197,0,1
16.81,-26.5289,0,2033.77,-4.61746,0,201.483,0,0,0,0.999844,0,-0.0176618,0,0,-0.000565767,0,88.4114,0.988409,-27.7397,0,1565.37,38.1442,-0,-256.895,121.39,121.39,2.36823,10,0,0,-0.0177192,-0,0.0353253,0,1
16.82,-26.5751,0,2035.79,-4.62151,0,201.533,0,0,0,0.999844,0,-0.0176646,0,0,-0.000565602,0,88.4066,0.988386,-27.7451,0,1565.43,38.1518,-0,-256.97,121.386,121.386,2.36813,10,0,0,-0.0177221,-0,0.035331,0,1
16.83,-26.6214,0,2037.8,-4.62556,0,201.583,0,0,0,0.999844,0,-0.0176674,0,0,-0.000565436,0,88.4018,0.988362,-27.7506,0,1565.49,38.1593,-0,-257.045,121.382,121.382,2.36804,10,0,0,-0.0177249,-0,0.0353367,0,1
16.84,-26.6676,0,2039.82,-4.62961,0,201.633,0,0,0,0.999844,0,-0.0176702,0,0,-0.000565271,0,88.397,0.988339,-27.756,0,1565.55,38.1669,-0,-257.12,121.378,121.378,2.36794,10,0,0,-0.0177277,-0,0.0353423,0,1
16.85,-26.7139,0,2041.84,-4.63367,0,201.683,0,0,0,0.999844,0,-0.0176731,0,0,-0.000565105,0,88.3922,0.988316,-27.7614,0,1565.61,38.1744,-0,-257.195,121.374,121.374,2.36784,10,0,0,-0.0177305,-0,0.035348,0,1
16.86,-26.7603,0,2043.85,-4.63772,0,201.732,0,0,0,0.999844,0,-0.0176759,0,0,-0.00056494,0,88.3874,0.988292,-27.7669,0,1565.67,38.1819,-0,-257.27,121.37,121.37,2.36775,10,0,0,-0.0177333,-0,0.0353536,0,1
16.87,-26.8067,0,2045.87,-4.64178,0,201.782,0,0,0,0.999844,0,-0.0176787,0,0,-0.000564774,0,88.3826,0.988269,-27.7723,0,1565.72,38.1895,-0,-257.345,121.366,121.366,2.36765,10,0,0,-0.0177361,-0,0.0353593,0,1
16.88,-26.8531,0,2047.89,-4.64583,0,201.832,0,0,0,0.999844,0,-0.0176815,0,0,-0.000564608,0,88.3778,0.988246,-27.7778,0,1565.78,38.197,-0,-257.421,121.362,121.362,2.36756,10,0,0,-0.0177389,-0,0.0353649,0,1
16.89,-26.8996,0,2049.91,-4.64989,0,201.882,0,0,0,0.999844,0,-0.0176844,0,0,-0.000564442,0,88.373,0.988223,-27.7832,0,1565.84,38.2045,-0,-257.496,121.358,121.358,2.36746,10,0,0,-0.0177417,-0,0.0353706,0,1
16.9,-26.9461,0,2051.93,-4.65395,0,201.932,0,0,0,0.999844,0,-0.0176872,0,0,-0.000564277,0,88.3682,0.988199,-27.7886,0,1565.9,38.2121,-0,-257.571,121.354,121.354,2.36736,10,0,0,-0.0177445,-0,0.0353762,0,1
16.91,-26.9927,0,2053.95,-4.658,0,201.982,0,0,0,0.999844,0,-0.01769,0,0,-0.000564111,0,88.3634,0.988176,-27.7941,0,1565.96,38.2196,-0,-257.646,121.35,121.35,2.36727,10,0,0,-0.0177473,-0,0.0353818,0,1
16.92,-27.0393,0,2055.97,-4.66206,0,202.032,0,0,0,0.999843,0,-0.0176928,0,0,-0.000563945,0,88.3586,0.988153,-27.7995,0,1566.02,38.2271,-0,-257.721,121.346,121.346,2.36717,10,0,0,-0.0177501,-0,0.0353875,0,1
16.93,-27.0859,0,2057.99,-4.66612,0,202.082,0,0,0,0.999843,0,-0.0176956,0,0,-0.000563778,0,88.3538,0.988129,-27.8049,0,1566.08,38.2346,-0,-257.796,121.342,121.342,2.36708,10,0,0,-0.0177529,-0,0.0353931,0,1
16.94,-27.1326,0,2060.01,-4.67018,0,202.132,0,0,0,0.999843,0,-0.0176985,0,0,-0.000563612,0,88.349,0.988106,-27.8104,0,1566.13,38.2422,-0,-257.871,121.338,121.338,2.36698,10,0,0,-0.0177557,-0,0.0353988,0,1
16.95,-27.1793,0,2062.03,-4.67424,0,202.182,0,0,0,0.999843,0,-0.0177013,0,0,-0.000563446,0,88.3442,0.988083,-27.8158,0,1566.19,38.2497,-0,-257.946,121.334,121.334,2.36688,10,0,0,-0.0177585,-0,0.0354044,0,1
16.96,-27.2261,0,2064.05,-4.67831,0,202.231,0,0,0,0.999843,0,-0.0177041,0,0,-0.00056328,0,88.3394,0.988059,-27.8212,0,1566.25,38.2572,-0,-258.021,121.33,121.33,2.36679,10,0,0,-0.0177613,-0,0.03541,0,1
16.97,-27.2729,0,2066.07,-4.68237,0,202.281,0,0,0,0.999843,0,-0.0177069,0,0,-0.000563113,0,88.3346,0.988036,-27.8266,0,1566.31,38.2647,-0,-258.096,121.326,121.326,2.36669,10,0,0,-0.0177641,-0,0.0354157,0,1
16.98,-27.3197,0,2068.1,-4.68643,0,202.331,0,0,0,0.999843,0,-0.0177097,0,0,-0.000562947,0,88.3298,0.988013,-27.8321,0,1566.37,38.2723,-0,-258.171,121.322,121.322,2.3666,10,0,0,-0.0177669,-0,0.0354213,0,1
16.99,-27.3666,0,2070.12,-4.6905,0,202.381,0,0,0,0.999843,0,-0.0177125,0,0,-0.00056278,0,88.325,0.98799,-27.8375,0,1566.43,38.2798,-0,-258.246,121.318,121.318,2.3665,10,0,0,-0.0177697,-0,0.0354269,0,1
17,-27.4136,0,2072.15,-4.69456,0,202.431,0,0,0,0.999843,0,-0.0177153,0,0,-0.000562614,0,88.3202,0.987966,-27.8429,0,1566.49,38.2873,-0,-258.321,121.314,121.314,2.3664,10,0,0,-0.0177725,-0,0.0354325,0,1
17.01,-27.4605,0,2074.17,-4.69863,0,202.481,0,0,0,0.999843,0,-0.0177182,0,0,-0.000562447,0,88.3154,0.987943,-27.8483,0,1566.54,38.2948,-0,-258.396,121.31,121.31,2.36631,10,0,0,-0.0177753,-0,0.0354382,0,1
17.02,-27.5075,0,2076.19,-4.70269,0,202.531,0,0,0,0.999843,0,-0.017721,0,0,-0.00056228,0,88.3106,0.98792,-27.8538,0,1566.6,38.3023,-0,-258.471,121.306,121.306,2.36621,10,0,0,-0.0177781,-0,0.0354438,0,1
17.03,-27.5546,0,2078.22,-4.70676,0,202.581,0,0,0,0.999843,0,-0.0177238,0,0,-0.000562114,0,88.3058,0.987896,-27.8592,0,1566.66,38.3098,-0,-258.546,121.302,121.302,2.36612,10,0,0,-0.0177809,-0,0.0354494,0,1
17.04,-27.6017,0,2080.25,-4.71083,0,202.631,0,0,0,0.999843,0,-0.0177266,0,0,-0.000561947,0,88.301,0.987873,-27.8646,0,1566.72,38.3174,-0,-258.621,121.298,121.298,2.36602,10,0,0,-0.0177837,-0,0.035455,0,1
17.05,-27.6488,0,2082.27,-4.7149,0,202.681,0,0,0,0.999843,0,-0.0177294,0,0,-0.00056178,0,88.2962,0.98785,-27.87,0,1566.78,38.3249,-0,-258.696,121.294,121.294,2.36592,10,0,0,-0.0177865,-0,0.0354606,0,1
17.06,-27.696,0,2084.3,-4.71897,0,202.731,0,0,0,0.999843,0,-0.0177322,0,0,-0.000561613,0,88.2914,0.987826,-27.8754,0,1566.84,38.3324,-0,-258.771,121.29,121.29,2.36583,10,0,0,-0.0177893,-0,0.0354663,0,1
17.07,-27.7432,0,2086.33,-4.72304,0,202.781,0,0,0,0.999843,0,-0.017735,0,0,-0.000561446,0,88.2866,0.987803,-27.8809,0,1566.9,38.3399,-0,-258.845,121.286,121.286,2.36573,10,0,0,-0.0177921,-0,0.0354719,0,1
17.08,-27.7904,0,2088.36,-4.72711,0,202.831,0,0,0,0.999843,0,-0.0177378,0,0,-0.000561279,0,88.2818,0.98778,-27.8863,0,1566.96,38.3474,-0,-258.92,121.282,121.282,2.36564,10,0,0,-0.0177949,-0,0.0354775,0,1
17.09,-27.8377,0,2090.38,-4.73118,0,202.881,0,0,0,0.999843,0,-0.0177406,0,0,-0.000561111,0,88.277,0.987756,-27.8917,0,1567.01,38.3549,-0,-258.995,121.278,121.278,2.36554,10,0,0,-0.0177977,-0,0.0354831,0,1
17.1,-27.885,0,2092.41,-4.73525,0,202.931,0,0,0,0.999843,0,-0.0177434,0,0,-0.000560944,0,88.2722,0.987733,-27.8971,0,1567.07,38.3624,-0,-259.07,121.274,121.274,2.36544,10,0,0,-0.0178005,-0,0.0354887,0,1
17.11,-27.9324,0,2094.44,-4.73932,0,202.981,0,0,0,0.999843,0,-0.0177462,0,0,-0.000560777,0,88.2674,0.98771,-27.9025,0,1567.13,38.3699,-0,-259.145,121.27,121.27,2.36535,10,0,0,-0.0178032,-0,0.0354943,0,1
17.12,-27.9798,0,2096.47,-4.7434,0,203.031,0,0,0,0.999842,0,-0.017749,0,0,-0.000560609,0,88.2626,0.987686,-27.9079,0,1567.19,38.3774,-0,-259.22,121.266,121.266,2.36525,10,0,0,-0.017806,-0,0.0354999,0,1
17.13,-28.0273,0,2098.5,-4.74747,0,203.081,0,0,0,0.999842,0,-0.0177518,0,0,-0.000560442,0,88.2578,0.987663,-27.9134,0,1567.25,38.3849,-0,-259.295,121.262,121.262,2.36516,10,0,0,-0.0178088,-0,0.0355055,0,1
17.14,-28.0748,0,2100.53,-4.75155,0,203.131,0,0,0,0.999842,0,-0.0177546,0,0,-0.000560274,0,88.253,0.98764,-27.9188,0,1567.31,38.3924,-0,-259.37,121.258,121.258,2.36506,10,0,0,-0.0178116,-0,0.0355111,0,1
17.15,-28.1223,0,2102.57,-4.75562,0,203.181,0,0,0,0.999842,0,-0.0177574,0,0,-0.000560107,0,88.2482,0.987616,-27.9242,0,1567.37,38.3999,-0,-259.444,121.254,121.254,2.36496,10,0,0,-0.0178144,-0,0.0355167,0,1
17.16,-28.1699,0,2104.6,-4.7597,0,203.232,0,0,0,0.999842,0,-0.0177602,0,0,-0.000559939,0,88.2434,0.987593,-27.9296,0,1567.42,38.4074,-0,-259.519,121.25,121.25,2.36487,10,0,0,-0.0178172,-0,0.0355223,0,1
17.17,-28.2175,0,2106.63,-4.76378,0,203.282,0,0,0,0.999842,0,-0.017763,0,0,-0.000559771,0,88.2386,0.98757,-27.935,0,1567.48,38.4149,-0,-259.594,121.246,121.246,2.36477,10,0,0,-0.0178199,-0,0.0355279,0,1
17.18,-28.2652,0,2108.66,-4.76786,0,203.332,0,0,0,0.999842,0,-0.0177658,0,0,-0.000559603,0,88.2338,0.987546,-27.9404,0,1567.54,38.4224,-0,-259.669,121.242,121.242,2.36468,10,0,0,-0.0178227,-0,0.0355335,0,1
17.19,-28.3129,0,2110.7,-4.77194,0,203.382,0,0,0,0.999842,0,-0.0177686,0,0,-0.000559436,0,88.229,0.987523,-27.9458,0,1567.6,38.4299,-0,-259.744,121.238,121.238,2.36458,10,0,0,-0.0178255,-0,0.0355391,0,1
17.2,-28.3606,0,2112.73,-4.77602,0,203.432,0,0,0,0.999842,0,-0.0177714,0,0,-0.000559268,0,88.2242,0.9875,-27.9512,0,1567.66,38.4374,-0,-259.818,121.234,121.234,2.36448,10,0,0,-0.0178283,-0,0.0355447,0,1
17.21,-28.4084,0,2114.77,-4.7801,0,203.482,0,0,0,0.999842,0,-0.0177742,0,0,-0.0005591,0,88.2194,0.987476,-27.9566,0,1567.72,38.4449,-0,-259.893,121.23,121.23,2.36439,10,0,0,-0.0178311,-0,0.0355503,0,1
17.22,-28.4562,0,2116.8,-4.78418,0,203.532,0,0,0,0.999842,0,-0.017777,0,0,-0.000558931,0,88.2146,0.987453,-27.962,0,1567.78,38.4523,-0,-259.968,121.226,121.226,2.36429,10,0,0,-0.0178338,-0,0.0355559,0,1
17.23,-28.5041,0,2118.84,-4.78826,0,203.582,0,0,0,0.999842,0,-0.0177798,0,0,-0.000558763,0,88.2098,0.98743,-27.9674,0,1567.84,38.4598,-0,-260.043,121.222,121.222,2.3642,10,0,0,-0.0178366,-0,0.0355615,0,1
17.24,-28.552,0,2120.87,-4.79234,0,203.632,0,0,0,0.999842,0,-0.0177826,0,0,-0.000558595,0,88.205,0.987406,-27.9728,0,1567.89,38.4673,-0,-260.117,121.218,121.218,2.3641,10,0,0,-0.0178394,-0,0.0355671,0,1
17.25,-28.5999,0,2122.91,-4.79643,0,203.682,0,0,0,0.999842,0,-0.0177854,0,0,-0.000558427,0,88.2002,0.987383,-27.9782,0,1567.95,38.4748,-0,-260.192,121.214,121.214,2.364,10,0,0,-0.0178422,-0,0.0355727,0,1
17.26,-28.6479,0,2124.95,-4.80051,0,203.733,0,0,0,0.999842,0,-0.0177882,0,0,-0.000558258,0,88.1954,0.98736,-27.9836,0,1568.01,38.4823,-0,-260.267,121.21,121.21,2.36391,10,0,0,-0.017845,-0,0.0355783,0,1
17.27,-28.6959,0,2126.98,-4.8046,0,203.783,0,0,0,0.999842,0,-0.017791,0,0,-0.00055809,0,88.1906,0.987336,-27.989,0,1568.07,38.4898,-0,-260.342,121.206,121.206,2.36381,10,0,0,-0.0178477,-0,0.0355838,0,1
17.28,-28.744,0,2129.02,-4.80868,0,203.833,0,0,0,0.999842,0,-0.0177938,0,0,-0.000557921,0,88.1858,0.987313,-27.9944,0,1568.13,38.4972,-0,-260.416,121.202,121.202,2.36372,10,0,0,-0.0178505,-0,0.0355894,0,1
17.29,-28.7921,0,2131.06,-4.81277,0,203.883,0,0,0,0.999842,0,-0.0177966,0,0,-0.000557753,0,88.181,0.98729,-27.9998,0,1568.19,38.5047,-0,-260.491,121.198,121.198,2.36362,10,0,0,-0.0178533,-0,0.035595,0,1
17.3,-28.8403,0,2133.1,-4.81686,0,203.933,0,0,0,0.999842,0,-0.0177993,0,0,-0.000557584,0,88.1762,0.987266,-28.0052,0,1568.25,38.5122,-0,-260.566,121.194,121.194,2.36352,10,0,0,-0.017856,-0,0.0356006,0,1
17.31,-28.8884,0,2135.14,-4.82094,0,203.983,0,0,0,0.999842,0,-0.0178021,0,0,-0.000557415,0,88.1714,0.987243,-28.0106,0,1568.31,38.5197,-0,-260.64,121.19,121.19,2.36343,10,0,0,-0.0178588,-0,0.0356061,0,1
17.32,-28.9367,0,2137.18,-4.82503,0,204.033,0,0,0,0.999841,0,-0.0178049,0,0,-0.000557247,0,88.1666,0.98722,-28.016,0,1568.36,38.5272,-0,-260.715,121.186,121.186,2.36333,10,0,0,-0.0178616,-0,0.0356117,0,1
17.33,-28.9849,0,2139.22,-4.82912,0,204.084,0,0,0,0.999841,0,-0.0178077,0,0,-0.000557078,0,88.1618,0.987196,-28.0214,0,1568.42,38.5346,-0,-260.79,121.182,121.182,2.36324,10,0,0,-0.0178644,-0,0.0356173,0,1
17.34,-29.0333,0,2141.26,-4.83321,0,204.134,0,0,0,0.999841,0,-0.0178105,0,0,-0.000556909,0,88.157,0.987173,-28.0268,0,1568.48,38.5421,-0,-260.864,121.178,121.178,2.36314,10,0,0,-0.0178671,-0,0.0356229,0,1
17.35,-29.0816,0,2143.3,-4.8373,0,204.184,0,0,0,0.999841,0,-0.0178133,0,0,-0.00055674,0,88.1522,0.987149,-28.0322,0,1568.54,38.5496,-0,-260.939,121.174,121.174,2.36304,10,0,0,-0.0178699,-0,0.0356284,0,1
17.36,-29.13,0,2145.34,-4.8414,0,204.234,0,0,0,0.999841,0,-0.0178161,0,0,-0.000556571,0,88.1474,0.987126,-28.0376,0,1568.6,38.557,-0,-261.014,121.17,121.17,2.36295,10,0,0,-0.0178727,-0,0.035634,0,1
17.37,-29.1784,0,2147.39,-4.84549,0,204.284,0,0,0,0.999841,0,-0.0178188,0,0,-0.000556402,0,88.1426,0.987103,-28.043,0,1568.66,38.5645,-0,-261.088,121.166,121.166,2.36285,10,0,0,-0.0178754,-0,0.0356396,0,1
17.38,-29.2269,0,2149.43,-4.84958,0,204.334,0,0,0,0.999841,0,-0.0178216,0,0,-0.000556232,0,88.1378,0.987079,-28.0484,0,1568.72,38.572,-0,-261.163,121.162,121.162,2.36276,10,0,0,-0.0178782,-0,0.0356451,0,1
17.39,-29.2754,0,2151.47,-4.85368,0,204.385,0,0,0,0.999841,0,-0.0178244,0,0,-0.000556063,0,88.133,0.987056,-28.0537,0,1568.78,38.5794,-0,-261.237,121.158,121.158,2.36266,10,0,0,-0.0178809,-0,0.0356507,0,1
17.4,-29.324,0,2153.52,-4.85777,0,204.435,0,0,0,0.999841,0,-0.0178272,0,0,-0.000555894,0,88.1282,0.987033,-28.0591,0,1568.83,38.5869,-0,-261.312,121.154,121.154,2.36256,10,0,0,-0.0178837,-0,0.0356562,0,1
17.41,-29.3726,0,2155.56,-4.86187,0,204.485,0,0,0,0.999841,0,-0.01783,0,0,-0.000555724,0,88.1234,0.987009,-28.0645,0,1568.89,38.5944,-0,-261.387,121.15,121.15,2.36247,10,0,0,-0.0178865,-0,0.0356618,0,1
17.42,-29.4212,0,2157.61,-4.86596,0,204.535,0,0,0,0.999841,0,-0.0178327,0,0,-0.000555555,0,88.1186,0.986986,-28.0699,0,1568.95,38.6018,-0,-261.461,121.146,121.146,2.36237,10,0,0,-0.0178892,-0,0.0356674,0,1
17.43,-29.4699,0,2159.65,-4.87006,0,204.586,0,0,0,0.999841,0,-0.0178355,0,0,-0.000555385,0,88.1138,0.986963,-28.0753,0,1569.01,38.6093,-0,-261.536,121.142,121.142,2.36228,10,0,0,-0.017892,-0,0.0356729,0,1
17.44,-29.5186,0,2161.7,-4.87416,0,204.636,0,0,0,0.999841,0,-0.0178383,0,0,-0.000555216,0,88.109,0.986939,-28.0807,0,1569.07,38.6167,-0,-261.61,121.138,121.138,2.36218,10,0,0,-0.0178948,-0,0.0356785,0,1
17.45,-29.5674,0,2163.75,-4.87826,0,204.686,0,0,0,0.999841,0,-0.0178411,0,0,-0.000555046,0,88.1042,0.986916,-28.0861,0,1569.13,38.6242,-0,-261.685,121.134,121.134,2.36208,10,0,0,-0.0178975,-0,0.035684,0,1
17.46,-29.6162,0,2165.79,-4.88236,0,204.736,0,0,0,0.999841,0,-0.0178438,0,0,-0.000554876,0,88.0994,0.986892,-28.0914,0,1569.19,38.6317,-0,-261.759,121.13,121.13,2.36199,10,0,0,-0.0179003,-0,0.0356896,0,1
17.47,-29.665,0,2167.84,-4.88646,0,204.787,0,0,0,0.999841,0,-0.0178466,0,0,-0.000554706,0,88.0946,0.986869,-28.0968,0,1569.25,38.6391,-0,-261.834,121.126,121.126,2.36189,10,0,0,-0.017903,-0,0.0356951,0,1
17.48,-29.7139,0,2169.89,-4.89056,0,204.837,0,0,0,0.999841,0,-0.0178494,0,0,-0.000554536,0,88.0898,0.986846,-28.1022,0,1569.3,38.6466,-0,-261.908,121.122,121.122,2.3618,10,0,0,-0.0179058,-0,0.0357007,0,1
17.49,-29.7628,0,2171.94,-4.89466,0,204.887,0,0,0,0.999841,0,-0.0178522,0,0,-0.000554366,0,88.085,0.986822,-28.1076,0,1569.36,38.654,-0,-261.983,121.118,121.118,2.3617,10,0,0,-0.0179085,-0,0.0357062,0,1
17.5,-29.8118,0,2173.99,-4.89876,0,204.937,0,0,0,0.999841,0,-0.0178549,0,0,-0.000554196,0,88.0802,0.986799,-28.1129,0,1569.42,38.6615,-0,-262.057,121.114,121.114,2.3616,10,0,0,-0.0179113,-0,0.0357117,0,1
17.51,-29.8608,0,2176.04,-4.90286,0,204.988,0,0,0,0.999841,0,-0.0178577,0,0,-0.000554026,0,88.0754,0.986775,-28.1183,0,1569.48,38.6689,-0,-262.132,121.11,121.11,2.36151,10,0,0,-0.017914,-0,0.0357173,0,1
17.52,-29.9099,0,2178.09,-4.90697,0,205.038,0,0,0,0.99984,0,-0.0178605,0,0,-0.000553856,0,88.0706,0.986752,-28.1237,0,1569.54,38.6764,-0,-262.206,121.106,121.106,2.36141,10,0,0,-0.0179168,-0,0.0357228,0,1
17.53,-29.959,0,2180.14,-4.91107,0,205.088,0,0,0,0.99984,0,-0.0178632,0,0,-0.000553686,0,88.0658,0.986729,-28.1291,0,1569.6,38.6838,-0,-262.281,121.102,121.102,2.36132,10,0,0,-0.0179196,-0,0.0357284,0,1
17.54,-30.0081,0,2182.19,-4.91518,0,205.139,0,0,0,0.99984,0,-0.017866,0,0,-0.000553515,0,88.061,0.986705,-28.1344,0,1569.66,38.6913,-0,-262.355,121.098,121.098,2.36122,10,0,0,-0.0179223,-0,0.0357339,0,1
17.55,-30.0573,0,2184.24,-4.91928,0,205.189,0,0,0,0.99984,0,-0.0178688,0,0,-0.000553345,0,88.0562,0.986682,-28.1398,0,1569.72,38.6987,-0,-262.43,121.094,121.094,2.36112,10,0,0,-0.0179251,-0,0.0357394,0,1
17.56,-30.1065,0,2186.29,-4.92339,0,205.239,0,0,0,0.99984,0,-0.0178715,0,0,-0.000553175,0,88.0514,0.986659,-28.1452,0,1569.77,38.7061,-0,-262.504,121.09,121.09,2.36103,10,0,0,-0.0179278,-0,0.035745,0,1
17.57,-30.1557,0,2188.34,-4.9275,0,205.289,0,0,0,0.99984,0,-0.0178743,0,0,-0.000553004,0,88.0466,0.986635,-28.1506,0,1569.83,38.7136,-0,-262.578,121.086,121.086,2.36093,10,0,0,-0.0179306,-0,0.0357505,0,1
17.58,-30.205,0,2190.4,-4.93161,0,205.34,0,0,0,0.99984,0,-0.0178771,0,0,-0.000552834,0,88.0418,0.986612,-28.1559,0,1569.89,38.721,-0,-262.653,121.082,121.082,2.36084,10,0,0,-0.0179333,-0,0.035756,0,1
17.59,-30.2544,0,2192.45,-4.93572,0,205.39,0,0,0,0.99984,0,-0.0178798,0,0,-0.000552663,0,88.037,0.986588,-28.1613,0,1569.95,38.7285,-0,-262.727,121.078,121.078,2.36074,10,0,0,-0.017936,-0,0.0357616,0,1
17.6,-30.3037,0,2194.51,-4.93983,0,205.44,0,0,0,0.99984,0,-0.0178826,0,0,-0.000552492,0,88.0322,0.986565,-28.1667,0,1570.01,38.7359,-0,-262.802,121.074,121.074,2.36064,10,0,0,-0.0179388,-0,0.0357671,0,1
17.61,-30.3532,0,2196.56,-4.94394,0,205.491,0,0,0,0.99984,0,-0.0178853,0,0,-0.000552321,0,88.0274,0.986542,-28.172,0,1570.07,38.7433,-0,-262.876,121.07,121.07,2.36055,10,0,0,-0.0179415,-0,0.0357726,0,1
17.62,-30.4026,0,2198.62,-4.94805,0,205.541,0,0,0,0.99984,0,-0.0178881,0,0,-0.00055215,0,88.0226,0.986518,-28.1774,0,1570.13,38.7508,-0,-262.95,121.066,121.066,2.36045,10,0,0,-0.0179443,-0,0.0357781,0,1
17.63,-30.4521,0,2200.67,-4.95216,0,205.591,0,0,0,0.99984,0,-0.0178909,0,0,-0.00055198,0,88.0178,0.986495,-28.1828,0,1570.19,38.7582,-0,-263.025,121.063,121.063,2.36036,10,0,0,-0.017947,-0,0.0357836,0,1
17.64,-30.5017,0,2202.73,-4.95627,0,205.642,0,0,0,0.99984,0,-0.0178936,0,0,-0.000551809,0,88.013,0.986471,-28.1881,0,1570.24,38.7656,-0,-263.099,121.059,121.059,2.36026,10,0,0,-0.0179498,-0,0.0357892,0,1
17.65,-30.5512,0,2204.78,-4.96039,0,205.692,0,0,0,0.99984,0,-0.0178964,0,0,-0.000551637,0,88.0082,0.986448,-28.1935,0,1570.3,38.7731,-0,-263.173,121.055,121.055,2.36016,10,0,0,-0.0179525,-0,0.0357947,0,1
17.66,-30.6009,0,2206.84,-4.9645,0,205.743,0,0,0,0.99984,0,-0.0178991,0,0,-0.000551466,0,88.0034,0.986425,-28.1988,0,1570.36,38.7805,-0,-263.248,121.051,121.051,2.36007,10,0,0,-0.0179552,-0,0.0358002,0,1
17.67,-30.6505,0,2208.9,-4.96861,0,205.793,0,0,0,0.99984,0,-0.0179019,0,0,-0.000551295,0,87.9986,0.986401,-28.2042,0,1570.42,38.7879,-0,-263.322,121.047,121.047,2.35997,10,0,0,-0.017958,-0,0.0358057,0,1
17.68,-30.7002,0,2210.96,-4.97273,0,205.843,0,0,0,0.99984,0,-0.0179047,0,0,-0.000551124,0,87.9938,0.986378,-28.2096,0,1570.48,38.7953,-0,-263.396,121.043,121.043,2.35988,10,0,0,-0.0179607,-0,0.0358112,0,1
17.69,-30.75,0,2213.02,-4.97685,0,205.894,0,0,0,0.99984,0,-0.0179074,0,0,-0.000550952,0,87.989,0.986354,-28.2149,0,1570.54,38.8028,-0,-263.471,121.039,121.039,2.35978,10,0,0,-0.0179635,-0,0.0358167,0,1
17.7,-30.7998,0,2215.07,-4.98096,0,205.944,0,0,0,0.99984,0,-0.0179102,0,0,-0.000550781,0,87.9842,0.986331,-28.2203,0,1570.6,38.8102,-0,-263.545,121.035,121.035,2.35968,10,0,0,-0.0179662,-0,0.0358222,0,1
17.71,-30.8496,0,2217.13,-4.98508,0,205.995,0,0,0,0.99984,0,-0.0179129,0,0,-0.00055061,0,87.9794,0.986308,-28.2256,0,1570.66,38.8176,-0,-263.619,121.031,121.031,2.35959,10,0,0,-0.0179689,-0,0.0358278,0,1
17.72,-30.8995,0,2219.19,-4.9892,0,206.045,0,0,0,0.99984,0,-0.0179157,0,0,-0.000550438,0,87.9746,0.986284,-28.231,0,1570.71,38.825,-0,-263.693,121.027,121.027,2.35949,10,0,0,-0.0179717,-0,0.0358333,0,1
17.73,-30.9494,0,2221.26,-4.99332,0,206.095,0,0,0,0.999839,0,-0.0179184,0,0,-0.000550266,0,87.9698,0.986261,-28.2363,0,1570.77,38.8324,-0,-263.768,121.023,121.023,2.3594,10,0,0,-0.0179744,-0,0.0358388,0,1
17.74,-30.9993,0,2223.32,-4.99744,0,206.146,0,0,0,0.999839,0,-0.0179212,0,0,-0.000550095,0,87.965,0.986237,-28.2417,0,1570.83,38.8399,-0,-263.842,121.019,121.019,2.3593,10,0,0,-0.0179771,-0,0.0358443,0,1
17.75,-31.0493,0,2225.38,-5.00156,0,206.196,0,0,0,0.999839,0,-0.0179239,0,0,-0.000549923,0,87.9602,0.986214,-28.247,0,1570.89,38.8473,-0,-263.916,121.015,121.015,2.3592,10,0,0,-0.0179799,-0,0.0358498,0,1
17.76,-31.0994,0,2227.44,-5.00568,0,206.247,0,0,0,0.999839,0,-0.0179267,0,0,-0.000549751,0,87.9554,0.98619,-28.2524,0,1570.95,38.8547,-0,-263.99,121.011,121.011,2.35911,10,0,0,-0.0179826,-0,0.0358553,0,1
17.77,-31.1495,0,2229.5,-5.00981,0,206.297,0,0,0,0.999839,0,-0.0179294,0,0,-0.000549579,0,87.9506,0.986167,-28.2577,0,1571.01,38.8621,-0,-264.064,121.007,121.007,2.35901,10,0,0,-0.0179853,-0,0.0358608,0,1
17.78,-31.1996,0,2231.57,-5.01393,0,206.348,0,0,0,0.999839,0,-0.0179322,0,0,-0.000549407,0,87.9458,0.986144,-28.2631,0,1571.07,38.8695,-0,-264.139,121.003,121.003,2.35892,10,0,0,-0.0179881,-0,0.0358663,0,1
17.79,-31.2497,0,2233.63,-5.01805,0,206.398,0,0,0,0.999839,0,-0.0179349,0,0,-0.000549235,0,87.941,0.98612,-28.2684,0,1571.13,38.8769,-0,-264.213,120.999,120.999,2.35882,10,0,0,-0.0179908,-0,0.0358717,0,1
17.8,-31.2999,0,2235.69,-5.02218,0,206.449,0,0,0,0.999839,0,-0.0179377,0,0,-0.000549063,0,87.9362,0.986097,-28.2738,0,1571.19,38.8843,-0,-264.287,120.995,120.995,2.35872,10,0,0,-0.0179935,-0,0.0358772,0,1
17.81,-31.3502,0,2237.76,-5.0263,0,206.499,0,0,0,0.999839,0,-0.0179404,0,0,-0.000548891,0,87.9314,0.986073,-28.2791,0,1571.24,38.8917,-0,-264.361,120.991,120.991,2.35863,10,0,0,-0.0179963,-0,0.0358827,0,1
17.82,-31.4005,0,2239.82,-5.03043,0,206.549,0,0,0,0.999839,0,-0.0179431,0,0,-0.000548719,0,87.9266,0.98605,-28.2845,0,1571.3,38.8991,-0,-264.435,120.987,120.987,2.35853,10,0,0,-0.017999,-0,0.0358882,0,1
17.83,-31.4508,0,2241.89,-5.03456,0,206.6,0,0,0,0.999839,0,-0.0179459,0,0,-0.000548546,0,87.9218,0.986026,-28.2898,0,1571.36,38.9065,-0,-264.509,120.983,120.983,2.35844,10,0,0,-0.0180017,-0,0.0358937,0,1
17.84,-31.5012,0,2243.96,-5.03868,0,206.65,0,0,0,0.999839,0,-0.0179486,0,0,-0.000548374,0,87.917,0.986003,-28.2952,0,1571.42,38.9139,-0,-264.584,120.979,120.979,2.35834,10,0,0,-0.0180044,-0,0.0358992,0,1
17.85,-31.5516,0,2246.02,-5.04281,0,206.701,0,0,0,0.999839,0,-0.0179514,0,0,-0.000548202,0,87.9122,0.98598,-28.3005,0,1571.48,38.9213,-0,-264.658,120.975,120.975,2.35824,10,0,0,-0.0180072,-0,0.0359047,0,1
17.86,-31.602,0,2248.09,-5.04694,0,206.751,0,0,0,0.999839,0,-0.0179541,0,0,-0.000548029,0,87.9074,0.985956,-28.3058,0,1571.54,38.9287,-0,-264.732,120.971,120.971,2.35815,10,0,0,-0.0180099,-0,0.0359102,0,1
17.87,-31.6525,0,2250.16,-5.05107,0,206.802,0,0,0,0.999839,0,-0.0179569,0,0,-0.000547856,0,87.9026,0.985933,-28.3112,0,1571.6,38.9361,-0,-264.806,120.967,120.967,2.35805,10,0,0,-0.0180126,-0,0.0359156,0,1
17.88,-31.703,0,2252.23,-5.0552,0,206.852,0,0,0,0.999839,0,-0.0179596,0,0,-0.000547684,0,87.8978,0.985909,-28.3165,0,1571.66,38.9435,-0,-264.88,120.963,120.963,2.35796,10,0,0,-0.0180153,-0,0.0359211,0,1
17.89,-31.7536,0,2254.3,-5.05933,0,206.903,0,0,0,0.999839,0,-0.0179623,0,0,-0.000547511,0,87.893,0.985886,-28.3219,0,1571.71,38.9509,-0,-264.954,120.959,120.959,2.35786,10,0,0,-0.018018,-0,0.0359266,0,1
17.9,-31.8042,0,2256.36,-5.06347,0,206.954,0,0,0,0.999839,0,-0.0179651,0,0,-0.000547338,0,87.8882,0.985862,-28.3272,0,1571.77,38.9583,-0,-265.028,120.955,120.955,2.35776,10,0,0,-0.0180208,-0,0.0359321,0,1
17.91,-31.8549,0,2258.43,-5.0676,0,207.004,0,0,0,0.999839,0,-0.0179678,0,0,-0.000547165,0,87.8834,0.985839,-28.3325,0,1571.83,38.9657,-0,-265.102,120.951,120.951,2.35767,10,0,0,-0.0180235,-0,0.0359375,0,1
17.92,-31.9056,0,2260.5,-5.07173,0,207.055,0,0,0,0.999839,0,-0.0179705,0,0,-0.000546992,0,87.8786,0.985815,-28.3379,0,1571.89,38.9731,-0,-265.176,120.947,120.947,2.35757,10,0,0,-0.0180262,-0,0.035943,0,1
17.93,-31.9563,0,2262.58,-5.07587,0,207.105,0,0,0,0.999838,0,-0.0179733,0,0,-0.000546819,0,87.8738,0.985792,-28.3432,0,1571.95,38.9805,-0,-265.25,120.943,120.943,2.35748,10,0,0,-0.0180289,-0,0.0359485,0,1
17.94,-32.0071,0,2264.65,-5.08,0,207.156,0,0,0,0.999838,0,-0.017976,0,0,-0.000546646,0,87.869,0.985769,-28.3485,0,1572.01,38.9879,-0,-265.324,120.939,120.939,2.35738,10,0,0,-0.0180316,-0,0.0359539,0,1
17.95,-32.0579,0,2266.72,-5.08414,0,207.206,0,0,0,0.999838,0,-0.0179787,0,0,-0.000546473,0,87.8642,0.985745,-28.3539,0,1572.07,38.9953,-0,-265.398,120.935,120.935,2.35728,10,0,0,-0.0180343,-0,0.0359594,0,1
17.96,-32.1088,0,2268.79,-5.08827,0,207.257,0,0,0,0.999838,0,-0.0179815,0,0,-0.0005463,0,87.8594,0.985722,-28.3592,0,1572.13,39.0027,-0,-265.472,120.931,120.931,2.35719,10,0,0,-0.0180371,-0,0.0359649,0,1
17.97,-32.1597,0,2270.86,-5.09241,0,207.307,0,0,0,0.999838,0,-0.0179842,0,0,-0.000546127,0,87.8546,0.985698,-28.3645,0,1572.19,39.01,-0,-265.546,120.927,120.927,2.35709,10,0,0,-0.0180398,-0,0.0359703,0,1
17.98,-32.2106,0,2272.94,-5.09655,0,207.358,0,0,0,0.999838,0,-0.0179869,0,0,-0.000545953,0,87.8498,0.985675,-28.3699,0,1572.24,39.0174,-0,-265.62,120.923,120.923,2.357,10,0,0,-0.0180425,-0,0.0359758,0,1
17.99,-32.2616,0,2275.01,-5.10069,0,207.409,0,0,0,0.999838,0,-0.0179897,0,0,-0.00054578,0,87.845,0.985651,-28.3752,0,1572.3,39.0248,-0,-265.694,120.919,120.919,2.3569,10,0,0,-0.0180452,-0,0.0359812,0,1
18,-32.3126,0,2277.09,-5.10483,0,207.459,0,0,0,0.999838,0,-0.0179924,0,0,-0.000545607,0,87.8402,0.985628,-28.3805,0,1572.36,39.0322,-0,-265.768,120.915,120.915,2.3568,10,0,0,-0.0180479,-0,0.0359867,0,1
18.01,-32.3637,0,2279.16,-5.10897,0,207.51,0,0,0,0.999838,0,-0.0179951,0,0,-0.000545433,0,87.8354,0.985604,-28.3858,0,1572.42,39.0396,-0,-265.842,120.911,120.911,2.35671,10,0,0,-0.0180506,-0,0.0359922,0,1
18.02,-32.4148,0,2281.24,-5.11311,0,207.56,0,0,0,0.999838,0,-0.0179978,0,0,-0.000545259,0,87.8306,0.985581,-28.3912,0,1572.48,39.0469,-0,-265.916,120.907,120.907,2.35661,10,0,0,-0.0180533,-0,0.0359976,0,1
18.03,-32.466,0,2283.31,-5.11725,0,207.611,0,0,0,0.999838,0,-0.0180006,0,0,-0.000545086,0,87.8258,0.985557,-28.3965,0,1572.54,39.0543,-0,-265.99,120.903,120.903,2.35652,10,0,0,-0.018056,-0,0.0360031,0,1
18.04,-32.5172,0,2285.39,-5.12139,0,207.662,0,0,0,0.999838,0,-0.0180033,0,0,-0.000544912,0,87.821,0.985534,-28.4018,0,1572.6,39.0617,-0,-266.064,120.899,120.899,2.35642,10,0,0,-0.0180587,-0,0.0360085,0,1
18.05,-32.5684,0,2287.46,-5.12554,0,207.712,0,0,0,0.999838,0,-0.018006,0,0,-0.000544738,0,87.8162,0.985511,-28.4071,0,1572.66,39.0691,-0,-266.138,120.895,120.895,2.35632,10,0,0,-0.0180615,-0,0.036014,0,1
18.06,-32.6197,0,2289.54,-5.12968,0,207.763,0,0,0,0.999838,0,-0.0180087,0,0,-0.000544564,0,87.8114,0.985487,-28.4125,0,1572.72,39.0764,-0,-266.212,120.891,120.891,2.35623,10,0,0,-0.0180642,-0,0.0360194,0,1
18.07,-32.671,0,2291.62,-5.13383,0,207.813,0,0,0,0.999838,0,-0.0180115,0,0,-0.00054439,0,87.8066,0.985464,-28.4178,0,1572.77,39.0838,-0,-266.285,120.887,120.887,2.35613,10,0,0,-0.0180669,-0,0.0360249,0,1
18.08,-32.7223,0,2293.7,-5.13797,0,207.864,0,0,0,0.999838,0,-0.0180142,0,0,-0.000544216,0,87.8018,0.98544,-28.4231,0,1572.83,39.0912,-0,-266.359,120.883,120.883,2.35604,10,0,0,-0.0180696,-0,0.0360303,0,1
18.09,-32.7737,0,2295.78,-5.14212,0,207.915,0,0,0,0.999838,0,-0.0180169,0,0,-0.000544042,0,87.797,0.985417,-28.4284,0,1572.89,39.0985,-0,-266.433,120.879,120.879,2.35594,10,0,0,-0.0180723,-0,0.0360357,0,1
18.1,-32.8252,0,2297.86,-5.14627,0,207.965,0,0,0,0.999838,0,-0.0180196,0,0,-0.000543868,0,87.7922,0.985393,-28.4337,0,1572.95,39.1059,-0,-266.507,120.875,120.875,2.35584,10,0,0,-0.018075,-0,0.0360412,0,1
18.11,-32.8767,0,2299.94,-5.15041,0,208.016,0,0,0,0.999838,0,-0.0180223,0,0,-0.000543694,0,87.7874,0.98537,-28.439,0,1573.01,39.1133,-0,-266.581,120.871,120.871,2.35575,10,0,0,-0.0180777,-0,0.0360466,0,1
18.12,-32.9282,0,2302.02,-5.15456,0,208.067,0,0,0,0.999838,0,-0.0180251,0,0,-0.00054352,0,87.7826,0.985346,-28.4444,0,1573.07,39.1206,-0,-266.655,120.867,120.867,2.35565,10,0,0,-0.0180804,-0,0.0360521,0,1
18.13,-32.9798,0,2304.1,-5.15871,0,208.117,0,0,0,0.999837,0,-0.0180278,0,0,-0.000543345,0,87.7778,0.985323,-28.4497,0,1573.13,39.128,-0,-266.728,120.863,120.863,2.35556,10,0,0,-0.0180831,-0,0.0360575,0,1
18.14,-33.0314,0,2306.18,-5.16286,0,208.168,0,0,0,0.999837,0,-0.0180305,0,0,-0.000543171,0,87.773,0.985299,-28.455,0,1573.19,39.1354,-0,-266.802,120.859,120.859,2.35546,10,0,0,-0.0180858,-0,0.0360629,0,1
18.15,-33.083,0,2308.26,-5.16701,0,208.219,0,0,0,0.999837,0,-0.0180332,0,0,-0.000542996,0,87.7682,0.985276,-28.4603,0,1573.25,39.1427,-0,-266.876,120.855,120.855,2.35536,10,0,0,-0.0180885,-0,0.0360684,0,1
18.16,-33.1347,0,2310.34,-5.17116,0,208.269,0,0,0,0.999837,0,-0.0180359,0,0,-0.000542822,0,87.7634,0.985252,-28.4656,0,1573.3,39.1501,-0,-266.95,120.851,120.851,2.35527,10,0,0,-0.0180912,-0,0.0360738,0,1
18.17,-33.1864,0,2312.43,-5.17531,0,208.32,0,0,0,0.999837,0,-0.0180386,0,0,-0.000542647,0,87.7586,0.985229,-28.4709,0,1573.36,39.1574,-0,-267.024,120.847,120.847,2.35517,10,0,0,-0.0180939,-0,0.0360792,0,1
18.18,-33.2382,0,2314.51,-5.17947,0,208.371,0,0,0,0.999837,0,-0.0180413,0,0,-0.000542472,0,87.7538,0.985205,-28.4762,0,1573.42,39.1648,-0,-267.097,120.843,120.843,2.35508,10,0,0,-0.0180966,-0,0.0360846,0,1
18.19,-33.29,0,2316.59,-5.18362,0,208.422,0,0,0,0.999837,0,-0.018044,0,0,-0.000542298,0,87.749,0.985182,-28.4815,0,1573.48,39.1721,-0,-267.171,120.839,120.839,2.35498,10,0,0,-0.0180993,-0,0.0360901,0,1
18.2,-33.3419,0,2318.68,-5.18778,0,208.472,0,0,0,0.999837,0,-0.0180468,0,0,-0.000542123,0,87.7442,0.985158,-28.4868,0,1573.54,39.1795,-0,-267.245,120.835,120.835,2.35488,10,0,0,-0.018102,-0,0.0360955,0,1
18.21,-33.3938,0,2320.76,-5.19193,0,208.523,0,0,0,0.999837,0,-0.0180495,0,0,-0.000541948,0,87.7394,0.985135,-28.4921,0,1573.6,39.1868,-0,-267.319,120.831,120.831,2.35479,10,0,0,-0.0181046,-0,0.0361009,0,1
18.22,-33.4457,0,2322.85,-5.19609,0,208.574,0,0,0,0.999837,0,-0.0180522,0,0,-0.000541773,0,87.7346,0.985111,-28.4974,0,1573.66,39.1942,-0,-267.392,120.827,120.827,2.35469,10,0,0,-0.0181073,-0,0.0361063,0,1
18.23,-33.4977,0,2324.93,-5.20024,0,208.624,0,0,0,0.999837,0,-0.0180549,0,0,-0.000541598,0,87.7298,0.985088,-28.5027,0,1573.72,39.2015,-0,-267.466,120.823,120.823,2.3546,10,0,0,-0.01811,-0,0.0361117,0,1
18.24,-33.5497,0,2327.02,-5.2044,0,208.675,0,0,0,0.999837,0,-0.0180576,0,0,-0.000541423,0,87.725,0.985064,-28.5081,0,1573.78,39.2089,-0,-267.54,120.819,120.819,2.3545,10,0,0,-0.0181127,-0,0.0361171,0,1
18.25,-33.6018,0,2329.11,-5.20856,0,208.726,0,0,0,0.999837,0,-0.0180603,0,0,-0.000541248,0,87.7202,0.985041,-28.5134,0,1573.83,39.2162,-0,-267.613,120.815,120.815,2.3544,10,0,0,-0.0181154,-0,0.0361226,0,1
18.26,-33.6539,0,2331.2,-5.21272,0,208.777,0,0,0,0.999837,0,-0.018063,0,0,-0.000541072,0,87.7154,0.985017,-28.5187,0,1573.89,39.2236,-0,-267.687,120.811,120.811,2.35431,10,0,0,-0.0181181,-0,0.036128,0,1
18.27,-33.706,0,2333.28,-5.21688,0,208.828,0,0,0,0.999837,0,-0.0180657,0,0,-0.000540897,0,87.7106,0.984994,-28.524,0,1573.95,39.2309,-0,-267.761,120.807,120.807,2.35421,10,0,0,-0.0181208,-0,0.0361334,0,1
18.28,-33.7582,0,2335.37,-5.22104,0,208.878,0,0,0,0.999837,0,-0.0180684,0,0,-0.000540722,0,87.7058,0.98497,-28.5292,0,1574.01,39.2382,-0,-267.834,120.803,120.803,2.35412,10,0,0,-0.0181235,-0,0.0361388,0,1
18.29,-33.8105,0,2337.46,-5.2252,0,208.929,0,0,0,0.999837,0,-0.0180711,0,0,-0.000540546,0,87.701,0.984947,-28.5345,0,1574.07,39.2456,-0,-267.908,120.799,120.799,2.35402,10,0,0,-0.0181262,-0,0.0361442,0,1
18.3,-33.8627,0,2339.55,-5.22936,0,208.98,0,0,0,0.999837,0,-0.0180738,0,0,-0.000540371,0,87.6962,0.984923,-28.5398,0,1574.13,39.2529,-0,-267.981,120.795,120.795,2.35392,10,0,0,-0.0181288,-0,0.0361496,0,1
18.31,-33.9151,0,2341.64,-5.23352,0,209.031,0,0,0,0.999837,0,-0.0180765,0,0,-0.000540195,0,87.6914,0.9849,-28.5451,0,1574.19,39.2603,-0,-268.055,120.791,120.791,2.35383,10,0,0,-0.0181315,-0,0.036155,0,1
18.32,-33.9674,0,2343.73,-5.23769,0,209.081,0,0,0,0.999837,0,-0.0180792,0,0,-0.000540019,0,87.6866,0.984876,-28.5504,0,1574.25,39.2676,-0,-268.129,120.787,120.787,2.35373,10,0,0,-0.0181342,-0,0.0361604,0,1
18.33,-34.0198,0,2345.82,-5.24185,0,209.132,0,0,0,0.999837,0,-0.0180819,0,0,-0.000539844,0,87.6818,0.984853,-28.5557,0,1574.31,39.2749,-0,-268.202,120.783,120.783,2.35364,10,0,0,-0.0181369,-0,0.0361658,0,1
18.34,-34.0722,0,2347.91,-5.24602,0,209.183,0,0,0,0.999836,0,-0.0180846,0,0,-0.000539668,0,87.677,0.984829,-28.561,0,1574.37,39.2822,-0,-268.276,120.779,120.779,2.35354,10,0,0,-0.0181396,-0,0.0361712,0,1
18.35,-34.1247,0,2350.01,-5.25018,0,209.234,0,0,0,0.999836,0,-0.0180873,0,0,-0.000539492,0,87.6722,0.984806,-28.5663,0,1574.42,39.2896,-0,-268.349,120.775,120.775,2.35344,10,0,0,-0.0181422,-0,0.0361766,0,1
18.36,-34.1773,0,2352.1,-5.25435,0,209.285,0,0,0,0.999836,0,-0.01809,0,0,-0.000539316,0,87.6674,0.984782,-28.5716,0,1574.48,39.2969,-0,-268.423,120.771,120.771,2.35335,10,0,0,-0.0181449,-0,0.036182,0,1
18.37,-34.2298,0,2354.19,-5.25851,0,209.336,0,0,0,0.999836,0,-0.0180927,0,0,-0.00053914,0,87.6626,0.984759,-28.5769,0,1574.54,39.3042,-0,-268.496,120.767,120.767,2.35325,10,0,0,-0.0181476,-0,0.0361874,0,1
18.38,-34.2824,0,2356.29,-5.26268,0,209.386,0,0,0,0.999836,0,-0.0180954,0,0,-0.000538964,0,87.6578,0.984735,-28.5822,0,1574.6,39.3116,-0,-268.57,120.763,120.763,2.35316,10,0,0,-0.0181503,-0,0.0361928,0,1
18.39,-34.3351,0,2358.38,-5.26685,0,209.437,0,0,0,0.999836,0,-0.0180981,0,0,-0.000538788,0,87.653,0.984712,-28.5875,0,1574.66,39.3189,-0,-268.644,120.759,120.759,2.35306,10,0,0,-0.018153,-0,0.0361982,0,1
18.4,-34.3878,0,2360.47,-5.27102,0,209.488,0,0,0,0.999836,0,-0.0181008,0,0,-0.000538612,0,87.6482,0.984688,-28.5927,0,1574.72,39.3262,-0,-268.717,120.755,120.755,2.35296,10,0,0,-0.0181556,-0,0.0362036,0,1
18.41,-34.4405,0,2362.57,-5.27519,0,209.539,0,0,0,0.999836,0,-0.0181035,0,0,-0.000538435,0,87.6434,0.984665,-28.598,0,1574.78,39.3335,-0,-268.79,120.751,120.751,2.35287,10,0,0,-0.0181583,-0,0.0362089,0,1
18.42,-34.4933,0,2364.66,-5.27936,0,209.59,0,0,0,0.999836,0,-0.0181062,0,0,-0.000538259,0,87.6386,0.984641,-28.6033,0,1574.84,39.3408,-0,-268.864,120.747,120.747,2.35277,10,0,0,-0.018161,-0,0.0362143,0,1
18.43,-34.5461,0,2366.76,-5.28353,0,209.641,0,0,0,0.999836,0,-0.0181089,0,0,-0.000538083,0,87.6338,0.984618,-28.6086,0,1574.9,39.3482,-0,-268.937,120.743,120.743,2.35268,10,0,0,-0.0181637,-0,0.0362197,0,1
18.44,-34.5989,0,2368.86,-5.2877,0,209.692,0,0,0,0.999836,0,-0.0181116,0,0,-0.000537906,0,87.629,0.984594,-28.6139,0,1574.95,39.3555,-0,-269.011,120.739,120.739,2.35258,10,0,0,-0.0181663,-0,0.0362251,0,1
18.45,-34.6518,0,2370.95,-5.29188,0,209.742,0,0,0,0.999836,0,-0.0181142,0,0,-0.00053773,0,87.6242,0.984571,-28.6192,0,1575.01,39.3628,-0,-269.084,120.735,120.735,2.35248,10,0,0,-0.018169,-0,0.0362305,0,1
18.46,-34.7048,0,2373.05,-5.29605,0,209.793,0,0,0,0.999836,0,-0.0181169,0,0,-0.000537553,0,87.6194,0.984547,-28.6244,0,1575.07,39.3701,-0,-269.158,120.731,120.731,2.35239,10,0,0,-0.0181717,-0,0.0362358,0,1
18.47,-34.7578,0,2375.15,-5.30022,0,209.844,0,0,0,0.999836,0,-0.0181196,0,0,-0.000537376,0,87.6146,0.984524,-28.6297,0,1575.13,39.3774,-0,-269.231,120.727,120.727,2.35229,10,0,0,-0.0181743,-0,0.0362412,0,1
18.48,-34.8108,0,2377.25,-5.3044,0,209.895,0,0,0,0.999836,0,-0.0181223,0,0,-0.0005372,0,87.6098,0.9845,-28.635,0,1575.19,39.3847,-0,-269.305,120.723,120.723,2.3522,10,0,0,-0.018177,-0,0.0362466,0,1
18.49,-34.8638,0,2379.35,-5.30858,0,209.946,0,0,0,0.999836,0,-0.018125,0,0,-0.000537023,0,87.605,0.984477,-28.6403,0,1575.25,39.392,-0,-269.378,120.719,120.719,2.3521,10,0,0,-0.0181797,-0,0.036252,0,1
18.5,-34.9169,0,2381.45,-5.31275,0,209.997,0,0,0,0.999836,0,-0.0181277,0,0,-0.000536846,0,87.6002,0.984453,-28.6455,0,1575.31,39.3993,-0,-269.451,120.715,120.715,2.352,10,0,0,-0.0181823,-0,0.0362573,0,1
18.51,-34.9701,0,2383.55,-5.31693,0,210.048,0,0,0,0.999836,0,-0.0181304,0,0,-0.000536669,0,87.5954,0.98443,-28.6508,0,1575.37,39.4066,-0,-269.525,120.711,120.711,2.35191,10,0,0,-0.018185,-0,0.0362627,0,1
18.52,-35.0233,0,2385.65,-5.32111,0,210.099,0,0,0,0.999836,0,-0.018133,0,0,-0.000536492,0,87.5906,0.984406,-28.6561,0,1575.43,39.4139,-0,-269.598,120.707,120.707,2.35181,10,0,0,-0.0181877,-0,0.0362681,0,1
18.53,-35.0765,0,2387.75,-5.32529,0,210.15,0,0,0,0.999836,0,-0.0181357,0,0,-0.000536315,0,87.5858,0.984383,-28.6614,0,1575.49,39.4212,-0,-269.671,120.703,120.703,2.35172,10,0,0,-0.0181903,-0,0.0362734,0,1
18.54,-35.1298,0,2389.85,-5.32947,0,210.201,0,0,0,0.999835,0,-0.0181384,0,0,-0.000536138,0,87.581,0.984359,-28.6666,0,1575.54,39.4286,-0,-269.745,120.699,120.699,2.35162,10,0,0,-0.018193,-0,0.0362788,0,1
18.55,-35.1831,0,2391.95,-5.33365,0,210.252,0,0,0,0.999835,0,-0.0181411,0,0,-0.00053596,0,87.5762,0.984335,-28.6719,0,1575.6,39.4358,-0,-269.818,120.695,120.695,2.35152,10,0,0,-0.0181957,-0,0.0362841,0,1
18.56,-35.2365,0,2394.06,-5.33783,0,210.303,0,0,0,0.999835,0,-0.0181438,0,0,-0.000535783,0,87.5714,0.984312,-28.6772,0,1575.66,39.4431,-0,-269.891,120.691,120.691,2.35143,10,0,0,-0.0181983,-0,0.0362895,0,1
18.57,-35.2899,0,2396.16,-5.34201,0,210.353,0,0,0,0.999835,0,-0.0181464,0,0,-0.000535606,0,87.5666,0.984288,-28.6824,0,1575.72,39.4504,-0,-269.965,120.687,120.687,2.35133,10,0,0,-0.018201,-0,0.0362949,0,1
18.58,-35.3433,0,2398.26,-5.34619,0,210.404,0,0,0,0.999835,0,-0.0181491,0,0,-0.000535428,0,87.5618,0.984265,-28.6877,0,1575.78,39.4577,-0,-270.038,120.683,120.683,2.35124,10,0,0,-0.0182037,-0,0.0363002,0,1
18.59,-35.3968,0,2400.37,-5.35037,0,210.455,0,0,0,0.999835,0,-0.0181518,0,0,-0.000535251,0,87.557,0.984241,-28.693,0,1575.84,39.465,-0,-270.111,120.679,120.679,2.35114,10,0,0,-0.0182063,-0,0.0363056,0,1
18.6,-35.4503,0,2402.47,-5.35456,0,210.506,0,0,0,0.999835,0,-0.0181545,0,0,-0.000535073,0,87.5522,0.984218,-28.6982,0,1575.9,39.4723,-0,-270.185,120.674,120.674,2.35104,10,0,0,-0.018209,-0,0.0363109,0,1
18.61,-35.5039,0,2404.58,-5.35874,0,210.557,0,0,0,0.999835,0,-0.0181571,0,0,-0.000534896,0,87.5474,0.984194,-28.7035,0,1575.96,39.4796,-0,-270.258,120.67,120.67,2.35095,10,0,0,-0.0182116,-0,0.0363163,0,1
18.62,-35.5575,0,2406.68,-5.36293,0,210.608,0,0,0,0.999835,0,-0.0181598,0,0,-0.000534718,0,87.5426,0.984171,-28.7088,0,1576.02,39.4869,-0,-270.331,120.666,120.666,2.35085,10,0,0,-0.0182143,-0,0.0363216,0,1
18.63,-35.6111,0,2408.79,-5.36711,0,210.659,0,0,0,0.999835,0,-0.0181625,0,0,-0.00053454,0,87.5378,0.984147,-28.714,0,1576.07,39.4942,-0,-270.404,120.662,120.662,2.35076,10,0,0,-0.0182169,-0,0.036327,0,1
18.64,-35.6648,0,2410.9,-5.3713,0,210.71,0,0,0,0.999835,0,-0.0181652,0,0,-0.000534362,0,87.533,0.984124,-28.7193,0,1576.13,39.5015,-0,-270.477,120.658,120.658,2.35066,10,0,0,-0.0182196,-0,0.0363323,0,1
18.65,-35.7186,0,2413.01,-5.37549,0,210.761,0,0,0,0.999835,0,-0.0181678,0,0,-0.000534184,0,87.5282,0.9841,-28.7245,0,1576.19,39.5088,-0,-270.551,120.654,120.654,2.35056,10,0,0,-0.0182222,-0,0.0363377,0,1
18.66,-35.7723,0,2415.11,-5.37968,0,210.812,0,0,0,0.999835,0,-0.0181705,0,0,-0.000534006,0,87.5234,0.984076,-28.7298,0,1576.25,39.516,-0,-270.624,120.65,120.65,2.35047,10,0,0,-0.0182249,-0,0.036343,0,1
18.67,-35.8262,0,2417.22,-5.38387,0,210.863,0,0,0,0.999835,0,-0.0181732,0,0,-0.000533828,0,87.5186,0.984053,-28.735,0,1576.31,39.5233,-0,-270.697,120.646,120.646,2.35037,10,0,0,-0.0182275,-0,0.0363483,0,1
18.68,-35.88,0,2419.33,-5.38806,0,210.914,0,0,0,0.999835,0,-0.0181758,0,0,-0.00053365,0,87.5138,0.984029,-28.7403,0,1576.37,39.5306,-0,-270.77,120.642,120.642,2.35028,10,0,0,-0.0182302,-0,0.0363537,0,1
18.69,-35.9339,0,2421.44,-5.39225,0,210.965,0,0,0,0.999835,0,-0.0181785,0,0,-0.000533472,0,87.509,0.984006,-28.7456,0,1576.43,39.5379,-0,-270.843,120.638,120.638,2.35018,10,0,0,-0.0182329,-0,0.036359,0,1
18.7,-35.9879,0,2423.55,-5.39644,0,211.017,0,0,0,0.999835,0,-0.0181812,0,0,-0.000533294,0,87.5042,0.983982,-28.7508,0,1576.49,39.5452,-0,-270.917,120.634,120.634,2.35008,10,0,0,-0.0182355,-0,0.0363643,0,1
18.71,-36.0418,0,2425.66,-5.40063,0,211.068,0,0,0,0.999835,0,-0.0181838,0,0,-0.000533116,0,87.4994,0.983959,-28.7561,0,1576.55,39.5524,-0,-270.99,120.63,120.63,2.34999,10,0,0,-0.0182381,-0,0.0363697,0,1
18.72,-36.0959,0,2427.77,-5.40482,0,211.119,0,0,0,0.999835,0,-0.0181865,0,0,-0.000532937,0,87.4946,0.983935,-28.7613,0,1576.61,39.5597,-0,-271.063,120.626,120.626,2.34989,10,0,0,-0.0182408,-0,0.036375,0,1
18.73,-36.1499,0,2429.88,-5.40902,0,211.17,0,0,0,0.999835,0,-0.0181892,0,0,-0.000532759,0,87.4898,0.983911,-28.7666,0,1576.66,39.567,-0,-271.136,120.622,120.622,2.3498,10,0,0,-0.0182434,-0,0.0363803,0,1
18.74,-36.2041,0,2431.99,-5.41321,0,211.221,0,0,0,0.999835,0,-0.0181918,0,0,-0.00053258,0,87.485,0.983888,-28.7718,0,1576.72,39.5743,-0,-271.209,120.618,120.618,2.3497,10,0,0,-0.0182461,-0,0.0363857,0,1
18.75,-36.2582,0,2434.11,-5.41741,0,211.272,0,0,0,0.999834,0,-0.0181945,0,0,-0.000532402,0,87.4802,0.983864,-28.7771,0,1576.78,39.5815,-0,-271.282,120.614,120.614,2.3496,10,0,0,-0.0182487,-0,0.036391,0,1
18.76,-36.3124,0,2436.22,-5.4216,0,211.323,0,0,0,0.999834,0,-0.0181971,0,0,-0.000532223,0,87.4754,0.983841,-28.7823,0,1576.84,39.5888,-0,-271.355,120.61,120.61,2.34951,10,0,0,-0.0182514,-0,0.0363963,0,1
18.77,-36.3666,0,2438.33,-5.4258,0,211.374,0,0,0,0.999834,0,-0.0181998,0,0,-0.000532044,0,87.4706,0.983817,-28.7876,0,1576.9,39.5961,-0,-271.428,120.606,120.606,2.34941,10,0,0,-0.018254,-0,0.0364016,0,1
18.78,-36.4209,0,2440.45,-5.42999,0,211.425,0,0,0,0.999834,0,-0.0182025,0,0,-0.000531866,0,87.4658,0.983794,-28.7928,0,1576.96,39.6033,-0,-271.501,120.602,120.602,2.34932,10,0,0,-0.0182567,-0,0.0364069,0,1
18.79,-36.4752,0,2442.56,-5.43419,0,211.476,0,0,0,0.999834,0,-0.0182051,0,0,-0.000531687,0,87.461,0.98377,-28.798,0,1577.02,39.6106,-0,-271.574,120.598,120.598,2.34922,10,0,0,-0.0182593,-0,0.0364123,0,1
18.8,-36.5296,0,2444.68,-5.43839,0,211.527,0,0,0,0.999834,0,-0.0182078,0,0,-0.000531508,0,87.4562,0.983746,-28.8033,0,1577.08,39.6178,-0,-271.647,120.594,120.594,2.34912,10,0,0,-0.0182619,-0,0.0364176,0,1
18.81,-36.584,0,2446.79,-5.44259,0,211.578,0,0,0,0.999834,0,-0.0182104,0,0,-0.000531329,0,87.4514,0.983723,-28.8085,0,1577.14,39.6251,-0,-271.72,120.59,120.59,2.34903,10,0,0,-0.0182646,-0,0.0364229,0,1
18.82,-36.6385,0,2448.91,-5.44679,0,211.63,0,0,0,0.999834,0,-0.0182131,0,0,-0.00053115,0,87.4466,0.983699,-28.8138,0,1577.2,39.6324,-0,-271.793,120.586,120.586,2.34893,10,0,0,-0.0182672,-0,0.0364282,0,1
18.83,-36.6929,0,2451.02,-5.45099,0,211.681,0,0,0,0.999834,0,-0.0182158,0,0,-0.000530971,0,87.4418,0.983676,-28.819,0,1577.25,39.6396,-0,-271.866,120.582,120.582,2.34884,10,0,0,-0.0182699,-0,0.0364335,0,1
18.84,-36.7475,0,2453.14,-5.45519,0,211.732,0,0,0,0.999834,0,-0.0182184,0,0,-0.000530791,0,87.437,0.983652,-28.8242,0,1577.31,39.6469,-0,-271.939,120.578,120.578,2.34874,10,0,0,-0.0182725,-0,0.0364388,0,1
18.85,-36.802,0,2455.26,-5.4594,0,211.783,0,0,0,0.999834,0,-0.0182211,0,0,-0.000530612,0,87.4322,0.983629,-28.8295,0,1577.37,39.6541,-0,-272.012,120.574,120.574,2.34864,10,0,0,-0.0182751,-0,0.0364441,0,1
18.86,-36.8567,0,2457.38,-5.4636,0,211.834,0,0,0,0.999834,0,-0.0182237,0,0,-0.000530433,0,87.4274,0.983605,-28.8347,0,1577.43,39.6614,-0,-272.085,120.57,120.57,2.34855,10,0,0,-0.0182778,-0,0.0364494,0,1
18.87,-36.9113,0,2459.5,-5.4678,0,211.885,0,0,0,0.999834,0,-0.0182264,0,0,-0.000530254,0,87.4226,0.983581,-28.84,0,1577.49,39.6686,-0,-272.158,120.566,120.566,2.34845,10,0,0,-0.0182804,-0,0.0364547,0,1
18.88,-36.966,0,2461.62,-5.47201,0,211.936,0,0,0,0.999834,0,-0.018229,0,0,-0.000530074,0,87.4178,0.983558,-28.8452,0,1577.55,39.6759,-0,-272.231,120.562,120.562,2.34836,10,0,0,-0.018283,-0,0.03646,0,1
18.89,-37.0208,0,2463.74,-5.47621,0,211.988,0,0,0,0.999834,0,-0.0182317,0,0,-0.000529895,0,87.413,0.983534,-28.8504,0,1577.61,39.6831,-0,-272.304,120.558,120.558,2.34826,10,0,0,-0.0182857,-0,0.0364653,0,1
18.9,-37.0755,0,2465.86,-5.48042,0,212.039,0,0,0,0.999834,0,-0.0182343,0,0,-0.000529715,0,87.4082,0.983511,-28.8557,0,1577.67,39.6904,-0,-272.377,120.554,120.554,2.34816,10,0,0,-0.0182883,-0,0.0364706,0,1
18.91,-37.1304,0,2467.98,-5.48463,0,212.09,0,0,0,0.999834,0,-0.018237,0,0,-0.000529535,0,87.4034,0.983487,-28.8609,0,1577.73,39.6976,-0,-272.45,120.55,120.55,2.34807,10,0,0,-0.0182909,-0,0.0364759,0,1
18.92,-37.1852,0,2470.1,-5.48883,0,212.141,0,0,0,0.999834,0,-0.0182396,0,0,-0.000529356,0,87.3986,0.983463,-28.8661,0,1577.79,39.7049,-0,-272.523,120.546,120.546,2.34797,10,0,0,-0.0182936,-0,0.0364812,0,1
18.93,-37.2401,0,2472.22,-5.49304,0,212.192,0,0,0,0.999834,0,-0.0182423,0,0,-0.000529176,0,87.3938,0.98344,-28.8713,0,1577.85,39.7121,-0,-272.595,120.542,120.542,2.34788,10,0,0,-0.0182962,-0,0.0364865,0,1
18.94,-37.2951,0,2474.34,-5.49725,0,212.244,0,0,0,0.999834,0,-0.0182449,0,0,-0.000528996,0,87.389,0.983416,-28.8766,0,1577.9,39.7194,-0,-272.668,120.538,120.538,2.34778,10,0,0,-0.0182988,-0,0.0364918,0,1
18.95,-37.3501,0,2476.46,-5.50146,0,212.295,0,0,0,0.999833,0,-0.0182475,0,0,-0.000528816,0,87.3842,0.983393,-28.8818,0,1577.96,39.7266,-0,-272.741,120.534,120.534,2.34768,10,0,0,-0.0183014,-0,0.0364971,0,1
18.96,-37.4051,0,2478.59,-5.50567,0,212.346,0,0,0,0.999833,0,-0.0182502,0,0,-0.000528636,0,87.3794,0.983369,-28.887,0,1578.02,39.7338,-0,-272.814,120.53,120.53,2.34759,10,0,0,-0.0183041,-0,0.0365024,0,1
18.97,-37.4602,0,2480.71,-5.50988,0,212.397,0,0,0,0.999833,0,-0.0182528,0,0,-0.000528456,0,87.3746,0.983345,-28.8923,0,1578.08,39.7411,-0,-272.887,120.526,120.526,2.34749,10,0,0,-0.0183067,-0,0.0365077,0,1
18.98,-37.5153,0,2482.83,-5.51409,0,212.448,0,0,0,0.999833,0,-0.0182555,0,0,-0.000528276,0,87.3698,0.983322,-28.8975,0,1578.14,39.7483,-0,-272.96,120.522,120.522,2.3474,10,0,0,-0.0183093,-0,0.036513,0,1
18.99,-37.5705,0,2484.96,-5.51831,0,212.5,0,0,0,0.999833,0,-0.0182581,0,0,-0.000528096,0,87.365,0.983298,-28.9027,0,1578.2,39.7555,-0,-273.032,120.518,120.518,2.3473,10,0,0,-0.0183119,-0,0.0365182,0,1
19,-37.6257,0,2487.08,-5.52252,0,212.551,0,0,0,0.999833,0,-0.0182607,0,0,-0.000527915,0,87.3602,0.983275,-28.9079,0,1578.26,39.7628,-0,-273.105,120.514,120.514,2.3472,10,0,0,-0.0183146,-0,0.0365235,0,1
19.01,-37.6809,0,2489.21,-5.52673,0,212.602,0,0,0,0.999833,0,-0.0182634,0,0,-0.000527735,0,87.3554,0.983251,-28.9131,0,1578.32,39.77,-0,-273.178,120.51,120.51,2.34711,10,0,0,-0.0183172,-0,0.0365288,0,1
19.02,-37.7362,0,2491.34,-5.53095,0,212.653,0,0,0,0.999833,0,-0.018266,0,0,-0.000527555,0,87.3506,0.983227,-28.9184,0,1578.38,39.7772,-0,-273.251,120.506,120.506,2.34701,10,0,0,-0.0183198,-0,0.0365341,0,1
19.03,-37.7916,0,2493.46,-5.53516,0,212.705,0,0,0,0.999833,0,-0.0182687,0,0,-0.000527374,0,87.3458,0.983204,-28.9236,0,1578.44,39.7845,-0,-273.323,120.502,120.502,2.34692,10,0,0,-0.0183224,-0,0.0365394,0,1
19.04,-37.8469,0,2495.59,-5.53938,0,212.756,0,0,0,0.999833,0,-0.0182713,0,0,-0.000527194,0,87.341,0.98318,-28.9288,0,1578.49,39.7917,-0,-273.396,120.498,120.498,2.34682,10,0,0,-0.018325,-0,0.0365446,0,1
19.05,-37.9023,0,2497.72,-5.5436,0,212.807,0,0,0,0.999833,0,-0.0182739,0,0,-0.000527013,0,87.3362,0.983157,-28.934,0,1578.55,39.7989,-0,-273.469,120.494,120.494,2.34672,10,0,0,-0.0183276,-0,0.0365499,0,1
19.06,-37.9578,0,2499.85,-5.54781,0,212.859,0,0,0,0.999833,0,-0.0182766,0,0,-0.000526832,0,87.3314,0.983133,-28.9392,0,1578.61,39.8061,-0,-273.541,120.49,120.49,2.34663,10,0,0,-0.0183303,-0,0.0365552,0,1
19.07,-38.0133,0,2501.98,-5.55203,0,212.91,0,0,0,0.999833,0,-0.0182792,0,0,-0.000526652,0,87.3266,0.983109,-28.9444,0,1578.67,39.8133,-0,-273.614,120.486,120.486,2.34653,10,0,0,-0.0183329,-0,0.0365604,0,1
19.08,-38.0688,0,2504.11,-5.55625,0,212.961,0,0,0,0.999833,0,-0.0182818,0,0,-0.000526471,0,87.3218,0.983086,-28.9496,0,1578.73,39.8206,-0,-273.687,120.482,120.482,2.34644,10,0,0,-0.0183355,-0,0.0365657,0,1
19.09,-38.1244,0,2506.23,-5.56047,0,213.012,0,0,0,0.999833,0,-0.0182845,0,0,-0.00052629,0,87.317,0.983062,-28.9549,0,1578.79,39.8278,-0,-273.759,120.478,120.478,2.34634,10,0,0,-0.0183381,-0,0.036571,0,1
19.1,-38.18,0,2508.37,-5.56469,0,213.064,0,0,0,0.999833,0,-0.0182871,0,0,-0.000526109,0,87.3122,0.983038,-28.9601,0,1578.85,39.835,-0,-273.832,120.474,120.474,2.34624,10,0,0,-0.0183407,-0,0.0365762,0,1
19.11,-38.2357,0,2510.5,-5.56891,0,213.115,0,0,0,0.999833,0,-0.0182897,0,0,-0.000525928,0,87.3074,0.983015,-28.9653,0,1578.91,39.8422,-0,-273.905,120.47,120.47,2.34615,10,0,0,-0.0183433,-0,0.0365815,0,1
19.12,-38.2914,0,2512.63,-5.57314,0,213.166,0,0,0,0.999833,0,-0.0182924,0,0,-0.000525747,0,87.3026,0.982991,-28.9705,0,1578.97,39.8494,-0,-273.977,120.466,120.466,2.34605,10,0,0,-0.0183459,-0,0.0365867,0,1
19.13,-38.3472,0,2514.76,-5.57736,0,213.218,0,0,0,0.999833,0,-0.018295,0,0,-0.000525566,0,87.2978,0.982968,-28.9757,0,1579.03,39.8566,-0,-274.05,120.462,120.462,2.34596,10,0,0,-0.0183486,-0,0.036592,0,1
19.14,-38.403,0,2516.89,-5.58158,0,213.269,0,0,0,0.999833,0,-0.0182976,0,0,-0.000525385,0,87.293,0.982944,-28.9809,0,1579.09,39.8638,-0,-274.123,120.458,120.458,2.34586,10,0,0,-0.0183512,-0,0.0365973,0,1
19.15,-38.4588,0,2519.02,-5.58581,0,213.32,0,0,0,0.999833,0,-0.0183002,0,0,-0.000525203,0,87.2882,0.98292,-28.9861,0,1579.14,39.8711,-0,-274.195,120.454,120.454,2.34576,10,0,0,-0.0183538,-0,0.0366025,0,1
19.16,-38.5147,0,2521.16,-5.59003,0,213.372,0,0,0,0.999832,0,-0.0183029,0,0,-0.000525022,0,87.2834,0.982897,-28.9913,0,1579.2,39.8783,-0,-274.268,120.45,120.45,2.34567,10,0,0,-0.0183564,-0,0.0366078,0,1
19.17,-38.5706,0,2523.29,-5.59426,0,213.423,0,0,0,0.999832,0,-0.0183055,0,0,-0.00052484,0,87.2786,0.982873,-28.9965,0,1579.26,39.8855,-0,-274.34,120.446,120.446,2.34557,10,0,0,-0.018359,-0,0.036613,0,1
19.18,-38.6266,0,2525.43,-5.59848,0,213.474,0,0,0,0.999832,0,-0.0183081,0,0,-0.000524659,0,87.2738,0.982849,-29.0017,0,1579.32,39.8927,-0,-274.413,120.442,120.442,2.34548,10,0,0,-0.0183616,-0,0.0366183,0,1
19.19,-38.6826,0,2527.56,-5.60271,0,213.526,0,0,0,0.999832,0,-0.0183107,0,0,-0.000524477,0,87.269,0.982826,-29.0069,0,1579.38,39.8999,-0,-274.485,120.438,120.438,2.34538,10,0,0,-0.0183642,-0,0.0366235,0,1
19.2,-38.7386,0,2529.7,-5.60694,0,213.577,0,0,0,0.999832,0,-0.0183133,0,0,-0.000524296,0,87.2642,0.982802,-29.0121,0,1579.44,39.9071,-0,-274.558,120.434,120.434,2.34528,10,0,0,-0.0183668,-0,0.0366287,0,1
19.21,-38.7947,0,2531.83,-5.61117,0,213.629,0,0,0,0.999832,0,-0.018316,0,0,-0.000524114,0,87.2594,0.982778,-29.0173,0,1579.5,39.9143,-0,-274.63,120.43,120.43,2.34519,10,0,0,-0.0183694,-0,0.036634,0,1
19.22,-38.8509,0,2533.97,-5.6154,0,213.68,0,0,0,0.999832,0,-0.0183186,0,0,-0.000523932,0,87.2546,0.982755,-29.0225,0,1579.56,39.9215,-0,-274.703,120.426,120.426,2.34509,10,0,0,-0.018372,-0,0.0366392,0,1
19.23,-38.907,0,2536.11,-5.61963,0,213.731,0,0,0,0.999832,0,-0.0183212,0,0,-0.000523751,0,87.2498,0.982731,-29.0277,0,1579.62,39.9287,-0,-274.775,120.422,120.422,2.345,10,0,0,-0.0183746,-0,0.0366445,0,1
19.24,-38.9632,0,2538.24,-5.62386,0,213.783,0,0,0,0.999832,0,-0.0183238,0,0,-0.000523569,0,87.245,0.982708,-29.0329,0,1579.68,39.9359,-0,-274.848,120.418,120.418,2.3449,10,0,0,-0.0183772,-0,0.0366497,0,1
19.25,-39.0195,0,2540.38,-5.62809,0,213.834,0,0,0,0.999832,0,-0.0183264,0,0,-0.000523387,0,87.2402,0.982684,-29.0381,0,1579.74,39.943,-0,-274.92,120.414,120.414,2.3448,10,0,0,-0.0183798,-0,0.0366549,0,1
19.26,-39.0758,0,2542.52,-5.63232,0,213.886,0,0,0,0.999832,0,-0.0183291,0,0,-0.000523205,0,87.2354,0.98266,-29.0433,0,1579.79,39.9502,-0,-274.993,120.41,120.41,2.34471,10,0,0,-0.0183824,-0,0.0366602,0,1
19.27,-39.1322,0,2544.66,-5.63656,0,213.937,0,0,0,0.999832,0,-0.0183317,0,0,-0.000523023,0,87.2306,0.982637,-29.0485,0,1579.85,39.9574,-0,-275.065,120.406,120.406,2.34461,10,0,0,-0.018385,-0,0.0366654,0,1
19.28,-39.1885,0,2546.8,-5.64079,0,213.988,0,0,0,0.999832,0,-0.0183343,0,0,-0.000522841,0,87.2258,0.982613,-29.0537,0,1579.91,39.9646,-0,-275.138,120.402,120.402,2.34452,10,0,0,-0.0183876,-0,0.0366706,0,1
19.29,-39.245,0,2548.94,-5.64502,0,214.04,0,0,0,0.999832,0,-0.0183369,0,0,-0.000522658,0,87.221,0.982589,-29.0588,0,1579.97,39.9718,-0,-275.21,120.398,120.398,2.34442,10,0,0,-0.0183902,-0,0.0366759,0,1
19.3,-39.3014,0,2551.08,-5.64926,0,214.091,0,0,0,0.999832,0,-0.0183395,0,0,-0.000522476,0,87.2162,0.982566,-29.064,0,1580.03,39.979,-0,-275.282,120.394,120.394,2.34432,10,0,0,-0.0183928,-0,0.0366811,0,1
19.31,-39.358,0,2553.22,-5.65349,0,214.143,0,0,0,0.999832,0,-0.0183421,0,0,-0.000522294,0,87.2114,0.982542,-29.0692,0,1580.09,39.9862,-0,-275.355,120.39,120.39,2.34423,10,0,0,-0.0183954,-0,0.0366863,0,1
19.32,-39.4145,0,2555.36,-5.65773,0,214.194,0,0,0,0.999832,0,-0.0183447,0,0,-0.000522111,0,87.2066,0.982518,-29.0744,0,1580.15,39.9933,-0,-275.427,120.386,120.386,2.34413,10,0,0,-0.018398,-0,0.0366915,0,1
19.33,-39.4711,0,2557.51,-5.66197,0,214.246,0,0,0,0.999832,0,-0.0183473,0,0,-0.000521929,0,87.2018,0.982495,-29.0796,0,1580.21,40.0005,-0,-275.499,120.382,120.382,2.34404,10,0,0,-0.0184006,-0,0.0366967,0,1
19.34,-39.5277,0,2559.65,-5.66621,0,214.297,0,0,0,0.999832,0,-0.01835,0,0,-0.000521746,0,87.197,0.982471,-29.0848,0,1580.27,40.0077,-0,-275.572,120.378,120.378,2.34394,10,0,0,-0.0184032,-0,0.036702,0,1
19.35,-39.5844,0,2561.79,-5.67045,0,214.349,0,0,0,0.999832,0,-0.0183526,0,0,-0.000521564,0,87.1922,0.982447,-29.09,0,1580.33,40.0149,-0,-275.644,120.374,120.374,2.34384,10,0,0,-0.0184057,-0,0.0367072,0,1
19.36,-39.6412,0,2563.94,-5.67469,0,214.4,0,0,0,0.999832,0,-0.0183552,0,0,-0.000521381,0,87.1874,0.982424,-29.0951,0,1580.39,40.0221,-0,-275.716,120.37,120.37,2.34375,10,0,0,-0.0184083,-0,0.0367124,0,1
19.37,-39.6979,0,2566.08,-5.67893,0,214.452,0,0,0,0.999831,0,-0.0183578,0,0,-0.000521198,0,87.1826,0.9824,-29.1003,0,1580.44,40.0292,-0,-275.789,120.366,120.366,2.34365,10,0,0,-0.0184109,-0,0.0367176,0,1
19.38,-39.7547,0,2568.22,-5.68317,0,214.503,0,0,0,0.999831,0,-0.0183604,0,0,-0.000521015,0,87.1778,0.982376,-29.1055,0,1580.5,40.0364,-0,-275.861,120.362,120.362,2.34356,10,0,0,-0.0184135,-0,0.0367228,0,1
19.39,-39.8116,0,2570.37,-5.68741,0,214.555,0,0,0,0.999831,0,-0.018363,0,0,-0.000520832,0,87.173,0.982353,-29.1107,0,1580.56,40.0436,-0,-275.933,120.358,120.358,2.34346,10,0,0,-0.0184161,-0,0.036728,0,1
19.4,-39.8685,0,2572.52,-5.69165,0,214.606,0,0,0,0.999831,0,-0.0183656,0,0,-0.000520649,0,87.1682,0.982329,-29.1159,0,1580.62,40.0507,-0,-276.006,120.354,120.354,2.34336,10,0,0,-0.0184187,-0,0.0367332,0,1
19.41,-39.9254,0,2574.66,-5.69589,0,214.658,0,0,0,0.999831,0,-0.0183682,0,0,-0.000520466,0,87.1634,0.982305,-29.121,0,1580.68,40.0579,-0,-276.078,120.35,120.35,2.34327,10,0,0,-0.0184213,-0,0.0367384,0,1
19.42,-39.9824,0,2576.81,-5.70014,0,214.709,0,0,0,0.999831,0,-0.0183708,0,0,-0.000520283,0,87.1586,0.982282,-29.1262,0,1580.74,40.0651,-0,-276.15,120.346,120.346,2.34317,10,0,0,-0.0184239,-0,0.0367436,0,1
19.43,-40.0394,0,2578.96,-5.70438,0,214.761,0,0,0,0.999831,0,-0.0183734,0,0,-0.0005201,0,87.1538,0.982258,-29.1314,0,1580.8,40.0722,-0,-276.222,120.342,120.342,2.34308,10,0,0,-0.0184264,-0,0.0367488,0,1
19.44,-40.0965,0,2581.1,-5.70863,0,214.812,0,0,0,0.999831,0,-0.018376,0,0,-0.000519917,0,87.149,0.982234,-29.1365,0,1580.86,40.0794,-0,-276.294,120.338,120.338,2.34298,10,0,0,-0.018429,-0,0.036754,0,1
19.45,-40.1536,0,2583.25,-5.71288,0,214.864,0,0,0,0.999831,0,-0.0183786,0,0,-0.000519734,0,87.1442,0.982211,-29.1417,0,1580.92,40.0866,-0,-276.367,120.334,120.334,2.34288,10,0,0,-0.0184316,-0,0.0367592,0,1
19.46,-40.2107,0,2585.4,-5.71712,0,214.915,0,0,0,0.999831,0,-0.0183812,0,0,-0.00051955,0,87.1394,0.982187,-29.1469,0,1580.98,40.0937,-0,-276.439,120.33,120.33,2.34279,10,0,0,-0.0184342,-0,0.0367644,0,1
19.47,-40.2679,0,2587.55,-5.72137,0,214.967,0,0,0,0.999831,0,-0.0183838,0,0,-0.000519367,0,87.1346,0.982163,-29.1521,0,1581.04,40.1009,-0,-276.511,120.326,120.326,2.34269,10,0,0,-0.0184368,-0,0.0367696,0,1
19.48,-40.3252,0,2589.7,-5.72562,0,215.018,0,0,0,0.999831,0,-0.0183864,0,0,-0.000519183,0,87.1298,0.98214,-29.1572,0,1581.09,40.108,-0,-276.583,120.322,120.322,2.3426,10,0,0,-0.0184393,-0,0.0367748,0,1
19.49,-40.3825,0,2591.85,-5.72987,0,215.07,0,0,0,0.999831,0,-0.018389,0,0,-0.000519,0,87.125,0.982116,-29.1624,0,1581.15,40.1152,-0,-276.655,120.318,120.318,2.3425,10,0,0,-0.0184419,-0,0.03678,0,1
19.5,-40.4398,0,2594,-5.73412,0,215.122,0,0,0,0.999831,0,-0.0183916,0,0,-0.000518816,0,87.1202,0.982092,-29.1676,0,1581.21,40.1223,-0,-276.727,120.314,120.314,2.3424,10,0,0,-0.0184445,-0,0.0367852,0,1
19.51,-40.4971,0,2596.15,-5.73837,0,215.173,0,0,0,0.999831,0,-0.0183942,0,0,-0.000518632,0,87.1154,0.982069,-29.1727,0,1581.27,40.1295,-0,-276.799,120.31,120.31,2.34231,10,0,0,-0.0184471,-0,0.0367904,0,1
19.52,-40.5545,0,2598.31,-5.74262,0,215.225,0,0,0,0.999831,0,-0.0183968,0,0,-0.000518449,0,87.1106,0.982045,-29.1779,0,1581.33,40.1366,-0,-276.872,120.306,120.306,2.34221,10,0,0,-0.0184496,-0,0.0367956,0,1
19.53,-40.612,0,2600.46,-5.74687,0,215.276,0,0,0,0.999831,0,-0.0183993,0,0,-0.000518265,0,87.1058,0.982021,-29.183,0,1581.39,40.1438,-0,-276.944,120.302,120.302,2.34212,10,0,0,-0.0184522,-0,0.0368008,0,1
19.54,-40.6695,0,2602.61,-5.75112,0,215.328,0,0,0,0.999831,0,-0.0184019,0,0,-0.000518081,0,87.101,0.981998,-29.1882,0,1581.45,40.1509,-0,-277.016,120.298,120.298,2.34202,10,0,0,-0.0184548,-0,0.0368059,0,1
19.55,-40.727,0,2604.76,-5.75538,0,215.38,0,0,0,0.999831,0,-0.0184045,0,0,-0.000517897,0,87.0962,0.981974,-29.1934,0,1581.51,40.1581,-0,-277.088,120.294,120.294,2.34192,10,0,0,-0.0184574,-0,0.0368111,0,1
19.56,-40.7846,0,2606.92,-5.75963,0,215.431,0,0,0,0.999831,0,-0.0184071,0,0,-0.000517713,0,87.0914,0.98195,-29.1985,0,1581.57,40.1652,-0,-277.16,120.29,120.29,2.34183,10,0,0,-0.0184599,-0,0.0368163,0,1
19.57,-40.8422,0,2609.07,-5.76389,0,215.483,0,0,0,0.999831,0,-0.0184097,0,0,-0.000517529,0,87.0866,0.981926,-29.2037,0,1581.63,40.1724,-0,-277.232,120.286,120.286,2.34173,10,0,0,-0.0184625,-0,0.0368215,0,1
19.58,-40.8999,0,2611.23,-5.76814,0,215.534,0,0,0,0.99983,0,-0.0184123,0,0,-0.000517345,0,87.0818,0.981903,-29.2088,0,1581.69,40.1795,-0,-277.304,120.282,120.282,2.34164,10,0,0,-0.0184651,-0,0.0368267,0,1
19.59,-40.9576,0,2613.38,-5.7724,0,215.586,0,0,0,0.99983,0,-0.0184149,0,0,-0.000517161,0,87.077,0.981879,-29.214,0,1581.74,40.1866,-0,-277.376,120.278,120.278,2.34154,10,0,0,-0.0184676,-0,0.0368318,0,1
19.6,-41.0153,0,2615.54,-5.77666,0,215.638,0,0,0,0.99983,0,-0.0184175,0,0,-0.000516976,0,87.0722,0.981855,-29.2191,0,1581.8,40.1938,-0,-277.448,120.274,120.274,2.34144,10,0,0,-0.0184702,-0,0.036837,0,1
19.61,-41.0731,0,2617.7,-5.78091,0,215.689,0,0,0,0.99983,0,-0.01842,0,0,-0.000516792,0,87.0674,0.981832,-29.2243,0,1581.86,40.2009,-0,-277.52,120.27,120.27,2.34135,10,0,0,-0.0184728,-0,0.0368422,0,1
19.62,-41.1309,0,2619.85,-5.78517,0,215.741,0,0,0,0.99983,0,-0.0184226,0,0,-0.000516607,0,87.0626,0.981808,-29.2294,0,1581.92,40.2081,-0,-277.592,120.266,120.266,2.34125,10,0,0,-0.0184753,-0,0.0368473,0,1
19.63,-41.1888,0,2622.01,-5.78943,0,215.793,0,0,0,0.99983,0,-0.0184252,0,0,-0.000516423,0,87.0578,0.981784,-29.2346,0,1581.98,40.2152,-0,-277.664,120.262,120.262,2.34116,10,0,0,-0.0184779,-0,0.0368525,0,1
19.64,-41.2467,0,2624.17,-5.79369,0,215.844,0,0,0,0.99983,0,-0.0184278,0,0,-0.000516238,0,87.053,0.981761,-29.2397,0,1582.04,40.2223,-0,-277.736,120.258,120.258,2.34106,10,0,0,-0.0184805,-0,0.0368577,0,1
19.65,-41.3047,0,2626.33,-5.79795,0,215.896,0,0,0,0.99983,0,-0.0184304,0,0,-0.000516054,0,87.0482,0.981737,-29.2449,0,1582.1,40.2294,-0,-277.808,120.254,120.254,2.34096,10,0,0,-0.018483,-0,0.0368628,0,1
19.66,-41.3627,0,2628.49,-5.80221,0,215.948,0,0,0,0.99983,0,-0.0184329,0,0,-0.000515869,0,87.0434,0.981713,-29.25,0,1582.16,40.2366,-0,-277.879,120.25,120.25,2.34087,10,0,0,-0.0184856,-0,0.036868,0,1
19.67,-41.4207,0,2630.65,-5.80648,0,215.999,0,0,0,0.99983,0,-0.0184355,0,0,-0.000515684,0,87.0386,0.981689,-29.2552,0,1582.22,40.2437,-0,-277.951,120.246,120.246,2.34077,10,0,0,-0.0184881,-0,0.0368731,0,1
19.68,-41.4788,0,2632.81,-5.81074,0,216.051,0,0,0,0.99983,0,-0.0184381,0,0,-0.000515499,0,87.0338,0.981666,-29.2603,0,1582.28,40.2508,-0,-278.023,120.242,120.242,2.34068,10,0,0,-0.0184907,-0,0.0368783,0,1
19.69,-41.5369,0,2634.97,-5.815,0,216.103,0,0,0,0.99983,0,-0.0184407,0,0,-0.000515315,0,87.029,0.981642,-29.2655,0,1582.34,40.2579,-0,-278.095,120.238,120.238,2.34058,10,0,0,-0.0184933,-0,0.0368835,0,1
19.7,-41.5951,0,2637.13,-5.81927,0,216.154,0,0,0,0.99983,0,-0.0184433,0,0,-0.00051513,0,87.0242,0.981618,-29.2706,0,1582.39,40.2651,-0,-278.167,120.234,120.234,2.34048,10,0,0,-0.0184958,-0,0.0368886,0,1
19.71,-41.6533,0,2639.29,-5.82353,0,216.206,0,0,0,0.99983,0,-0.0184458,0,0,-0.000514945,0,87.0194,0.981595,-29.2758,0,1582.45,40.2722,-0,-278.239,120.23,120.23,2.34039,10,0,0,-0.0184984,-0,0.0368938,0,1
19.72,-41.7116,0,2641.45,-5.8278,0,216.258,0,0,0,0.99983,0,-0.0184484,0,0,-0.000514759,0,87.0146,0.981571,-29.2809,0,1582.51,40.2793,-0,-278.311,120.226,120.226,2.34029,10,0,0,-0.0185009,-0,0.0368989,0,1
19.73,-41.7699,0,2643.62,-5.83206,0,216.31,0,0,0,0.99983,0,-0.018451,0,0,-0.000514574,0,87.0098,0.981547,-29.286,0,1582.57,40.2864,-0,-278.382,120.222,120.222,2.3402,10,0,0,-0.0185035,-0,0.0369041,0,1
19.74,-41.8282,0,2645.78,-5.83633,0,216.361,0,0,0,0.99983,0,-0.0184536,0,0,-0.000514389,0,87.005,0.981523,-29.2912,0,1582.63,40.2935,-0,-278.454,120.218,120.218,2.3401,10,0,0,-0.018506,-0,0.0369092,0,1
19.75,-41.8866,0,2647.94,-5.8406,0,216.413,0,0,0,0.99983,0,-0.0184561,0,0,-0.000514204,0,87.0002,0.9815,-29.2963,0,1582.69,40.3006,-0,-278.526,120.214,120.214,2.34,10,0,0,-0.0185086,-0,0.0369143,0,1
19.76,-41.945,0,2650.11,-5.84487,0,216.465,0,0,0,0.99983,0,-0.0184587,0,0,-0.000514018,0,86.9954,0.981476,-29.3014,0,1582.75,40.3078,-0,-278.598,120.21,120.21,2.33991,10,0,0,-0.0185111,-0,0.0369195,0,1
19.77,-42.0035,0,2652.27,-5.84914,0,216.517,0,0,0,0.99983,0,-0.0184613,0,0,-0.000513833,0,86.9906,0.981452,-29.3066,0,1582.81,40.3149,-0,-278.67,120.206,120.206,2.33981,10,0,0,-0.0185137,-0,0.0369246,0,1
19.78,-42.062,0,2654.44,-5.85341,0,216.568,0,0,0,0.99983,0,-0.0184638,0,0,-0.000513647,0,86.9858,0.981429,-29.3117,0,1582.87,40.322,-0,-278.741,120.202,120.202,2.33972,10,0,0,-0.0185162,-0,0.0369298,0,1
19.79,-42.1206,0,2656.6,-5.85768,0,216.62,0,0,0,0.999829,0,-0.0184664,0,0,-0.000513462,0,86.981,0.981405,-29.3168,0,1582.93,40.3291,-0,-278.813,120.198,120.198,2.33962,10,0,0,-0.0185188,-0,0.0369349,0,1
19.8,-42.1792,0,2658.77,-5.86195,0,216.672,0,0,0,0.999829,0,-0.018469,0,0,-0.000513276,0,86.9762,0.981381,-29.322,0,1582.99,40.3362,-0,-278.885,120.194,120.194,2.33952,10,0,0,-0.0185213,-0,0.03694,0,1
19.81,-42.2378,0,2660.94,-5.86622,0,216.724,0,0,0,0.999829,0,-0.0184715,0,0,-0.000513091,0,86.9714,0.981357,-29.3271,0,1583.05,40.3433,-0,-278.956,120.19,120.19,2.33943,10,0,0,-0.0185239,-0,0.0369452,0,1
19.82,-42.2965,0,2663.11,-5.8705,0,216.776,0,0,0,0.999829,0,-0.0184741,0,0,-0.000512905,0,86.9666,0.981334,-29.3322,0,1583.1,40.3504,-0,-279.028,120.186,120.186,2.33933,10,0,0,-0.0185264,-0,0.0369503,0,1
19.83,-42.3552,0,2665.27,-5.87477,0,216.827,0,0,0,0.999829,0,-0.0184767,0,0,-0.000512719,0,86.9618,0.98131,-29.3374,0,1583.16,40.3575,-0,-279.1,120.182,120.182,2.33924,10,0,0,-0.018529,-0,0.0369554,0,1
19.84,-42.414,0,2667.44,-5.87904,0,216.879,0,0,0,0.999829,0,-0.0184792,0,0,-0.000512533,0,86.957,0.981286,-29.3425,0,1583.22,40.3646,-0,-279.171,120.178,120.178,2.33914,10,0,0,-0.0185315,-0,0.0369605,0,1
19.85,-42.4728,0,2669.61,-5.88332,0,216.931,0,0,0,0.999829,0,-0.0184818,0,0,-0.000512347,0,86.9522,0.981262,-29.3476,0,1583.28,40.3717,-0,-279.243,120.174,120.174,2.33904,10,0,0,-0.0185341,-0,0.0369657,0,1
19.86,-42.5317,0,2671.78,-5.8876,0,216.983,0,0,0,0.999829,0,-0.0184843,0,0,-0.000512161,0,86.9474,0.981239,-29.3527,0,1583.34,40.3788,-0,-279.315,120.17,120.17,2.33895,10,0,0,-0.0185366,-0,0.0369708,0,1
19.87,-42.5905,0,2673.95,-5.89187,0,217.035,0,0,0,0.999829,0,-0.0184869,0,0,-0.000511975,0,86.9426,0.981215,-29.3579,0,1583.4,40.3859,-0,-279.386,120.166,120.166,2.33885,10,0,0,-0.0185392,-0,0.0369759,0,1
19.88,-42.6495,0,2676.12,-5.89615,0,217.086,0,0,0,0.999829,0,-0.0184895,0,0,-0.000511789,0,86.9378,0.981191,-29.363,0,1583.46,40.393,-0,-279.458,120.162,120.162,2.33876,10,0,0,-0.0185417,-0,0.036981,0,1
19.89,-42.7085,0,2678.29,-5.90043,0,217.138,0,0,0,0.999829,0,-0.018492,0,0,-0.000511602,0,86.933,0.981167,-29.3681,0,1583.52,40.4001,-0,-279.53,120.158,120.158,2.33866,10,0,0,-0.0185442,-0,0.0369861,0,1
19.9,-42.7675,0,2680.46,-5.90471,0,217.19,0,0,0,0.999829,0,-0.0184946,0,0,-0.000511416,0,86.9282,0.981144,-29.3732,0,1583.58,40.4071,-0,-279.601,120.154,120.154,2.33856,10,0,0,-0.0185468,-0,0.0369913,0,1
19.91,-42.8266,0,2682.64,-5.90899,0,217.242,0,0,0,0.999829,0,-0.0184971,0,0,-0.00051123,0,86.9234,0.98112,-29.3783,0,1583.64,40.4142,-0,-279.673,120.15,120.15,2.33847,10,0,0,-0.0185493,-0,0.0369964,0,1
19.92,-42.8857,0,2684.81,-5.91327,0,217.294,0,0,0,0.999829,0,-0.0184997,0,0,-0.000511043,0,86.9186,0.981096,-29.3835,0,1583.7,40.4213,-0,-279.744,120.146,120.146,2.33837,10,0,0,-0.0185518,-0,0.0370015,0,1
19.93,-42.9448,0,2686.98,-5.91755,0,217.346,0,0,0,0.999829,0,-0.0185022,0,0,-0.000510857,0,86.9138,0.981072,-29.3886,0,1583.76,40.4284,-0,-279.816,120.142,120.142,2.33828,10,0,0,-0.0185544,-0,0.0370066,0,1
19.94,-43.004,0,2689.16,-5.92183,0,217.398,0,0,0,0.999829,0,-0.0185048,0,0,-0.00051067,0,86.909,0.981049,-29.3937,0,1583.81,40.4355,-0,-279.887,120.138,120.138,2.33818,10,0,0,-0.0185569,-0,0.0370117,0,1
19.95,-43.0633,0,2691.33,-5.92611,0,217.449,0,0,0,0.999829,0,-0.0185073,0,0,-0.000510484,0,86.9042,0.981025,-29.3988,0,1583.87,40.4426,-0,-279.959,120.134,120.134,2.33808,10,0,0,-0.0185595,-0,0.0370168,0,1
19.96,-43.1226,0,2693.5,-5.9304,0,217.501,0,0,0,0.999829,0,-0.0185099,0,0,-0.000510297,0,86.8994,0.981001,-29.4039,0,1583.93,40.4496,-0,-280.03,120.13,120.13,2.33799,10,0,0,-0.018562,-0,0.0370219,0,1
19.97,-43.1819,0,2695.68,-5.93468,0,217.553,0,0,0,0.999829,0,-0.0185124,0,0,-0.00051011,0,86.8946,0.980977,-29.409,0,1583.99,40.4567,-0,-280.102,120.126,120.126,2.33789,10,0,0,-0.0185645,-0,0.037027,0,1
19.98,-43.2412,0,2697.86,-5.93896,0,217.605,0,0,0,0.999829,0,-0.018515,0,0,-0.000509923,0,86.8898,0.980954,-29.4141,0,1584.05,40.4638,-0,-280.173,120.122,120.122,2.3378,10,0,0,-0.018567,-0,0.0370321,0,1
19.99,-43.3007,0,2700.03,-5.94325,0,217.657,0,0,0,0.999829,0,-0.0185175,0,0,-0.000509736,0,86.885,0.98093,-29.4192,0,1584.11,40.4709,-0,-280.245,120.118,120.118,2.3377,10,0,0,-0.0185696,-0,0.0370372,0,1
20,-43.3601,0,2702.21,-5.94754,0,217.709,0,0,0,0.999828,0,-0.0185201,0,0,-0.00050955,0,86.8802,0.980906,-29.4244,0,1584.17,40.4779,-0,-280.316,120.114,120.114,2.3376,10,0,0,-0.0185721,-0,0.0370423,0,1
20.01,-43.4196,0,2704.39,-5.95184,0,217.761,0,0,0,0.999828,0,-0.0185226,0,0,-0.000496558,0,86.8754,0.980882,-29.5259,0,1589.51,40.4851,-0,-280.388,120.11,120.11,2.33751,10,0,0,-0.0185733,-0,0.0370474,0,1
20.02,-43.4791,0,2706.56,-5.95618,0,217.814,0,0,0,0.999828,0,-0.018525,0,0,-0.000462395,0,86.8705,0.980858,-29.6238,0,1594.85,40.4928,-0,-280.462,120.106,120.106,2.33741,10,0,0,-0.0185723,-0,0.0370522,0,1
20.03,-43.5387,0,2708.74,-5.96055,0,217.868,0,0,0,0.999828,0,-0.0185272,0,0,-0.000409848,0,86.8657,0.980835,-29.7184,0,1600.19,40.5011,-0,-280.538,120.102,120.102,2.33731,10,0,0,-0.0185693,-0,0.0370565,0,1
20.04,-43.5984,0,2710.92,-5.96496,0,217.922,0,0,0,0.999828,0,-0.0185291,0,0,-0.000341437,0,86.8608,0.98081,-29.8099,0,1605.53,40.5102,-0,-280.615,120.098,120.098,2.33722,10,0,0,-0.0185643,-0,0.0370603,0,1
20.05,-43.658,0,2713.1,-5.9694,0,217.976,0,0,0,0.999828,0,-0.0185306,0,0,-0.000259436,0,86.856,0.980786,-29.8986,0,1610.87,40.5204,-0,-280.693,120.094,120.094,2.33712,10,0,0,-0.0185576,-0,0.0370633,0,1
20.06,-43.7177,0,2715.28,-5.97387,0,218.032,0,0,0,0.999828,0,-0.0185317,0,0,-0.000165895,0,86.8511,0.980762,-29.9846,0,1616.22,40.5317,-0,-280.773,120.09,120.09,2.33702,10,0,0,-0.0185493,-0,0.0370655,0,1
20.07,-43.7775,0,2717.46,-5.97837,0,218.088,0,0,0,0.999828,0,-0.0185322,0,0,-6.2657e-05,0,86.8462,0.980738,-30.0681,0,1621.56,40.5442,-0,-280.854,120.086,120.086,2.33692,10,0,0,-0.0185396,-0,0.0370666,0,1
20.08,-43.8373,0,2719.64,-5.9829,0,218.144,0,0,0,0.999828,0,-0.0185323,0,0,4.86203e-05,0,86.8412,0.980713,-30.1494,0,1626.9,40.5581,-0,-280.938,120.082,120.082,2.33682,10,0,0,-0.0185285,-0,0.0370667,0,1
20.09,-43.8972,0,2721.82,-5.98746,0,218.201,0,0,0,0.999828,0,-0.0185317,0,0,0.000166451,0,86.8363,0.980689,-30.2285,0,1632.25,40.5734,-0,-281.022,120.077,120.077,2.33673,10,0,0,-0.0185162,-0,0.0370656,0,1
20.1,-43.9571,0,2724.01,-5.99206,0,218.259,0,0,0,0.999828,0,-0.0185306,0,0,0.000289506,0,86.8314,0.980664,-30.3056,0,1637.59,40.5903,-0,-281.108,120.073,120.073,2.33663,10,0,0,-0.0185027,-0,0.0370633,0,1
20.11,-44.017,0,2726.19,-5.99668,0,218.318,0,0,0,0.999828,0,-0.0185288,0,0,0.000416598,0,86.8264,0.98064,-30.3809,0,1642.93,40.6087,-0,-281.196,120.069,120.069,2.33653,10,0,0,-0.0184882,-0,0.0370598,0,1
20.12,-44.077,0,2728.37,-6.00133,0,218.377,0,0,0,0.999828,0,-0.0185264,0,0,0.000546667,0,86.8214,0.980615,-30.4544,0,1648.28,40.6286,-0,-281.285,120.065,120.065,2.33643,10,0,0,-0.0184728,-0,0.037055,0,1
20.13,-44.137,0,2730.56,-6.006,0,218.436,0,0,0,0.999828,0,-0.0185234,0,0,0.000678774,0,86.8164,0.98059,-30.5264,0,1653.62,40.6502,-0,-281.376,120.061,120.061,2.33633,10,0,0,-0.0184566,-0,0.0370489,0,1
20.14,-44.1971,0,2732.74,-6.01071,0,218.496,0,0,0,0.999828,0,-0.0185197,0,0,0.000812085,0,86.8114,0.980566,-30.5969,0,1658.97,40.6735,-0,-281.468,120.057,120.057,2.33623,10,0,0,-0.0184395,-0,0.0370414,0,1
20.15,-44.2572,0,2734.93,-6.01544,0,218.557,0,0,0,0.999829,0,-0.0185153,0,0,0.000945865,0,86.8063,0.980541,-30.6661,0,1664.32,40.6983,-0,-281.562,120.052,120.052,2.33613,10,0,0,-0.0184217,-0,0.0370326,0,1
20.16,-44.3174,0,2737.11,-6.0202,0,218.619,0,0,0,0.999829,0,-0.0185102,0,0,0.00107946,0,86.8013,0.980516,-30.7339,0,1669.66,40.7248,-0,-281.657,120.048,120.048,2.33603,10,0,0,-0.0184033,-0,0.0370225,0,1
20.17,-44.3777,0,2739.3,-6.02498,0,218.681,0,0,0,0.999829,0,-0.0185045,0,0,0.00121232,0,86.7962,0.980491,-30.8006,0,1675.01,40.753,-0,-281.754,120.044,120.044,2.33592,10,0,0,-0.0183843,-0,0.037011,0,1
20.18,-44.4379,0,2741.49,-6.02979,0,218.743,0,0,0,0.999829,0,-0.0184981,0,0,0.00134393,0,86.7912,0.980465,-30.8661,0,1680.36,40.7828,-0,-281.852,120.04,120.04,2.33582,10,0,0,-0.0183647,-0,0.0369983,0,1
20.19,-44.4982,0,2743.67,-6.03462,0,218.807,0,0,0,0.999829,0,-0.018491,0,0,0.00147386,0,86.7861,0.98044,-30.9306,0,1685.7,40.8141,-0,-281.952,120.035,120.035,2.33572,10,0,0,-0.0183447,-0,0.0369842,0,1
20.2,-44.5586,0,2745.86,-6.03948,0,218.871,0,0,0,0.999829,0,-0.0184833,0,0,0.00160176,0,86.7809,0.980415,-30.9942,0,1691.05,40.8471,-0,-282.054,120.031,120.031,2.33562,10,0,0,-0.0183242,-0,0.0369688,0,1
20.21,-44.619,0,2748.05,-6.04435,0,218.935,0,0,0,0.999829,0,-0.018475,0,0,0.00172729,0,86.7758,0.980389,-31.0569,0,1696.4,40.8816,-0,-282.157,120.027,120.027,2.33552,10,0,0,-0.0183033,-0,0.0369521,0,1
20.22,-44.6795,0,2750.24,-6.04926,0,219,0,0,0,0.999829,0,-0.0184661,0,0,0.00185019,0,86.7707,0.980364,-31.1187,0,1701.75,40.9176,-0,-282.261,120.023,120.023,2.33541,10,0,0,-0.0182821,-0,0.0369343,0,1
20.23,-44.74,0,2752.43,-6.05418,0,219.066,0,0,0,0.99983,0,-0.0184565,0,0,0.00197024,0,86.7655,0.980338,-31.1798,0,1707.1,40.9551,-0,-282.367,120.018,120.018,2.33531,10,0,0,-0.0182606,-0,0.0369151,0,1
20.24,-44.8006,0,2754.62,-6.05913,0,219.133,0,0,0,0.99983,0,-0.0184464,0,0,0.00208724,0,86.7603,0.980313,-31.2401,0,1712.45,40.9941,-0,-282.475,120.014,120.014,2.33521,10,0,0,-0.0182387,-0,0.0368949,0,1
20.25,-44.8612,0,2756.81,-6.0641,0,219.2,0,0,0,0.99983,0,-0.0184357,0,0,0.00220105,0,86.7551,0.980287,-31.2998,0,1717.8,41.0346,-0,-282.584,120.01,120.01,2.3351,10,0,0,-0.0182166,-0,0.0368734,0,1
20.26,-44.9219,0,2759.01,-6.06909,0,219.267,0,0,0,0.99983,0,-0.0184244,0,0,0.00231154,0,86.7499,0.980261,-31.3588,0,1723.15,41.0764,-0,-282.695,120.005,120.005,2.335,10,0,0,-0.0181943,-0,0.0368508,0,1
20.27,-44.9826,0,2761.2,-6.0741,0,219.335,0,0,0,0.99983,0,-0.0184126,0,0,0.00241863,0,86.7447,0.980235,-31.4172,0,1728.5,41.1195,-0,-282.807,120.001,120.001,2.33489,10,0,0,-0.0181717,-0,0.0368272,0,1
20.28,-45.0434,0,2763.39,-6.07913,0,219.404,0,0,0,0.999831,0,-0.0184002,0,0,0.00252223,0,86.7395,0.980209,-31.4751,0,1733.85,41.164,-0,-282.92,119.997,119.997,2.33479,10,0,0,-0.018149,-0,0.0368025,0,1
20.29,-45.1042,0,2765.59,-6.08418,0,219.474,0,0,0,0.999831,0,-0.0183873,0,0,0.00262232,0,86.7342,0.980183,-31.5325,0,1739.21,41.2098,-0,-283.036,119.992,119.992,2.33468,10,0,0,-0.0181261,-0,0.0367768,0,1
20.3,-45.165,0,2767.78,-6.08925,0,219.544,0,0,0,0.999831,0,-0.018374,0,0,0.00271885,0,86.7289,0.980157,-31.5894,0,1744.56,41.2567,-0,-283.152,119.988,119.988,2.33458,10,0,0,-0.0181031,-0,0.0367501,0,1
20.31,-45.226,0,2769.98,-6.09433,0,219.614,0,0,0,0.999831,0,-0.0183602,0,0,0.00281182,0,86.7236,0.980131,-31.6459,0,1749.91,41.3049,-0,-283.271,119.983,119.983,2.33447,10,0,0,-0.01808,-0,0.0367224,0,1
20.32,-45.2869,0,2772.18,-6.09944,0,219.686,0,0,0,0.999832,0,-0.0183459,0,0,0.00290124,0,86.7183,0.980104,-31.702,0,1755.26,41.3542,-0,-283.391,119.979,119.979,2.33437,10,0,0,-0.0180568,-0,0.0366938,0,1
20.33,-45.3479,0,2774.37,-6.10456,0,219.757,0,0,0,0.999832,0,-0.0183312,0,0,0.00298712,0,86.713,0.980078,-31.7576,0,1760.62,41.4046,-0,-283.512,119.975,119.975,2.33426,10,0,0,-0.0180335,-0,0.0366644,0,1
20.34,-45.409,0,2776.57,-6.10971,0,219.83,0,0,0,0.999832,0,-0.018316,0,0,0.0030695,0,86.7077,0.980051,-31.8129,0,1765.97,41.4561,-0,-283.635,119.97,119.97,2.33415,10,0,0,-0.0180101,-0,0.0366341,0,1
20.35,-45.4701,0,2778.77,-6.11487,0,219.903,0,0,0,0.999833,0,-0.0183005,0,0,0.00314841,0,86.7023,0.980025,-31.8678,0,1771.33,41.5087,-0,-283.759,119.966,119.966,2.33405,10,0,0,-0.0179867,-0,0.036603,0,1
20.36,-45.5313,0,2780.97,-6.12004,0,219.977,0,0,0,0.999833,0,-0.0182846,0,0,0.00322391,0,86.697,0.979998,-31.9224,0,1776.68,41.5622,-0,-283.885,119.961,119.961,2.33394,10,0,0,-0.0179632,-0,0.0365711,0,1
20.37,-45.5925,0,2783.17,-6.12524,0,220.051,0,0,0,0.999833,0,-0.0182683,0,0,0.00329605,0,86.6916,0.979971,-31.9767,0,1782.04,41.6167,-0,-284.013,119.957,119.957,2.33383,10,0,0,-0.0179397,-0,0.0365385,0,1
20.38,-45.6538,0,2785.37,-6.13045,0,220.126,0,0,0,0.999833,0,-0.0182516,0,0,0.00336489,0,86.6862,0.979945,-32.0308,0,1787.39,41.672,-0,-284.142,119.952,119.952,2.33372,10,0,0,-0.0179161,-0,0.0365052,0,1
20.39,-45.7151,0,2787.57,-6.13568,0,220.202,0,0,0,0.999834,0,-0.0182346,0,0,0.0034305,0,86.6808,0.979918,-32.0845,0,1792.75,41.7283,-0,-284.273,119.948,119.948,2.33362,10,0,0,-0.0178926,-0,0.0364712,0,1
20.4,-45.7765,0,2789.77,-6.14092,0,220.278,0,0,0,0.999834,0,-0.0182173,0,0,0.00349296,0,86.6753,0.979891,-32.138,0,1798.1,41.7854,-0,-284.405,119.943,119.943,2.33351,10,0,0,-0.017869,-0,0.0364366,0,1
20.41,-45.838,0,2791.98,-6.14618,0,220.355,0,0,0,0.999834,0,-0.0181997,0,0,0.00355234,0,86.6699,0.979864,-32.1913,0,1803.46,41.8433,-0,-284.539,119.939,119.939,2.3334,10,0,0,-0.0178455,-0,0.0364014,0,1
20.42,-45.8995,0,2794.18,-6.15145,0,220.432,0,0,0,0.999835,0,-0.0181818,0,0,0.00360872,0,86.6644,0.979837,-32.2443,0,1808.82,41.902,-0,-284.674,119.934,119.934,2.33329,10,0,0,-0.0178219,-0,0.0363656,0,1
20.43,-45.961,0,2796.39,-6.15674,0,220.51,0,0,0,0.999835,0,-0.0181636,0,0,0.00366217,0,86.6589,0.979809,-32.2971,0,1814.18,41.9614,-0,-284.811,119.929,119.929,2.33318,10,0,0,-0.0177984,-0,0.0363292,0,1
20.44,-46.0226,0,2798.59,-6.16205,0,220.589,0,0,0,0.999835,0,-0.0181452,0,0,0.00371279,0,86.6534,0.979782,-32.3497,0,1819.53,42.0216,-0,-284.949,119.925,119.925,2.33307,10,0,0,-0.0177749,-0,0.0362924,0,1
20.45,-46.0842,0,2800.8,-6.16737,0,220.668,0,0,0,0.999836,0,-0.0181265,0,0,0.00376065,0,86.6479,0.979755,-32.4021,0,1824.89,42.0824,-0,-285.089,119.92,119.92,2.33296,10,0,0,-0.0177514,-0,0.036255,0,1
20.46,-46.1459,0,2803,-6.1727,0,220.748,0,0,0,0.999836,0,-0.0181076,0,0,0.00380584,0,86.6424,0.979727,-32.4544,0,1830.25,42.1438,-0,-285.23,119.916,119.916,2.33285,10,0,0,-0.017728,-0,0.0362172,0,1
20.47,-46.2077,0,2805.21,-6.17805,0,220.828,0,0,0,0.999836,0,-0.0180885,0,0,0.00384845,0,86.6369,0.9797,-32.5064,0,1835.61,42.2059,-0,-285.373,119.911,119.911,2.33274,10,0,0,-0.0177046,-0,0.0361789,0,1
20.48,-46.2695,0,2807.42,-6.18341,0,220.91,0,0,0,0.999837,0,-0.0180691,0,0,0.00388855,0,86.6313,0.979672,-32.5583,0,1840.97,42.2686,-0,-285.518,119.906,119.906,2.33263,10,0,0,-0.0176812,-0,0.0361402,0,1
20.49,-46.3314,0,2809.63,-6.18879,0,220.991,0,0,0,0.999837,0,-0.0180496,0,0,0.00392624,0,86.6257,0.979644,-32.6101,0,1846.33,42.3318,-0,-285.664,119.902,119.902,2.33251,10,0,0,-0.0176579,-0,0.0361011,0,1
20.5,-46.3933,0,2811.84,-6.19417,0,221.074,0,0,0,0.999837,0,-0.0180299,0,0,0.00396159,0,86.6201,0.979617,-32.6616,0,1851.69,42.3955,-0,-285.811,119.897,119.897,2.3324,10,0,0,-0.0176347,-0,0.0360617,0,1
20.51,-46.4552,0,2814.05,-6.19958,0,221.156,0,0,0,0.999838,0,-0.01801,0,0,0.00399469,0,86.6145,0.979589,-32.7131,0,1857.05,42.4598,-0,-285.96,119.892,119.892,2.33229,10,0,0,-0.0176115,-0,0.0360219,0,1
20.52,-46.5173,0,2816.26,-6.20499,0,221.24,0,0,0,0.999838,0,-0.0179899,0,0,0.00402561,0,86.6089,0.979561,-32.7644,0,1862.41,42.5245,-0,-286.111,119.888,119.888,2.33218,10,0,0,-0.0175883,-0,0.0359818,0,1
20.53,-46.5793,0,2818.48,-6.21042,0,221.324,0,0,0,0.999839,0,-0.0179697,0,0,0.00405444,0,86.6032,0.979533,-32.8156,0,1867.77,42.5897,-0,-286.263,119.883,119.883,2.33206,10,0,0,-0.0175652,-0,0.0359414,0,1
20.54,-46.6415,0,2820.69,-6.21586,0,221.409,0,0,0,0.999839,0,-0.0179494,0,0,0.00408126,0,86.5976,0.979505,-32.8667,0,1873.14,42.6553,-0,-286.417,119.878,119.878,2.33195,10,0,0,-0.0175422,-0,0.0359007,0,1
20.55,-46.7037,0,2822.9,-6.22132,0,221.494,0,0,0,0.999839,0,-0.0179289,0,0,0.00410613,0,86.5919,0.979477,-32.9176,0,1878.5,42.7213,-0,-286.573,119.873,119.873,2.33184,10,0,0,-0.0175193,-0,0.0358598,0,1
20.56,-46.7659,0,2825.12,-6.22679,0,221.58,0,0,0,0.99984,0,-0.0179083,0,0,0.00412915,0,86.5862,0.979448,-32.9684,0,1883.86,42.7878,-0,-286.729,119.869,119.869,2.33172,10,0,0,-0.0174964,-0,0.0358186,0,1
20.57,-46.8282,0,2827.34,-6.23227,0,221.667,0,0,0,0.99984,0,-0.0178876,0,0,0.00415037,0,86.5805,0.97942,-33.0191,0,1889.22,42.8545,-0,-286.888,119.864,119.864,2.33161,10,0,0,-0.0174736,-0,0.0357772,0,1
20.58,-46.8905,0,2829.55,-6.23776,0,221.754,0,0,0,0.99984,0,-0.0178668,0,0,0.00416987,0,86.5748,0.979391,-33.0698,0,1894.59,42.9217,-0,-287.048,119.859,119.859,2.3315,10,0,0,-0.0174508,-0,0.0357356,0,1
20.59,-46.9529,0,2831.77,-6.24326,0,221.842,0,0,0,0.999841,0,-0.017846,0,0,0.00418772,0,86.5691,0.979363,-33.1203,0,1899.95,42.9891,-0,-287.209,119.854,119.854,2.33138,10,0,0,-0.0174281,-0,0.0356938,0,1
20.6,-47.0154,0,2833.99,-6.24878,0,221.931,0,0,0,0.999841,0,-0.017825,0,0,0.00420399,0,86.5633,0.979334,-33.1707,0,1905.32,43.0569,-0,-287.372,119.85,119.85,2.33127,10,0,0,-0.0174055,-0,0.0356518,0,1
20.61,-47.0779,0,2836.21,-6.25431,0,222.02,0,0,0,0.999841,0,-0.0178039,0,0,0.00421874,0,86.5575,0.979306,-33.221,0,1910.68,43.125,-0,-287.537,119.845,119.845,2.33115,10,0,0,-0.017383,-0,0.0356097,0,1
20.62,-47.1405,0,2838.43,-6.25985,0,222.109,0,0,0,0.999842,0,-0.0177828,0,0,0.00423203,0,86.5518,0.979277,-33.2712,0,1916.05,43.1934,-0,-287.703,119.84,119.84,2.33104,10,0,0,-0.0173605,-0,0.0355675,0,1
20.63,-47.2031,0,2840.65,-6.2654,0,222.2,0,0,0,0.999842,0,-0.0177616,0,0,0.00424393,0,86.546,0.979248,-33.3214,0,1921.41,43.262,-0,-287.871,119.835,119.835,2.33092,10,0,0,-0.0173382,-0,0.0355251,0,1
20.64,-47.2658,0,2842.87,-6.27096,0,222.29,0,0,0,0.999843,0,-0.0177404,0,0,0.0042545,0,86.5401,0.979219,-33.3715,0,1926.78,43.3308,-0,-288.04,119.83,119.83,2.3308,10,0,0,-0.0173158,-0,0.0354826,0,1
20.65,-47.3285,0,2845.1,-6.27654,0,222.382,0,0,0,0.999843,0,-0.0177191,0,0,0.00426379,0,86.5343,0.97919,-33.4214,0,1932.15,43.3999,-0,-288.211,119.825,119.825,2.33069,10,0,0,-0.0172936,-0,0.03544,0,1
20.66,-47.3913,0,2847.32,-6.28212,0,222.474,0,0,0,0.999843,0,-0.0176977,0,0,0.00427186,0,86.5285,0.979161,-33.4713,0,1937.51,43.4692,-0,-288.384,119.82,119.82,2.33057,10,0,0,-0.0172715,-0,0.0353973,0,1
20.67,-47.4542,0,2849.55,-6.28772,0,222.567,0,0,0,0.999844,0,-0.0176764,0,0,0.00427876,0,86.5226,0.979132,-33.5212,0,1942.88,43.5388,-0,-288.558,119.816,119.816,2.33045,10,0,0,-0.0172494,-0,0.0353546,0,1
20.68,-47.5171,0,2851.77,-6.29333,0,222.66,0,0,0,0.999844,0,-0.017655,0,0,0.00428455,0,86.5167,0.979103,-33.5709,0,1948.25,43.6085,-0,-288.733,119.811,119.811,2.33033,10,0,0,-0.0172274,-0,0.0353118,0,1
20.69,-47.5801,0,2854,-6.29895,0,222.754,0,0,0,0.999845,0,-0.0176335,0,0,0.00428927,0,86.5108,0.979073,-33.6206,0,1953.62,43.6783,-0,-288.91,119.806,119.806,2.33022,10,0,0,-0.0172055,-0,0.0352689,0,1
20.7,-47.6431,0,2856.23,-6.30458,0,222.849,0,0,0,0.999845,0,-0.0176121,0,0,0.00429297,0,86.5049,0.979044,-33.6702,0,1958.99,43.7484,-0,-289.089,119.801,119.801,2.3301,10,0,0,-0.0171837,-0,0.035226,0,1
20.71,-47.7061,0,2858.46,-6.31022,0,222.944,0,0,0,0.999845,0,-0.0175906,0,0,0.0042957,0,86.499,0.979014,-33.7197,0,1964.36,43.8186,-0,-289.269,119.796,119.796,2.32998,10,0,0,-0.0171619,-0,0.035183,0,1
20.72,-47.7693,0,2860.69,-6.31587,0,223.04,0,0,0,0.999846,0,-0.0175691,0,0,0.00429751,0,86.493,0.978985,-33.7692,0,1969.72,43.889,-0,-289.451,119.791,119.791,2.32986,10,0,0,-0.0171403,-0,0.0351401,0,1
20.73,-47.8325,0,2862.92,-6.32153,0,223.136,0,0,0,0.999846,0,-0.0175476,0,0,0.00429843,0,86.4871,0.978955,-33.8186,0,1975.09,43.9595,-0,-289.634,119.786,119.786,2.32974,10,0,0,-0.0171187,-0,0.0350971,0,1
20.74,-47.8957,0,2865.15,-6.32721,0,223.233,0,0,0,0.999846,0,-0.0175261,0,0,0.00429851,0,86.4811,0.978925,-33.8679,0,1980.46,44.0301,-0,-289.819,119.781,119.781,2.32962,10,0,0,-0.0170972,-0,0.0350541,0,1
20.75,-47.959,0,2867.38,-6.33289,0,223.331,0,0,0,0.999847,0,-0.0175047,0,0,0.00429778,0,86.4751,0.978896,-33.9172,0,1985.84,44.1008,-0,-290.006,119.776,119.776,2.3295,10,0,0,-0.0170758,-0,0.0350111,0,1
20.76,-48.0224,0,2869.62,-6.33858,0,223.429,0,0,0,0.999847,0,-0.0174832,0,0,0.00429629,0,86.4691,0.978866,-33.9665,0,1991.21,44.1717,-0,-290.194,119.771,119.771,2.32938,10,0,0,-0.0170544,-0,0.0349681,0,1
20.77,-48.0858,0,2871.85,-6.34429,0,223.528,0,0,0,0.999848,0,-0.0174617,0,0,0.00429407,0,86.4631,0.978836,-34.0156,0,1996.58,44.2426,-0,-290.383,119.766,119.766,2.32926,10,0,0,-0.0170332,-0,0.0349252,0,1
20.78,-48.1492,0,2874.09,-6.35,0,223.628,0,0,0,0.999848,0,-0.0174402,0,0,0.00429116,0,86.457,0.978806,-34.0647,0,2001.95,44.3136,-0,-290.574,119.761,119.761,2.32914,10,0,0,-0.017012,-0,0.0348823,0,1
20.79,-48.2128,0,2876.32,-6.35573,0,223.728,0,0,0,0.999848,0,-0.0174188,0,0,0.00428759,0,86.451,0.978775,-34.1138,0,2007.32,44.3848,-0,-290.767,119.756,119.756,2.32902,10,0,0,-0.0169909,-0,0.0348394,0,1
20.8,-48.2764,0,2878.56,-6.36146,0,223.828,0,0,0,0.999849,0,-0.0173974,0,0,0.00428339,0,86.4449,0.978745,-34.1628,0,2012.7,44.456,-0,-290.961,119.751,119.751,2.3289,10,0,0,-0.0169699,-0,0.0347965,0,1
20.81,-48.34,0,2880.8,-6.36721,0,223.93,0,0,0,0.999849,0,-0.017376,0,0,0.00427859,0,86.4388,0.978715,-34.2117,0,2018.07,44.5272,-0,-291.157,119.746,119.746,2.32878,10,0,0,-0.016949,-0,0.0347537,0,1
20.82,-48.4037,0,2883.04,-6.37296,0,224.032,0,0,0,0.999849,0,-0.0173546,0,0,0.00427323,0,86.4327,0.978684,-34.2606,0,2023.44,44.5986,-0,-291.355,119.74,119.74,2.32865,10,0,0,-0.0169281,-0,0.0347109,0,1
20.83,-48.4675,0,2885.28,-6.37873,0,224.134,0,0,0,0.99985,0,-0.0173333,0,0,0.00426733,0,86.4266,0.978654,-34.3095,0,2028.82,44.67,-0,-291.554,119.735,119.735,2.32853,10,0,0,-0.0169074,-0,0.0346682,0,1
20.84,-48.5313,0,2887.52,-6.38451,0,224.237,0,0,0,0.99985,0,-0.0173119,0,0,0.00426091,0,86.4204,0.978623,-34.3583,0,2034.19,44.7414,-0,-291.754,119.73,119.73,2.32841,10,0,0,-0.0168867,-0,0.0346256,0,1
20.85,-48.5952,0,2889.77,-6.39029,0,224.341,0,0,0,0.999851,0,-0.0172906,0,0,0.00425401,0,86.4143,0.978593,-34.407,0,2039.57,44.8129,-0,-291.956,119.725,119.725,2.32829,10,0,0,-0.0168661,-0,0.034583,0,1
20.86,-48.6591,0,2892.01,-6.39609,0,224.446,0,0,0,0.999851,0,-0.0172694,0,0,0.00424665,0,86.4081,0.978562,-34.4557,0,2044.94,44.8844,-0,-292.16,119.72,119.72,2.32816,10,0,0,-0.0168456,-0,0.0345405,0,1
20.87,-48.7231,0,2894.26,-6.40189,0,224.551,0,0,0,0.999851,0,-0.0172482,0,0,0.00423885,0,86.4019,0.978531,-34.5044,0,2050.32,44.956,-0,-292.365,119.715,119.715,2.32804,10,0,0,-0.0168252,-0,0.0344981,0,1
20.88,-48.7871,0,2896.5,-6.40771,0,224.656,0,0,0,0.999852,0,-0.017227,0,0,0.00423064,0,86.3957,0.9785,-34.553,0,2055.69,45.0276,-0,-292.572,119.71,119.71,2.32791,10,0,0,-0.0168048,-0,0.0344557,0,1
20.89,-48.8512,0,2898.75,-6.41353,0,224.762,0,0,0,0.999852,0,-0.0172059,0,0,0.00422203,0,86.3895,0.978469,-34.6015,0,2061.07,45.0993,-0,-292.781,119.704,119.704,2.32779,10,0,0,-0.0167845,-0,0.0344135,0,1
20.9,-48.9154,0,2901,-6.41937,0,224.869,0,0,0,0.999852,0,-0.0171848,0,0,0.00421306,0,86.3833,0.978438,-34.65,0,2066.45,45.1709,-0,-292.991,119.699,119.699,2.32767,10,0,0,-0.0167643,-0,0.0343713,0,1
20.91,-48.9796,0,2903.25,-6.42521,0,224.977,0,0,0,0.999853,0,-0.0171638,0,0,0.00420373,0,86.377,0.978407,-34.6985,0,2071.82,45.2426,-0,-293.202,119.694,119.694,2.32754,10,0,0,-0.0167442,-0,0.0343292,0,1
20.92,-49.0439,0,2905.5,-6.43106,0,225.085,0,0,0,0.999853,0,-0.0171428,0,0,0.00419407,0,86.3708,0.978376,-34.747,0,2077.2,45.3143,-0,-293.416,119.689,119.689,2.32742,10,0,0,-0.0167242,-0,0.0342872,0,1
20.93,-49.1082,0,2907.75,-6.43693,0,225.193,0,0,0,0.999853,0,-0.0171218,0,0,0.00418409,0,86.3645,0.978345,-34.7953,0,2082.58,45.386,-0,-293.63,119.684,119.684,2.32729,10,0,0,-0.0167043,-0,0.0342453,0,1
20.94,-49.1726,0,2910,-6.4428,0,225.303,0,0,0,0.999854,0,-0.0171009,0,0,0.00417382,0,86.3582,0.978313,-34.8437,0,2087.96,45.4577,-0,-293.847,119.678,119.678,2.32716,10,0,0,-0.0166844,-0,0.0342035,0,1
20.95,-49.2371,0,2912.25,-6.44868,0,225.413,0,0,0,0.999854,0,-0.0170801,0,0,0.00416327,0,86.3519,0.978282,-34.892,0,2093.34,45.5294,-0,-294.064,119.673,119.673,2.32704,10,0,0,-0.0166646,-0,0.0341619,0,1
20.96,-49.3016,0,2914.51,-6.45457,0,225.523,0,0,0,0.999854,0,-0.0170593,0,0,0.00415245,0,86.3456,0.97825,-34.9403,0,2098.72,45.6011,-0,-294.284,119.668,119.668,2.32691,10,0,0,-0.0166449,-0,0.0341203,0,1
20.97,-49.3662,0,2916.76,-6.46047,0,225.634,0,0,0,0.999855,0,-0.0170386,0,0,0.00414138,0,86.3392,0.978219,-34.9885,0,2104.1,45.6728,-0,-294.505,119.662,119.662,2.32678,10,0,0,-0.0166253,-0,0.0340788,0,1
20.98,-49.4308,0,2919.02,-6.46639,0,225.746,0,0,0,0.999855,0,-0.0170179,0,0,0.00413008,0,86.3328,0.978187,-35.0367,0,2109.48,45.7445,-0,-294.728,119.657,119.657,2.32666,10,0,0,-0.0166057,-0,0.0340375,0,1
20.99,-49.4955,0,2921.28,-6.47231,0,225.858,0,0,0,0.999856,0,-0.0169973,0,0,0.00411855,0,86.3265,0.978155,-35.0849,0,2114.86,45.8163,-0,-294.952,119.652,119.652,2.32653,10,0,0,-0.0165862,-0,0.0339962,0,1
21,-49.5603,0,2923.54,-6.47823,0,225.971,0,0,0,0.999856,0,-0.0169767,0,0,0.00410682,0,86.3201,0.978123,-35.133,0,2120.24,45.888,-0,-295.178,119.646,119.646,2.3264,10,0,0,-0.0165669,-0,0.0339551,0,1
21.01,-49.6251,0,2925.8,-6.48417,0,226.085,0,0,0,0.999856,0,-0.0169562,0,0,0.00409489,0,86.3137,0.978091,-35.1811,0,2125.62,45.9597,-0,-295.405,119.641,119.641,2.32627,10,0,0,-0.0165475,-0,0.0339141,0,1
21.02,-49.69,0,2928.06,-6.49012,0,226.199,0,0,0,0.999857,0,-0.0169358,0,0,0.00408278,0,86.3072,0.978059,-35.2292,0,2131,46.0313,-0,-295.634,119.636,119.636,2.32614,10,0,0,-0.0165283,-0,0.0338732,0,1
21.03,-49.7549,0,2930.32,-6.49608,0,226.314,0,0,0,0.999857,0,-0.0169154,0,0,0.00407049,0,86.3008,0.978027,-35.2772,0,2136.39,46.103,-0,-295.865,119.63,119.63,2.32602,10,0,0,-0.0165092,-0,0.0338324,0,1
21.04,-49.8199,0,2932.59,-6.50204,0,226.429,0,0,0,0.999857,0,-0.0168951,0,0,0.00405805,0,86.2943,0.977995,-35.3252,0,2141.77,46.1747,-0,-296.097,119.625,119.625,2.32589,10,0,0,-0.0164901,-0,0.0337918,0,1
21.05,-49.8849,0,2934.85,-6.50802,0,226.546,0,0,0,0.999858,0,-0.0168748,0,0,0.00404545,0,86.2879,0.977962,-35.3732,0,2147.15,46.2463,-0,-296.33,119.62,119.62,2.32576,10,0,0,-0.0164711,-0,0.0337513,0,1
21.06,-49.95,0,2937.12,-6.514,0,226.662,0,0,0,0.999858,0,-0.0168546,0,0,0.00403271,0,86.2814,0.97793,-35.4211,0,2152.54,46.3179,-0,-296.566,119.614,119.614,2.32563,10,0,0,-0.0164522,-0,0.0337109,0,1
21.07,-50.0152,0,2939.38,-6.52,0,226.779,0,0,0,0.999858,0,-0.0168345,0,0,0.00401984,0,86.2749,0.977898,-35.469,0,2157.92,46.3895,-0,-296.803,119.609,119.609,2.3255,10,0,0,-0.0164333,-0,0.0336706,0,1
21.08,-50.0804,0,2941.65,-6.526,0,226.897,0,0,0,0.999859,0,-0.0168144,0,0,0.00400685,0,86.2684,0.977865,-35.5169,0,2163.31,46.4611,-0,-297.041,119.603,119.603,2.32537,10,0,0,-0.0164146,-0,0.0336305,0,1
21.09,-50.1457,0,2943.92,-6.53201,0,227.016,0,0,0,0.999859,0,-0.0167944,0,0,0.00399374,0,86.2618,0.977832,-35.5648,0,2168.69,46.5326,-0,-297.281,119.598,119.598,2.32524,10,0,0,-0.0163959,-0,0.0335905,0,1
21.1,-50.2111,0,2946.19,-6.53803,0,227.135,0,0,0,0.999859,0,-0.0167745,0,0,0.00398053,0,86.2553,0.9778,-35.6126,0,2174.08,46.6042,-0,-297.523,119.592,119.592,2.32511,10,0,0,-0.0163772,-0,0.0335506,0,1
21.11,-50.2765,0,2948.46,-6.54406,0,227.255,0,0,0,0.99986,0,-0.0167546,0,0,0.00396722,0,86.2487,0.977767,-35.6604,0,2179.46,46.6757,-0,-297.766,119.587,119.587,2.32497,10,0,0,-0.0163587,-0,0.0335109,0,1
21.12,-50.342,0,2950.74,-6.5501,0,227.375,0,0,0,0.99986,0,-0.0167348,0,0,0.00395382,0,86.2421,0.977734,-35.7082,0,2184.85,46.7472,-0,-298.011,119.581,119.581,2.32484,10,0,0,-0.0163402,-0,0.0334713,0,1
21.13,-50.4075,0,2953.01,-6.55615,0,227.496,0,0,0,0.99986,0,-0.0167151,0,0,0.00394033,0,86.2355,0.977701,-35.7559,0,2190.23,46.8186,-0,-298.258,119.576,119.576,2.32471,10,0,0,-0.0163219,-0,0.0334318,0,1
21.14,-50.4731,0,2955.29,-6.56221,0,227.617,0,0,0,0.999861,0,-0.0166954,0,0,0.00392677,0,86.2289,0.977668,-35.8036,0,2195.62,46.89,-0,-298.506,119.57,119.57,2.32458,10,0,0,-0.0163035,-0,0.0333924,0,1
21.15,-50.5387,0,2957.56,-6.56827,0,227.74,0,0,0,0.999861,0,-0.0166758,0,0,0.00391313,0,86.2223,0.977635,-35.8513,0,2201.01,46.9614,-0,-298.756,119.565,119.565,2.32445,10,0,0,-0.0162853,-0,0.0333532,0,1
21.16,-50.6044,0,2959.84,-6.57435,0,227.862,0,0,0,0.999861,0,-0.0166563,0,0,0.00389944,0,86.2156,0.977602,-35.899,0,2206.4,47.0328,-0,-299.007,119.559,119.559,2.32431,10,0,0,-0.0162671,-0,0.0333142,0,1
21.17,-50.6702,0,2962.12,-6.58043,0,227.986,0,0,0,0.999862,0,-0.0166369,0,0,0.00388568,0,86.209,0.977568,-35.9466,0,2211.79,47.1041,-0,-299.26,119.554,119.554,2.32418,10,0,0,-0.0162491,-0,0.0332753,0,1
21.18,-50.7361,0,2964.4,-6.58653,0,228.11,0,0,0,0.999862,0,-0.0166175,0,0,0.00387187,0,86.2023,0.977535,-35.9942,0,2217.17,47.1754,-0,-299.514,119.548,119.548,2.32405,10,0,0,-0.016231,-0,0.0332365,0,1
21.19,-50.8019,0,2966.68,-6.59263,0,228.234,0,0,0,0.999862,0,-0.0165981,0,0,0.00385801,0,86.1956,0.977502,-36.0418,0,2222.56,47.2467,-0,-299.77,119.542,119.542,2.32391,10,0,0,-0.0162131,-0,0.0331978,0,1
21.2,-50.8679,0,2968.97,-6.59874,0,228.36,0,0,0,0.999863,0,-0.0165789,0,0,0.00384411,0,86.1889,0.977468,-36.0894,0,2227.95,47.318,-0,-300.028,119.537,119.537,2.32378,10,0,0,-0.0161952,-0,0.0331593,0,1
21.21,-50.9339,0,2971.25,-6.60486,0,228.485,0,0,0,0.999863,0,-0.0165597,0,0,0.00383017,0,86.1821,0.977434,-36.1369,0,2233.34,47.3892,-0,-300.287,119.531,119.531,2.32364,10,0,0,-0.0161775,-0,0.0331209,0,1
21.22,-51,0,2973.54,-6.61099,0,228.612,0,0,0,0.999863,0,-0.0165406,0,0,0.0038162,0,86.1754,0.977401,-36.1845,0,2238.73,47.4604,-0,-300.548,119.526,119.526,2.32351,10,0,0,-0.0161597,-0,0.0330827,0,1
21.23,-51.0661,0,2975.82,-6.61712,0,228.739,0,0,0,0.999864,0,-0.0165216,0,0,0.0038022,0,86.1686,0.977367,-36.232,0,2244.13,47.5315,-0,-300.811,119.52,119.52,2.32337,10,0,0,-0.0161421,-0,0.0330446,0,1
21.24,-51.1323,0,2978.11,-6.62327,0,228.867,0,0,0,0.999864,0,-0.0165026,0,0,0.00378817,0,86.1619,0.977333,-36.2795,0,2249.52,47.6027,-0,-301.075,119.514,119.514,2.32324,10,0,0,-0.0161245,-0,0.0330067,0,1
21.25,-51.1986,0,2980.4,-6.62942,0,228.995,0,0,0,0.999864,0,-0.0164837,0,0,0.00377412,0,86.1551,0.977299,-36.3269,0,2254.91,47.6737,-0,-301.341,119.509,119.509,2.3231,10,0,0,-0.016107,-0,0.0329688,0,1
21.26,-51.2649,0,2982.69,-6.63559,0,229.124,0,0,0,0.999864,0,-0.0164648,0,0,0.00376005,0,86.1483,0.977265,-36.3744,0,2260.3,47.7448,-0,-301.608,119.503,119.503,2.32297,10,0,0,-0.0160896,-0,0.0329312,0,1
21.27,-51.3313,0,2984.98,-6.64176,0,229.253,0,0,0,0.999865,0,-0.0164461,0,0,0.00374597,0,86.1414,0.977231,-36.4218,0,2265.69,47.8158,-0,-301.877,119.497,119.497,2.32283,10,0,0,-0.0160722,-0,0.0328936,0,1
21.28,-51.3978,0,2987.28,-6.64794,0,229.384,0,0,0,0.999865,0,-0.0164274,0,0,0.00373188,0,86.1346,0.977197,-36.4692,0,2271.09,47.8868,-0,-302.148,119.491,119.491,2.32269,10,0,0,-0.0160549,-0,0.0328563,0,1
21.29,-51.4643,0,2989.57,-6.65413,0,229.514,0,0,0,0.999865,0,-0.0164088,0,0,0.00371778,0,86.1277,0.977162,-36.5166,0,2276.48,47.9578,-0,-302.42,119.486,119.486,2.32255,10,0,0,-0.0160377,-0,0.032819,0,1
21.3,-51.5309,0,2991.87,-6.66033,0,229.646,0,0,0,0.999866,0,-0.0163902,0,0,0.00370368,0,86.1209,0.977128,-36.564,0,2281.87,48.0287,-0,-302.694,119.48,119.48,2.32242,10,0,0,-0.0160206,-0,0.0327819,0,1
21.31,-51.5975,0,2994.16,-6.66654,0,229.778,0,0,0,0.999866,0,-0.0163717,0,0,0.00368958,0,86.114,0.977094,-36.6114,0,2287.27,48.0996,-0,-302.969,119.474,119.474,2.32228,10,0,0,-0.0160035,-0,0.0327449,0,1
21.32,-51.6642,0,2996.46,-6.67276,0,229.91,0,0,0,0.999866,0,-0.0163533,0,0,0.00367547,0,86.1071,0.977059,-36.6587,0,2292.66,48.1705,-0,-303.246,119.468,119.468,2.32214,10,0,0,-0.0159865,-0,0.0327081,0,1
21.33,-51.7309,0,2998.76,-6.67898,0,230.043,0,0,0,0.999867,0,-0.016335,0,0,0.00366137,0,86.1001,0.977024,-36.706,0,2298.06,48.2413,-0,-303.525,119.463,119.463,2.322,10,0,0,-0.0159696,-0,0.0326714,0,1
21.34,-51.7978,0,3001.06,-6.68521,0,230.177,0,0,0,0.999867,0,-0.0163167,0,0,0.00364728,0,86.0932,0.97699,-36.7534,0,2303.46,48.3121,-0,-303.805,119.457,119.457,2.32186,10,0,0,-0.0159527,-0,0.0326349,0,1
21.35,-51.8646,0,3003.37,-6.69146,0,230.312,0,0,0,0.999867,0,-0.0162985,0,0,0.00363319,0,86.0863,0.976955,-36.8007,0,2308.85,48.3829,-0,-304.087,119.451,119.451,2.32173,10,0,0,-0.0159359,-0,0.0325985,0,1
21.36,-51.9316,0,3005.67,-6.69771,0,230.447,0,0,0,0.999867,0,-0.0162804,0,0,0.00361912,0,86.0793,0.97692,-36.848,0,2314.25,48.4536,-0,-304.37,119.445,119.445,2.32159,10,0,0,-0.0159192,-0,0.0325622,0,1
21.37,-51.9986,0,3007.97,-6.70397,0,230.582,0,0,0,0.999868,0,-0.0162623,0,0,0.00360506,0,86.0723,0.976885,-36.8952,0,2319.65,48.5243,-0,-304.656,119.439,119.439,2.32145,10,0,0,-0.0159025,-0,0.0325261,0,1
21.38,-52.0657,0,3010.28,-6.71024,0,230.719,0,0,0,0.999868,0,-0.0162443,0,0,0.00359101,0,86.0653,0.97685,-36.9425,0,2325.04,48.595,-0,-304.942,119.434,119.434,2.32131,10,0,0,-0.015886,-0,0.0324901,0,1
21.39,-52.1328,0,3012.59,-6.71651,0,230.855,0,0,0,0.999868,0,-0.0162264,0,0,0.00357698,0,86.0583,0.976815,-36.9897,0,2330.44,48.6656,-0,-305.231,119.428,119.428,2.32117,10,0,0,-0.0158694,-0,0.0324543,0,1
21.4,-52.2,0,3014.9,-6.7228,0,230.993,0,0,0,0.999869,0,-0.0162086,0,0,0.00356297,0,86.0512,0.97678,-37.037,0,2335.84,48.7362,-0,-305.521,119.422,119.422,2.32102,10,0,0,-0.015853,-0,0.0324186,0,1
21.41,-52.2673,0,3017.21,-6.72909,0,231.131,0,0,0,0.999869,0,-0.0161908,0,0,0.00354898,0,86.0442,0.976744,-37.0842,0,2341.24,48.8068,-0,-305.813,119.416,119.416,2.32088,10,0,0,-0.0158366,-0,0.032383,0,1
21.42,-52.3346,0,3019.52,-6.7354,0,231.27,0,0,0,0.999869,0,-0.0161731,0,0,0.00353501,0,86.0371,0.976709,-37.1314,0,2346.64,48.8774,-0,-306.106,119.41,119.41,2.32074,10,0,0,-0.0158203,-0,0.0323476,0,1
21.43,-52.402,0,3021.83,-6.74171,0,231.409,0,0,0,0.999869,0,-0.0161555,0,0,0.00352106,0,86.0301,0.976674,-37.1786,0,2352.04,48.9479,-0,-306.401,119.404,119.404,2.3206,10,0,0,-0.0158041,-0,0.0323123,0,1
21.44,-52.4694,0,3024.15,-6.74803,0,231.549,0,0,0,0.99987,0,-0.0161379,0,0,0.00350714,0,86.023,0.976638,-37.2258,0,2357.44,49.0184,-0,-306.697,119.398,119.398,2.32046,10,0,0,-0.0157879,-0,0.0322772,0,1
21.45,-52.5369,0,3026.47,-6.75436,0,231.69,0,0,0,0.99987,0,-0.0161204,0,0,0.00349324,0,86.0158,0.976602,-37.273,0,2362.84,49.0889,-0,-306.996,119.392,119.392,2.32032,10,0,0,-0.0157718,-0,0.0322422,0,1
21.46,-52.6045,0,3028.78,-6.76069,0,231.831,0,0,0,0.99987,0,-0.016103,0,0,0.00347938,0,86.0087,0.976567,-37.3202,0,2368.24,49.1593,-0,-307.295,119.386,119.386,2.32017,10,0,0,-0.0157557,-0,0.0322073,0,1
21.47,-52.6721,0,3031.1,-6.76704,0,231.973,0,0,0,0.999871,0,-0.0160856,0,0,0.00346554,0,86.0016,0.976531,-37.3674,0,2373.64,49.2297,-0,-307.597,119.38,119.38,2.32003,10,0,0,-0.0157397,-0,0.0321726,0,1
21.48,-52.7398,0,3033.42,-6.77339,0,232.115,0,0,0,0.999871,0,-0.0160683,0,0,0.00345173,0,85.9944,0.976495,-37.4145,0,2379.04,49.3001,-0,-307.9,119.374,119.374,2.31989,10,0,0,-0.0157238,-0,0.032138,0,1
21.49,-52.8076,0,3035.74,-6.77976,0,232.258,0,0,0,0.999871,0,-0.0160511,0,0,0.00343795,0,85.9872,0.976459,-37.4617,0,2384.44,49.3704,-0,-308.205,119.368,119.368,2.31974,10,0,0,-0.015708,-0,0.0321036,0,1
21.5,-52.8754,0,3038.07,-6.78613,0,232.402,0,0,0,0.999871,0,-0.0160339,0,0,0.0034242,0,85.98,0.976423,-37.5088,0,2389.85,49.4407,-0,-308.511,119.362,119.362,2.3196,10,0,0,-0.0156922,-0,0.0320692,0,1
21.51,-52.9433,0,3040.39,-6.79251,0,232.546,0,0,0,0.999872,0,-0.0160168,0,0,0.00341049,0,85.9728,0.976387,-37.5559,0,2395.25,49.511,-0,-308.819,119.356,119.356,2.31946,10,0,0,-0.0156765,-0,0.0320351,0,1
21.52,-53.0113,0,3042.72,-6.7989,0,232.691,0,0,0,0.999872,0,-0.0159998,0,0,0.00339681,0,85.9656,0.976351,-37.6031,0,2400.65,49.5813,-0,-309.129,119.35,119.35,2.31931,10,0,0,-0.0156608,-0,0.032001,0,1
21.53,-53.0793,0,3045.05,-6.8053,0,232.836,0,0,0,0.999872,0,-0.0159829,0,0,0.00338317,0,85.9584,0.976314,-37.6502,0,2406.06,49.6515,-0,-309.44,119.344,119.344,2.31917,10,0,0,-0.0156452,-0,0.0319671,0,1
21.54,-53.1474,0,3047.38,-6.8117,0,232.982,0,0,0,0.999873,0,-0.015966,0,0,0.00336956,0,85.9511,0.976278,-37.6973,0,2411.46,49.7218,-0,-309.753,119.338,119.338,2.31902,10,0,0,-0.0156297,-0,0.0319334,0,1
21.55,-53.2155,0,3049.71,-6.81812,0,233.129,0,0,0,0.999873,0,-0.0159492,0,0,0.00335598,0,85.9438,0.976242,-37.7444,0,2416.87,49.7919,-0,-310.068,119.332,119.332,2.31888,10,0,0,-0.0156143,-0,0.0318997,0,1
21.56,-53.2838,0,3052.04,-6.82454,0,233.276,0,0,0,0.999873,0,-0.0159324,0,0,0.00334245,0,85.9365,0.976205,-37.7915,0,2422.27,49.8621,-0,-310.384,119.326,119.326,2.31873,10,0,0,-0.0155989,-0,0.0318662,0,1
21.57,-53.352,0,3054.37,-6.83097,0,233.424,0,0,0,0.999873,0,-0.0159158,0,0,0.00332895,0,85.9292,0.976168,-37.8386,0,2427.68,49.9322,-0,-310.702,119.32,119.32,2.31858,10,0,0,-0.0155836,-0,0.0318329,0,1
21.58,-53.4204,0,3056.71,-6.83741,0,233.573,0,0,0,0.999874,0,-0.0158992,0,0,0.00331549,0,85.9219,0.976132,-37.8857,0,2433.09,50.0024,-0,-311.022,119.314,119.314,2.31844,10,0,0,-0.0155683,-0,0.0317997,0,1
21.59,-53.4888,0,3059.04,-6.84386,0,233.722,0,0,0,0.999874,0,-0.0158826,0,0,0.00330207,0,85.9146,0.976095,-37.9328,0,2438.49,50.0725,-0,-311.343,119.308,119.308,2.31829,10,0,0,-0.0155531,-0,0.0317666,0,1
21.6,-53.5573,0,3061.38,-6.85032,0,233.871,0,0,0,0.999874,0,-0.0158661,0,0,0.00328869,0,85.9072,0.976058,-37.9799,0,2443.9,50.1425,-0,-311.666,119.301,119.301,2.31814,10,0,0,-0.0155379,-0,0.0317336,0,1
21.61,-53.6258,0,3063.72,-6.85678,0,234.022,0,0,0,0.999874,0,-0.0158497,0,0,0.00327535,0,85.8999,0.976021,-38.027,0,2449.31,50.2126,-0,-311.991,119.295,119.295,2.318,10,0,0,-0.0155229,-0,0.0317008,0,1
21.62,-53.6944,0,3066.06,-6.86325,0,234.173,0,0,0,0.999875,0,-0.0158334,0,0,0.00326205,0,85.8925,0.975984,-38.0741,0,2454.72,50.2826,-0,-312.317,119.289,119.289,2.31785,10,0,0,-0.0155079,-0,0.0316681,0,1
21.63,-53.7631,0,3068.4,-6.86974,0,234.324,0,0,0,0.999875,0,-0.0158171,0,0,0.00324879,0,85.8851,0.975947,-38.1212,0,2460.12,50.3526,-0,-312.645,119.283,119.283,2.3177,10,0,0,-0.0154929,-0,0.0316356,0,1
21.64,-53.8318,0,3070.75,-6.87623,0,234.477,0,0,0,0.999875,0,-0.0158009,0,0,0.00323557,0,85.8777,0.97591,-38.1683,0,2465.53,50.4226,-0,-312.974,119.277,119.277,2.31755,10,0,0,-0.015478,-0,0.0316031,0,1
21.65,-53.9006,0,3073.09,-6.88273,0,234.629,0,0,0,0.999875,0,-0.0157848,0,0,0.0032224,0,85.8702,0.975872,-38.2153,0,2470.94,50.4925,-0,-313.306,119.271,119.271,2.3174,10,0,0,-0.0154632,-0,0.0315709,0,1
21.66,-53.9694,0,3075.44,-6.88924,0,234.783,0,0,0,0.999876,0,-0.0157687,0,0,0.00320927,0,85.8628,0.975835,-38.2624,0,2476.35,50.5625,-0,-313.639,119.264,119.264,2.31726,10,0,0,-0.0154484,-0,0.0315387,0,1
21.67,-54.0384,0,3077.79,-6.89575,0,234.937,0,0,0,0.999876,0,-0.0157527,0,0,0.00319618,0,85.8553,0.975797,-38.3095,0,2481.76,50.6324,-0,-313.973,119.258,119.258,2.31711,10,0,0,-0.0154337,-0,0.0315067,0,1
21.68,-54.1074,0,3080.14,-6.90228,0,235.091,0,0,0,0.999876,0,-0.0157367,0,0,0.00318313,0,85.8478,0.97576,-38.3566,0,2487.17,50.7023,-0,-314.309,119.252,119.252,2.31696,10,0,0,-0.0154191,-0,0.0314748,0,1
21.69,-54.1764,0,3082.49,-6.90881,0,235.247,0,0,0,0.999876,0,-0.0157209,0,0,0.00317013,0,85.8403,0.975722,-38.4037,0,2492.58,50.7722,-0,-314.647,119.246,119.246,2.31681,10,0,0,-0.0154045,-0,0.031443,0,1
21.7,-54.2455,0,3084.84,-6.91535,0,235.403,0,0,0,0.999877,0,-0.015705,0,0,0.00315717,0,85.8328,0.975685,-38.4507,0,2498,50.842,-0,-314.987,119.239,119.239,2.31666,10,0,0,-0.01539,-0,0.0314114,0,1
21.71,-54.3147,0,3087.2,-6.9219,0,235.559,0,0,0,0.999877,0,-0.0156893,0,0,0.00314425,0,85.8253,0.975647,-38.4978,0,2503.41,50.9119,-0,-315.328,119.233,119.233,2.31651,10,0,0,-0.0153755,-0,0.0313799,0,1
21.72,-54.384,0,3089.56,-6.92846,0,235.716,0,0,0,0.999877,0,-0.0156736,0,0,0.00313138,0,85.8178,0.975609,-38.5449,0,2508.82,50.9817,-0,-315.671,119.227,119.227,2.31636,10,0,0,-0.0153611,-0,0.0313485,0,1
21.73,-54.4533,0,3091.91,-6.93503,0,235.874,0,0,0,0.999877,0,-0.015658,0,0,0.00311855,0,85.8102,0.975571,-38.592,0,2514.23,51.0515,-0,-316.016,119.22,119.22,2.3162,10,0,0,-0.0153468,-0,0.0313172,0,1
21.74,-54.5227,0,3094.27,-6.9416,0,236.032,0,0,0,0.999878,0,-0.0156424,0,0,0.00310577,0,85.8026,0.975533,-38.6391,0,2519.65,51.1213,-0,-316.362,119.214,119.214,2.31605,10,0,0,-0.0153325,-0,0.0312861,0,1
21.75,-54.5921,0,3096.63,-6.94819,0,236.191,0,0,0,0.999878,0,-0.0156269,0,0,0.00309303,0,85.795,0.975495,-38.6862,0,2525.06,51.1911,-0,-316.71,119.208,119.208,2.3159,10,0,0,-0.0153183,-0,0.0312551,0,1
21.76,-54.6616,0,3099,-6.95478,0,236.351,0,0,0,0.999878,0,-0.0156115,0,0,0.00308033,0,85.7874,0.975456,-38.7332,0,2530.48,51.2609,-0,-317.06,119.201,119.201,2.31575,10,0,0,-0.0153041,-0,0.0312243,0,1
21.77,-54.7312,0,3101.36,-6.96138,0,236.511,0,0,0,0.999878,0,-0.0155961,0,0,0.00306768,0,85.7798,0.975418,-38.7803,0,2535.89,51.3306,-0,-317.411,119.195,119.195,2.3156,10,0,0,-0.01529,-0,0.0311935,0,1
21.78,-54.8009,0,3103.73,-6.96799,0,236.672,0,0,0,0.999879,0,-0.0155808,0,0,0.00305508,0,85.7721,0.97538,-38.8274,0,2541.31,51.4004,-0,-317.764,119.189,119.189,2.31544,10,0,0,-0.0152759,-0,0.0311629,0,1
21.79,-54.8706,0,3106.09,-6.97461,0,236.833,0,0,0,0.999879,0,-0.0155656,0,0,0.00304252,0,85.7645,0.975341,-38.8745,0,2546.72,51.4701,-0,-318.119,119.182,119.182,2.31529,10,0,0,-0.015262,-0,0.0311324,0,1
21.8,-54.9404,0,3108.46,-6.98123,0,236.995,0,0,0,0.999879,0,-0.0155504,0,0,0.00303001,0,85.7568,0.975303,-38.9216,0,2552.14,51.5398,-0,-318.475,119.176,119.176,2.31514,10,0,0,-0.015248,-0,0.031102,0,1
21.81,-55.0102,0,3110.83,-6.98787,0,237.158,0,0,0,0.999879,0,-0.0155353,0,0,0.00301754,0,85.7491,0.975264,-38.9687,0,2557.55,51.6095,-0,-318.833,119.169,119.169,2.31498,10,0,0,-0.0152341,-0,0.0310718,0,1
21.82,-55.0801,0,3113.21,-6.99451,0,237.321,0,0,0,0.99988,0,-0.0155202,0,0,0.00300512,0,85.7414,0.975225,-39.0158,0,2562.97,51.6792,-0,-319.193,119.163,119.163,2.31483,10,0,0,-0.0152203,-0,0.0310417,0,1
21.83,-55.1501,0,3115.58,-7.00116,0,237.485,0,0,0,0.99988,0,-0.0155052,0,0,0.00299275,0,85.7337,0.975186,-39.063,0,2568.39,51.7488,-0,-319.554,119.156,119.156,2.31467,10,0,0,-0.0152066,-0,0.0310117,0,1
21.84,-55.2201,0,3117.96,-7.00782,0,237.649,0,0,0,0.99988,0,-0.0154903,0,0,0.00298042,0,85.726,0.975148,-39.1101,0,2573.81,51.8185,-0,-319.918,119.15,119.15,2.31452,10,0,0,-0.0151929,-0,0.0309818,0,1
21.85,-55.2902,0,3120.33,-7.01449,0,237.814,0,0,0,0.99988,0,-0.0154754,0,0,0.00296813,0,85.7182,0.975109,-39.1572,0,2579.23,51.8881,-0,-320.282,119.143,119.143,2.31436,10,0,0,-0.0151792,-0,0.0309521,0,1
21.86,-55.3604,0,3122.71,-7.02117,0,237.98,0,0,0,0.99988,0,-0.0154606,0,0,0.00295589,0,85.7104,0.97507,-39.2043,0,2584.65,51.9578,-0,-320.649,119.137,119.137,2.31421,10,0,0,-0.0151656,-0,0.0309225,0,1
21.87,-55.4307,0,3125.09,-7.02785,0,238.146,0,0,0,0.999881,0,-0.0154459,0,0,0.0029437,0,85.7027,0.97503,-39.2515,0,2590.06,52.0274,-0,-321.017,119.13,119.13,2.31405,10,0,0,-0.0151521,-0,0.030893,0,1
21.88,-55.501,0,3127.48,-7.03454,0,238.313,0,0,0,0.999881,0,-0.0154312,0,0,0.00293155,0,85.6949,0.974991,-39.2986,0,2595.48,52.097,-0,-321.387,119.124,119.124,2.3139,10,0,0,-0.0151386,-0,0.0308636,0,1
21.89,-55.5714,0,3129.86,-7.04125,0,238.481,0,0,0,0.999881,0,-0.0154166,0,0,0.00291945,0,85.687,0.974952,-39.3458,0,2600.9,52.1666,-0,-321.759,119.117,119.117,2.31374,10,0,0,-0.0151252,-0,0.0308343,0,1
21.9,-55.6418,0,3132.24,-7.04796,0,238.649,0,0,0,0.999881,0,-0.015402,0,0,0.0029074,0,85.6792,0.974912,-39.3929,0,2606.33,52.2362,-0,-322.132,119.111,119.111,2.31358,10,0,0,-0.0151119,-0,0.0308052,0,1
21.91,-55.7123,0,3134.63,-7.05467,0,238.818,0,0,0,0.999882,0,-0.0153875,0,0,0.00289539,0,85.6714,0.974873,-39.4401,0,2611.75,52.3058,-0,-322.507,119.104,119.104,2.31343,10,0,0,-0.0150986,-0,0.0307762,0,1
21.92,-55.7829,0,3137.02,-7.0614,0,238.987,0,0,0,0.999882,0,-0.015373,0,0,0.00288342,0,85.6635,0.974833,-39.4873,0,2617.17,52.3754,-0,-322.884,119.098,119.098,2.31327,10,0,0,-0.0150853,-0,0.0307473,0,1
21.93,-55.8535,0,3139.41,-7.06814,0,239.157,0,0,0,0.999882,0,-0.0153587,0,0,0.0028715,0,85.6556,0.974794,-39.5344,0,2622.59,52.445,-0,-323.263,119.091,119.091,2.31311,10,0,0,-0.0150721,-0,0.0307185,0,1
21.94,-55.9243,0,3141.8,-7.07488,0,239.328,0,0,0,0.999882,0,-0.0153443,0,0,0.00285963,0,85.6477,0.974754,-39.5816,0,2628.01,52.5145,-0,-323.643,119.085,119.085,2.31295,10,0,0,-0.015059,-0,0.0306899,0,1
21.95,-55.995,0,3144.2,-7.08163,0,239.499,0,0,0,0.999882,0,-0.0153301,0,0,0.00284781,0,85.6398,0.974714,-39.6288,0,2633.44,52.5841,-0,-324.025,119.078,119.078,2.3128,10,0,0,-0.0150459,-0,0.0306613,0,1
21.96,-56.0659,0,3146.59,-7.08839,0,239.671,0,0,0,0.999883,0,-0.0153159,0,0,0.00283602,0,85.6319,0.974674,-39.676,0,2638.86,52.6536,-0,-324.408,119.071,119.071,2.31264,10,0,0,-0.0150329,-0,0.0306329,0,1
21.97,-56.1368,0,3148.99,-7.09516,0,239.843,0,0,0,0.999883,0,-0.0153017,0,0,0.00282429,0,85.6239,0.974634,-39.7232,0,2644.28,52.7232,-0,-324.794,119.065,119.065,2.31248,10,0,0,-0.0150199,-0,0.0306046,0,1
21.98,-56.2078,0,3151.39,-7.10194,0,240.016,0,0,0,0.999883,0,-0.0152876,0,0,0.0028126,0,85.616,0.974594,-39.7705,0,2649.71,52.7927,-0,-325.181,119.058,119.058,2.31232,10,0,0,-0.015007,-0,0.0305764,0,1
21.99,-56.2789,0,3153.79,-7.10872,0,240.19,0,0,0,0.999883,0,-0.0152736,0,0,0.00280096,0,85.608,0.974554,-39.8177,0,2655.13,52.8623,-0,-325.57,119.051,119.051,2.31216,10,0,0,-0.0149941,-0,0.0305484,0,1
22,-56.35,0,3156.2,-7.11552,0,240.364,0,0,0,0.999884,0,-0.0152596,0,0,0.00278936,0,85.6,0.974514,-39.8649,0,2660.56,52.9318,-0,-325.96,119.045,119.045,2.312,10,0,0,-0.0149813,-0,0.0305204,0,1
22.01,-56.4212,0,3158.6,-7.1223,0,240.538,0,0,0,0.999884,0,-0.0152457,0,0,0.00276102,0,85.592,0.974473,-39.7865,0,2657.34,53.0011,-0,-326.351,119.038,119.038,2.31184,10,0,0,-0.0149702,-0,0.0304926,0,1
22.02,-56.4924,0,3161.01,-7.12904,0,240.712,0,0,0,0.999884,0,-0.0152321,0,0,0.00270586,0,85.584,0.974433,-39.7158,0,2654.12,53.0697,-0,-326.741,119.031,119.031,2.31168,10,0,0,-0.0149621,-0,0.0304653,0,1
22.03,-56.5637,0,3163.41,-7.13574,0,240.886,0,0,0,0.999884,0,-0.0152187,0,0,0.00262856,0,85.576,0.974393,-39.6521,0,2650.89,53.1373,-0,-327.129,119.025,119.025,2.31152,10,0,0,-0.0149564,-0,0.0304386,0,1
22.04,-56.6351,0,3165.82,-7.14241,0,241.059,0,0,0,0.999884,0,-0.0152058,0,0,0.00253313,0,85.5681,0.974353,-39.5944,0,2647.67,53.2035,-0,-327.517,119.018,119.018,2.31136,10,0,0,-0.0149531,-0,0.0304128,0,1
22.05,-56.7066,0,3168.23,-7.14905,0,241.232,0,0,0,0.999885,0,-0.0151934,0,0,0.00242306,0,85.5601,0.974313,-39.5421,0,2644.45,53.2683,-0,-327.904,119.011,119.011,2.3112,10,0,0,-0.0149517,-0,0.030388,0,1
22.06,-56.7781,0,3170.65,-7.15566,0,241.404,0,0,0,0.999885,0,-0.0151816,0,0,0.00230135,0,85.5522,0.974273,-39.4944,0,2641.23,53.3315,-0,-328.29,119.005,119.005,2.31104,10,0,0,-0.014952,-0,0.0303643,0,1
22.07,-56.8497,0,3173.06,-7.16223,0,241.576,0,0,0,0.999885,0,-0.0151704,0,0,0.00217057,0,85.5442,0.974233,-39.4508,0,2638,53.3928,-0,-328.674,118.998,118.998,2.31088,10,0,0,-0.0149539,-0,0.030342,0,1
22.08,-56.9214,0,3175.48,-7.16878,0,241.748,0,0,0,0.999885,0,-0.0151599,0,0,0.00203291,0,85.5363,0.974193,-39.4108,0,2634.78,53.4522,-0,-329.058,118.991,118.991,2.31073,10,0,0,-0.0149572,-0,0.030321,0,1
22.09,-56.9931,0,3177.9,-7.17529,0,241.919,0,0,0,0.999885,0,-0.0151501,0,0,0.00189027,0,85.5284,0.974153,-39.374,0,2631.56,53.5097,-0,-329.441,118.985,118.985,2.31057,10,0,0,-0.0149616,-0,0.0303013,0,1
22.1,-57.0649,0,3180.32,-7.18178,0,242.09,0,0,0,0.999885,0,-0.015141,0,0,0.00174425,0,85.5205,0.974113,-39.34,0,2628.33,53.5651,-0,-329.822,118.978,118.978,2.31041,10,0,0,-0.0149672,-0,0.0302832,0,1
22.11,-57.1367,0,3182.74,-7.18824,0,242.26,0,0,0,0.999885,0,-0.0151327,0,0,0.0015962,0,85.5126,0.974073,-39.3085,0,2625.11,53.6184,-0,-330.203,118.972,118.972,2.31025,10,0,0,-0.0149736,-0,0.0302665,0,1
22.12,-57.2086,0,3185.16,-7.19468,0,242.43,0,0,0,0.999886,0,-0.015125,0,0,0.00144728,0,85.5047,0.974033,-39.2791,0,2621.88,53.6696,-0,-330.583,118.965,118.965,2.31009,10,0,0,-0.0149809,-0,0.0302512,0,1
22.13,-57.2806,0,3187.59,-7.20109,0,242.6,0,0,0,0.999886,0,-0.0151182,0,0,0.00129846,0,85.4969,0.973994,-39.2516,0,2618.66,53.7187,-0,-330.961,118.958,118.958,2.30994,10,0,0,-0.0149889,-0,0.0302375,0,1
22.14,-57.3526,0,3190.02,-7.20747,0,242.769,0,0,0,0.999886,0,-0.0151121,0,0,0.00115055,0,85.489,0.973954,-39.2258,0,2615.43,53.7657,-0,-331.339,118.952,118.952,2.30978,10,0,0,-0.0149976,-0,0.0302253,0,1
22.15,-57.4248,0,3192.44,-7.21384,0,242.938,0,0,0,0.999886,0,-0.0151067,0,0,0.00100421,0,85.4811,0.973914,-39.2014,0,2612.21,53.8107,-0,-331.716,118.945,118.945,2.30962,10,0,0,-0.0150068,-0,0.0302145,0,1
22.16,-57.4969,0,3194.87,-7.22017,0,243.106,0,0,0,0.999886,0,-0.015102,0,0,0.000860003,0,85.4733,0.973875,-39.1784,0,2608.98,53.8535,-0,-332.091,118.939,118.939,2.30947,10,0,0,-0.0150166,-0,0.0302052,0,1
22.17,-57.5692,0,3197.31,-7.22649,0,243.274,0,0,0,0.999886,0,-0.0150981,0,0,0.000718377,0,85.4655,0.973835,-39.1565,0,2605.76,53.8944,-0,-332.466,118.932,118.932,2.30931,10,0,0,-0.0150268,-0,0.0301973,0,1
22.18,-57.6415,0,3199.74,-7.23279,0,243.442,0,0,0,0.999886,0,-0.0150948,0,0,0.000579695,0,85.4576,0.973796,-39.1356,0,2602.53,53.9332,-0,-332.84,118.926,118.926,2.30915,10,0,0,-0.0150374,-0,0.0301908,0,1
22.19,-57.7138,0,3202.17,-7.23906,0,243.609,0,0,0,0.999886,0,-0.0150923,0,0,0.000444244,0,85.4498,0.973756,-39.1155,0,2599.31,53.9701,-0,-333.212,118.919,118.919,2.309,10,0,0,-0.0150484,-0,0.0301857,0,1
22.2,-57.7862,0,3204.61,-7.24532,0,243.776,0,0,0,0.999886,0,-0.0150904,0,0,0.000312245,0,85.442,0.973717,-39.0963,0,2596.08,54.005,-0,-333.584,118.913,118.913,2.30884,10,0,0,-0.0150597,-0,0.0301819,0,1
22.21,-57.8587,0,3207.05,-7.25156,0,243.942,0,0,0,0.999886,0,-0.0150891,0,0,0.000183864,0,85.4342,0.973677,-39.0777,0,2592.85,54.0381,-0,-333.954,118.906,118.906,2.30868,10,0,0,-0.0150713,-0,0.0301794,0,1
22.22,-57.9313,0,3209.49,-7.25777,0,244.108,0,0,0,0.999886,0,-0.0150885,0,0,5.92208e-05,0,85.4264,0.973638,-39.0597,0,2589.63,54.0693,-0,-334.324,118.899,118.899,2.30853,10,0,0,-0.0150832,-0,0.0301782,0,1
22.23,-58.0039,0,3211.93,-7.26397,0,244.274,0,0,0,0.999886,0,-0.0150885,0,0,-6.16073e-05,0,85.4187,0.973599,-39.0422,0,2586.4,54.0988,-0,-334.692,118.893,118.893,2.30837,10,0,0,-0.0150953,-0,0.0301782,0,1
22.24,-58.0765,0,3214.38,-7.27016,0,244.439,0,0,0,0.999886,0,-0.0150891,0,0,-0.000178576,0,85.4109,0.97356,-39.0253,0,2583.17,54.1265,-0,-335.06,118.886,118.886,2.30822,10,0,0,-0.0151076,-0,0.0301794,0,1
22.25,-58.1493,0,3216.82,-7.27632,0,244.604,0,0,0,0.999886,0,-0.0150903,0,0,-0.000291671,0,85.4031,0.97352,-39.0087,0,2579.95,54.1526,-0,-335.426,118.88,118.88,2.30806,10,0,0,-0.0151201,-0,0.0301818,0,1
22.26,-58.2221,0,3219.27,-7.28247,0,244.768,0,0,0,0.999886,0,-0.0150921,0,0,-0.0004009,0,85.3954,0.973481,-38.9925,0,2576.72,54.177,-0,-335.791,118.874,118.874,2.30791,10,0,0,-0.0151327,-0,0.0301853,0,1
22.27,-58.2949,0,3221.72,-7.28861,0,244.932,0,0,0,0.999886,0,-0.0150943,0,0,-0.000506293,0,85.3877,0.973442,-38.9765,0,2573.49,54.1998,-0,-336.156,118.867,118.867,2.30775,10,0,0,-0.0151455,-0,0.0301898,0,1
22.28,-58.3678,0,3224.17,-7.29473,0,245.096,0,0,0,0.999886,0,-0.0150971,0,0,-0.000607896,0,85.3799,0.973403,-38.9609,0,2570.26,54.2211,-0,-336.519,118.861,118.861,2.3076,10,0,0,-0.0151585,-0,0.0301954,0,1
22.29,-58.4408,0,3226.62,-7.30083,0,245.259,0,0,0,0.999886,0,-0.0151004,0,0,-0.000705769,0,85.3722,0.973364,-38.9455,0,2567.03,54.2409,-0,-336.881,118.854,118.854,2.30744,10,0,0,-0.0151715,-0,0.0302019,0,1
22.3,-58.5139,0,3229.07,-7.30692,0,245.422,0,0,0,0.999886,0,-0.0151042,0,0,-0.000799982,0,85.3645,0.973325,-38.9303,0,2563.81,54.2593,-0,-337.242,118.848,118.848,2.30729,10,0,0,-0.0151847,-0,0.0302095,0,1
22.31,-58.587,0,3231.53,-7.313,0,245.584,0,0,0,0.999886,0,-0.0151084,0,0,-0.000890616,0,85.3568,0.973286,-38.9153,0,2560.58,54.2763,-0,-337.602,118.841,118.841,2.30714,10,0,0,-0.015198,-0,0.0302179,0,1
22.32,-58.6601,0,3233.98,-7.31906,0,245.746,0,0,0,0.999886,0,-0.0151131,0,0,-0.000977756,0,85.3491,0.973248,-38.9004,0,2557.35,54.292,-0,-337.962,118.835,118.835,2.30698,10,0,0,-0.0152114,-0,0.0302273,0,1
22.33,-58.7333,0,3236.44,-7.32511,0,245.908,0,0,0,0.999886,0,-0.0151182,0,0,-0.00106149,0,85.3415,0.973209,-38.8857,0,2554.12,54.3063,-0,-338.32,118.828,118.828,2.30683,10,0,0,-0.0152249,-0,0.0302375,0,1
22.34,-58.8066,0,3238.9,-7.33114,0,246.069,0,0,0,0.999886,0,-0.0151237,0,0,-0.00114193,0,85.3338,0.97317,-38.8711,0,2550.89,54.3194,-0,-338.677,118.822,118.822,2.30668,10,0,0,-0.0152384,-0,0.0302485,0,1
22.35,-58.88,0,3241.36,-7.33717,0,246.23,0,0,0,0.999886,0,-0.0151296,0,0,-0.00121916,0,85.3261,0.973131,-38.8566,0,2547.66,54.3313,-0,-339.033,118.816,118.816,2.30652,10,0,0,-0.0152521,-0,0.0302603,0,1
22.36,-58.9534,0,3243.83,-7.34318,0,246.391,0,0,0,0.999885,0,-0.0151359,0,0,-0.00129328,0,85.3185,0.973093,-38.8422,0,2544.43,54.3421,-0,-339.387,118.809,118.809,2.30637,10,0,0,-0.0152658,-0,0.0302729,0,1
22.37,-59.0268,0,3246.29,-7.34918,0,246.551,0,0,0,0.999885,0,-0.0151425,0,0,-0.00136439,0,85.3109,0.973054,-38.8278,0,2541.2,54.3517,-0,-339.741,118.803,118.803,2.30622,10,0,0,-0.0152795,-0,0.0302862,0,1
22.38,-59.1004,0,3248.76,-7.35517,0,246.71,0,0,0,0.999885,0,-0.0151495,0,0,-0.00143261,0,85.3032,0.973015,-38.8135,0,2537.97,54.3602,-0,-340.094,118.796,118.796,2.30606,10,0,0,-0.0152933,-0,0.0303001,0,1
22.39,-59.1739,0,3251.23,-7.36115,0,246.87,0,0,0,0.999885,0,-0.0151568,0,0,-0.00149802,0,85.2956,0.972977,-38.7993,0,2534.74,54.3676,-0,-340.446,118.79,118.79,2.30591,10,0,0,-0.0153072,-0,0.0303148,0,1
22.4,-59.2476,0,3253.69,-7.36712,0,247.029,0,0,0,0.999885,0,-0.0151645,0,0,-0.00156073,0,85.288,0.972938,-38.785,0,2531.51,54.3741,-0,-340.796,118.784,118.784,2.30576,10,0,0,-0.0153211,-0,0.0303301,0,1
22.41,-59.3213,0,3256.17,-7.37307,0,247.187,0,0,0,0.999885,0,-0.0151724,0,0,-0.00162083,0,85.2804,0.9729,-38.7708,0,2528.28,54.3796,-0,-341.146,118.777,118.777,2.30561,10,0,0,-0.0153351,-0,0.030346,0,1
22.42,-59.395,0,3258.64,-7.37902,0,247.345,0,0,0,0.999885,0,-0.0151807,0,0,-0.00167843,0,85.2728,0.972862,-38.7567,0,2525.05,54.3841,-0,-341.494,118.771,118.771,2.30546,10,0,0,-0.0153491,-0,0.0303625,0,1
22.43,-59.4689,0,3261.11,-7.38495,0,247.503,0,0,0,0.999885,0,-0.0151892,0,0,-0.00173362,0,85.2653,0.972823,-38.7425,0,2521.81,54.3877,-0,-341.842,118.765,118.765,2.30531,10,0,0,-0.0153631,-0,0.0303796,0,1
22.44,-59.5427,0,3263.59,-7.39088,0,247.66,0,0,0,0.999885,0,-0.015198,0,0,-0.00178649,0,85.2577,0.972785,-38.7283,0,2518.58,54.3904,-0,-342.188,118.758,118.758,2.30515,10,0,0,-0.0153772,-0,0.0303972,0,1
22.45,-59.6167,0,3266.07,-7.3968,0,247.817,0,0,0,0.999884,0,-0.0152071,0,0,-0.00183713,0,85.2501,0.972747,-38.7142,0,2515.35,54.3923,-0,-342.533,118.752,118.752,2.305,10,0,0,-0.0153914,-0,0.0304153,0,1
22.46,-59.6907,0,3268.54,-7.4027,0,247.974,0,0,0,0.999884,0,-0.0152164,0,0,-0.00188564,0,85.2426,0.972709,-38.7,0,2512.12,54.3934,-0,-342.878,118.746,118.746,2.30485,10,0,0,-0.0154055,-0,0.0304339,0,1
22.47,-59.7647,0,3271.03,-7.4086,0,248.13,0,0,0,0.999884,0,-0.0152259,0,0,-0.00193209,0,85.2351,0.97267,-38.6858,0,2508.89,54.3936,-0,-343.221,118.739,118.739,2.3047,10,0,0,-0.0154197,-0,0.030453,0,1
22.48,-59.8388,0,3273.51,-7.41449,0,248.285,0,0,0,0.999884,0,-0.0152357,0,0,-0.00197657,0,85.2275,0.972632,-38.6716,0,2505.65,54.3931,-0,-343.563,118.733,118.733,2.30455,10,0,0,-0.0154339,-0,0.0304725,0,1
22.49,-59.913,0,3275.99,-7.42037,0,248.441,0,0,0,0.999884,0,-0.0152457,0,0,-0.00201916,0,85.22,0.972594,-38.6573,0,2502.42,54.3919,-0,-343.904,118.727,118.727,2.3044,10,0,0,-0.0154482,-0,0.0304925,0,1
22.5,-59.9873,0,3278.48,-7.42624,0,248.596,0,0,0,0.999884,0,-0.0152559,0,0,-0.00205993,0,85.2125,0.972556,-38.6431,0,2499.19,54.3899,-0,-344.244,118.721,118.721,2.30425,10,0,0,-0.0154625,-0,0.0305129,0,1
22.51,-60.0615,0,3280.96,-7.43211,0,248.75,0,0,0,0.999883,0,-0.0152663,0,0,-0.00209897,0,85.205,0.972518,-38.6288,0,2495.95,54.3873,-0,-344.582,118.714,118.714,2.3041,10,0,0,-0.0154768,-0,0.0305337,0,1
22.52,-60.1359,0,3283.45,-7.43796,0,248.904,0,0,0,0.999883,0,-0.0152769,0,0,-0.00213635,0,85.1975,0.97248,-38.6144,0,2492.72,54.384,-0,-344.92,118.708,118.708,2.30395,10,0,0,-0.0154911,-0,0.0305549,0,1
22.53,-60.2103,0,3285.94,-7.44381,0,249.058,0,0,0,0.999883,0,-0.0152876,0,0,-0.00217212,0,85.1901,0.972443,-38.6001,0,2489.49,54.38,-0,-345.257,118.702,118.702,2.3038,10,0,0,-0.0155054,-0,0.0305764,0,1
22.54,-60.2848,0,3288.43,-7.44965,0,249.211,0,0,0,0.999883,0,-0.0152986,0,0,-0.00220637,0,85.1826,0.972405,-38.5857,0,2486.25,54.3754,-0,-345.592,118.696,118.696,2.30365,10,0,0,-0.0155198,-0,0.0305983,0,1
22.55,-60.3593,0,3290.93,-7.45548,0,249.364,0,0,0,0.999883,0,-0.0153097,0,0,-0.00223916,0,85.1752,0.972367,-38.5712,0,2483.02,54.3702,-0,-345.927,118.689,118.689,2.3035,10,0,0,-0.0155342,-0,0.0306206,0,1
22.56,-60.4339,0,3293.42,-7.4613,0,249.517,0,0,0,0.999883,0,-0.015321,0,0,-0.00227054,0,85.1677,0.972329,-38.5567,0,2479.78,54.3645,-0,-346.26,118.683,118.683,2.30335,10,0,0,-0.0155486,-0,0.0306431,0,1
22.57,-60.5085,0,3295.92,-7.46712,0,249.669,0,0,0,0.999882,0,-0.0153324,0,0,-0.00230059,0,85.1603,0.972292,-38.5422,0,2476.55,54.3581,-0,-346.592,118.677,118.677,2.30321,10,0,0,-0.015563,-0,0.030666,0,1
22.58,-60.5832,0,3298.41,-7.47293,0,249.821,0,0,0,0.999882,0,-0.015344,0,0,-0.00232934,0,85.1528,0.972254,-38.5276,0,2473.31,54.3512,-0,-346.924,118.671,118.671,2.30306,10,0,0,-0.0155775,-0,0.0306891,0,1
22.59,-60.658,0,3300.91,-7.47873,0,249.972,0,0,0,0.999882,0,-0.0153557,0,0,-0.00235687,0,85.1454,0.972216,-38.5129,0,2470.08,54.3438,-0,-347.254,118.664,118.664,2.30291,10,0,0,-0.015592,-0,0.0307125,0,1
22.6,-60.7328,0,3303.41,-7.48452,0,250.123,0,0,0,0.999882,0,-0.0153675,0,0,-0.00238323,0,85.138,0.972179,-38.4982,0,2466.84,54.3359,-0,-347.583,118.658,118.658,2.30276,10,0,0,-0.0156064,-0,0.0307362,0,1
22.61,-60.8077,0,3305.91,-7.49031,0,250.273,0,0,0,0.999882,0,-0.0153795,0,0,-0.00240845,0,85.1306,0.972141,-38.4835,0,2463.61,54.3275,-0,-347.91,118.652,118.652,2.30261,10,0,0,-0.0156209,-0,0.0307602,0,1
22.62,-60.8826,0,3308.42,-7.49608,0,250.423,0,0,0,0.999882,0,-0.0153916,0,0,-0.0024326,0,85.1233,0.972104,-38.4686,0,2460.37,54.3186,-0,-348.237,118.646,118.646,2.30247,10,0,0,-0.0156355,-0,0.0307844,0,1
22.63,-60.9576,0,3310.92,-7.50186,0,250.573,0,0,0,0.999881,0,-0.0154038,0,0,-0.00245572,0,85.1159,0.972066,-38.4538,0,2457.14,54.3092,-0,-348.563,118.64,118.64,2.30232,10,0,0,-0.01565,-0,0.0308089,0,1
22.64,-61.0326,0,3313.43,-7.50762,0,250.723,0,0,0,0.999881,0,-0.0154162,0,0,-0.00247785,0,85.1085,0.972029,-38.4388,0,2453.9,54.2994,-0,-348.888,118.634,118.634,2.30217,10,0,0,-0.0156645,-0,0.0308335,0,1
22.65,-61.1077,0,3315.94,-7.51338,0,250.872,0,0,0,0.999881,0,-0.0154286,0,0,-0.00249904,0,85.1012,0.971992,-38.4238,0,2450.66,54.2891,-0,-349.211,118.627,118.627,2.30202,10,0,0,-0.0156791,-0,0.0308584,0,1
22.66,-61.1829,0,3318.45,-7.51913,0,251.02,0,0,0,0.999881,0,-0.0154411,0,0,-0.00251933,0,85.0938,0.971955,-38.4087,0,2447.43,54.2784,-0,-349.533,118.621,118.621,2.30188,10,0,0,-0.0156937,-0,0.0308835,0,1
22.67,-61.2581,0,3320.96,-7.52488,0,251.168,0,0,0,0.999881,0,-0.0154538,0,0,-0.00253875,0,85.0865,0.971917,-38.3936,0,2444.19,54.2673,-0,-349.855,118.615,118.615,2.30173,10,0,0,-0.0157083,-0,0.0309088,0,1
22.68,-61.3334,0,3323.47,-7.53061,0,251.316,0,0,0,0.99988,0,-0.0154665,0,0,-0.00255735,0,85.0792,0.97188,-38.3784,0,2440.95,54.2558,-0,-350.175,118.609,118.609,2.30158,10,0,0,-0.0157229,-0,0.0309343,0,1
22.69,-61.4087,0,3325.98,-7.53635,0,251.463,0,0,0,0.99988,0,-0.0154794,0,0,-0.00257516,0,85.0718,0.971843,-38.3631,0,2437.71,54.2438,-0,-350.494,118.603,118.603,2.30144,10,0,0,-0.0157375,-0,0.0309599,0,1
22.7,-61.4841,0,3328.5,-7.54207,0,251.61,0,0,0,0.99988,0,-0.0154923,0,0,-0.00259222,0,85.0645,0.971806,-38.3478,0,2434.48,54.2316,-0,-350.812,118.597,118.597,2.30129,10,0,0,-0.0157521,-0,0.0309858,0,1
22.71,-61.5596,0,3331.02,-7.54779,0,251.757,0,0,0,0.99988,0,-0.0155053,0,0,-0.00260856,0,85.0572,0.971769,-38.3323,0,2431.24,54.2189,-0,-351.129,118.591,118.591,2.30114,10,0,0,-0.0157667,-0,0.0310118,0,1
22.72,-61.6351,0,3333.53,-7.5535,0,251.903,0,0,0,0.99988,0,-0.0155184,0,0,-0.0026242,0,85.05,0.971732,-38.3169,0,2428,54.2059,-0,-351.444,118.584,118.584,2.301,10,0,0,-0.0157814,-0,0.0310379,0,1
22.73,-61.7106,0,3336.05,-7.55921,0,252.049,0,0,0,0.999879,0,-0.0155315,0,0,-0.00263919,0,85.0427,0.971695,-38.3013,0,2424.76,54.1925,-0,-351.759,118.578,118.578,2.30085,10,0,0,-0.0157961,-0,0.0310643,0,1
22.74,-61.7863,0,3338.58,-7.56491,0,252.194,0,0,0,0.999879,0,-0.0155447,0,0,-0.00265354,0,85.0354,0.971658,-38.2857,0,2421.52,54.1788,-0,-352.072,118.572,118.572,2.30071,10,0,0,-0.0158107,-0,0.0310907,0,1
22.75,-61.8619,0,3341.1,-7.5706,0,252.339,0,0,0,0.999879,0,-0.015558,0,0,-0.00266729,0,85.0282,0.971621,-38.27,0,2418.29,54.1648,-0,-352.385,118.566,118.566,2.30056,10,0,0,-0.0158254,-0,0.0311173,0,1
22.76,-61.9377,0,3343.62,-7.57629,0,252.484,0,0,0,0.999879,0,-0.0155714,0,0,-0.00268047,0,85.0209,0.971584,-38.2542,0,2415.05,54.1504,-0,-352.696,118.56,118.56,2.30042,10,0,0,-0.0158401,-0,0.0311441,0,1
22.77,-62.0135,0,3346.15,-7.58197,0,252.628,0,0,0,0.999879,0,-0.0155848,0,0,-0.0026931,0,85.0137,0.971548,-38.2383,0,2411.81,54.1357,-0,-353.006,118.554,118.554,2.30027,10,0,0,-0.0158548,-0,0.0311709,0,1
22.78,-62.0893,0,3348.67,-7.58764,0,252.772,0,0,0,0.999878,0,-0.0155983,0,0,-0.00270519,0,85.0065,0.971511,-38.2224,0,2408.57,54.1207,-0,-353.315,118.548,118.548,2.30013,10,0,0,-0.0158695,-0,0.0311979,0,1
22.79,-62.1652,0,3351.2,-7.59331,0,252.915,0,0,0,0.999878,0,-0.0156119,0,0,-0.00271679,0,84.9992,0.971474,-38.2064,0,2405.33,54.1054,-0,-353.623,118.542,118.542,2.29998,10,0,0,-0.0158842,-0,0.031225,0,1
22.8,-62.2412,0,3353.73,-7.59897,0,253.058,0,0,0,0.999878,0,-0.0156255,0,0,-0.0027279,0,84.992,0.971438,-38.1903,0,2402.09,54.0898,-0,-353.93,118.536,118.536,2.29984,10,0,0,-0.0158989,-0,0.0312523,0,1
22.81,-62.3172,0,3356.26,-7.60463,0,253.201,0,0,0,0.999878,0,-0.0156392,0,0,-0.00273855,0,84.9848,0.971401,-38.1741,0,2398.85,54.074,-0,-354.235,118.53,118.53,2.2997,10,0,0,-0.0159137,-0,0.0312796,0,1
22.82,-62.3933,0,3358.8,-7.61028,0,253.343,0,0,0,0.999877,0,-0.0156529,0,0,-0.00274877,0,84.9777,0.971365,-38.1579,0,2395.61,54.0578,-0,-354.54,118.524,118.524,2.29955,10,0,0,-0.0159284,-0,0.031307,0,1
22.83,-62.4694,0,3361.33,-7.61592,0,253.485,0,0,0,0.999877,0,-0.0156666,0,0,-0.00275856,0,84.9705,0.971328,-38.1415,0,2392.37,54.0414,-0,-354.843,118.518,118.518,2.29941,10,0,0,-0.0159431,-0,0.0313346,0,1
22.84,-62.5456,0,3363.87,-7.62156,0,253.626,0,0,0,0.999877,0,-0.0156805,0,0,-0.00276795,0,84.9633,0.971292,-38.1251,0,2389.12,54.0247,-0,-355.146,118.512,118.512,2.29927,10,0,0,-0.0159579,-0,0.0313622,0,1
22.85,-62.6218,0,3366.4,-7.6272,0,253.767,0,0,0,0.999877,0,-0.0156943,0,0,-0.00277696,0,84.9562,0.971255,-38.1086,0,2385.88,54.0077,-0,-355.447,118.506,118.506,2.29912,10,0,0,-0.0159727,-0,0.0313899,0,1
22.86,-62.6981,0,3368.94,-7.63282,0,253.908,0,0,0,0.999877,0,-0.0157082,0,0,-0.0027856,0,84.949,0.971219,-38.092,0,2382.64,53.9905,-0,-355.747,118.5,118.5,2.29898,10,0,0,-0.0159874,-0,0.0314177,0,1
22.87,-62.7745,0,3371.48,-7.63844,0,254.048,0,0,0,0.999876,0,-0.0157222,0,0,-0.00279389,0,84.9419,0.971183,-38.0754,0,2379.4,53.973,-0,-356.046,118.494,118.494,2.29884,10,0,0,-0.0160022,-0,0.0314456,0,1
22.88,-62.8509,0,3374.02,-7.64406,0,254.188,0,0,0,0.999876,0,-0.0157362,0,0,-0.00280185,0,84.9348,0.971147,-38.0586,0,2376.16,53.9553,-0,-356.343,118.488,118.488,2.2987,10,0,0,-0.016017,-0,0.0314736,0,1
22.89,-62.9274,0,3376.57,-7.64967,0,254.327,0,0,0,0.999876,0,-0.0157502,0,0,-0.00280948,0,84.9276,0.971111,-38.0418,0,2372.92,53.9374,-0,-356.64,118.482,118.482,2.29855,10,0,0,-0.0160318,-0,0.0315017,0,1
22.9,-63.0039,0,3379.11,-7.65527,0,254.466,0,0,0,0.999876,0,-0.0157643,0,0,-0.00281681,0,84.9205,0.971074,-38.0249,0,2369.67,53.9192,-0,-356.935,118.476,118.476,2.29841,10,0,0,-0.0160466,-0,0.0315298,0,1
22.91,-63.0805,0,3381.66,-7.66087,0,254.605,0,0,0,0.999876,0,-0.0157784,0,0,-0.00282385,0,84.9135,0.971038,-38.0079,0,2366.43,53.9008,-0,-357.23,118.47,118.47,2.29827,10,0,0,-0.0160614,-0,0.031558,0,1
22.92,-63.1571,0,3384.2,-7.66646,0,254.743,0,0,0,0.999875,0,-0.0157925,0,0,-0.00283061,0,84.9064,0.971002,-37.9908,0,2363.19,53.8821,-0,-357.523,118.464,118.464,2.29813,10,0,0,-0.0160762,-0,0.0315863,0,1
22.93,-63.2338,0,3386.75,-7.67205,0,254.881,0,0,0,0.999875,0,-0.0158067,0,0,-0.0028371,0,84.8993,0.970966,-37.9737,0,2359.94,53.8632,-0,-357.815,118.458,118.458,2.29799,10,0,0,-0.016091,-0,0.0316146,0,1
22.94,-63.3106,0,3389.3,-7.67763,0,255.019,0,0,0,0.999875,0,-0.0158209,0,0,-0.00284333,0,84.8922,0.97093,-37.9564,0,2356.7,53.8441,-0,-358.106,118.452,118.452,2.29784,10,0,0,-0.0161058,-0,0.031643,0,1
22.95,-63.3874,0,3391.85,-7.6832,0,255.156,0,0,0,0.999875,0,-0.0158351,0,0,-0.00284933,0,84.8852,0.970894,-37.9391,0,2353.46,53.8248,-0,-358.396,118.447,118.447,2.2977,10,0,0,-0.0161207,-0,0.0316715,0,1
22.96,-63.4642,0,3394.4,-7.68877,0,255.292,0,0,0,0.999874,0,-0.0158493,0,0,-0.00285509,0,84.8781,0.970859,-37.9217,0,2350.21,53.8053,-0,-358.684,118.441,118.441,2.29756,10,0,0,-0.0161355,-0,0.0317,0,1
22.97,-63.5411,0,3396.96,-7.69433,0,255.429,0,0,0,0.999874,0,-0.0158636,0,0,-0.00286063,0,84.8711,0.970823,-37.9042,0,2346.97,53.7856,-0,-358.972,118.435,118.435,2.29742,10,0,0,-0.0161504,-0,0.0317286,0,1
22.98,-63.6181,0,3399.51,-7.69989,0,255.564,0,0,0,0.999874,0,-0.0158779,0,0,-0.00286595,0,84.8641,0.970787,-37.8866,0,2343.72,53.7656,-0,-359.258,118.429,118.429,2.29728,10,0,0,-0.0161652,-0,0.0317572,0,1
22.99,-63.6951,0,3402.07,-7.70544,0,255.7,0,0,0,0.999874,0,-0.0158923,0,0,-0.00287108,0,84.8571,0.970751,-37.8689,0,2340.48,53.7455,-0,-359.543,118.423,118.423,2.29714,10,0,0,-0.0161801,-0,0.0317859,0,1
23,-63.7722,0,3404.63,-7.71098,0,255.835,0,0,0,0.999873,0,-0.0159067,0,0,-0.00287601,0,84.85,0.970716,-37.8512,0,2337.23,53.7252,-0,-359.828,118.417,118.417,2.297,10,0,0,-0.0161949,-0,0.0318146,0,1
23.01,-63.8494,0,3407.18,-7.71652,0,255.97,0,0,0,0.999873,0,-0.015921,0,0,-0.00288076,0,84.8431,0.97068,-37.8333,0,2333.99,53.7047,-0,-360.11,118.411,118.411,2.29686,10,0,0,-0.0162098,-0,0.0318434,0,1
23.02,-63.9266,0,3409.74,-7.72206,0,256.104,0,0,0,0.999873,0,-0.0159355,0,0,-0.00288533,0,84.8361,0.970644,-37.8154,0,2330.74,53.6839,-0,-360.392,118.405,118.405,2.29672,10,0,0,-0.0162247,-0,0.0318723,0,1
23.03,-64.0038,0,3412.31,-7.72759,0,256.238,0,0,0,0.999873,0,-0.0159499,0,0,-0.00288973,0,84.8291,0.970609,-37.7974,0,2327.5,53.663,-0,-360.673,118.4,118.4,2.29658,10,0,0,-0.0162395,-0,0.0319011,0,1
23.04,-64.0811,0,3414.87,-7.73311,0,256.371,0,0,0,0.999873,0,-0.0159643,0,0,-0.00289398,0,84.8221,0.970574,-37.7793,0,2324.25,53.6419,-0,-360.952,118.394,118.394,2.29644,10,0,0,-0.0162544,-0,0.0319301,0,1
23.05,-64.1585,0,3417.43,-7.73862,0,256.504,0,0,0,0.999872,0,-0.0159788,0,0,-0.00289807,0,84.8152,0.970538,-37.7611,0,2321.01,53.6206,-0,-361.231,118.388,118.388,2.2963,10,0,0,-0.0162693,-0,0.031959,0,1
23.06,-64.2359,0,3420,-7.74414,0,256.637,0,0,0,0.999872,0,-0.0159933,0,0,-0.00290201,0,84.8082,0.970503,-37.7428,0,2317.76,53.5992,-0,-361.508,118.382,118.382,2.29616,10,0,0,-0.0162842,-0,0.031988,0,1
23.07,-64.3133,0,3422.57,-7.74964,0,256.769,0,0,0,0.999872,0,-0.0160078,0,0,-0.00290582,0,84.8013,0.970467,-37.7244,0,2314.51,53.5775,-0,-361.784,118.376,118.376,2.29603,10,0,0,-0.0162991,-0,0.0320171,0,1
23.08,-64.3909,0,3425.13,-7.75514,0,256.901,0,0,0,0.999872,0,-0.0160224,0,0,-0.00290949,0,84.7944,0.970432,-37.7059,0,2311.27,53.5557,-0,-362.059,118.371,118.371,2.29589,10,0,0,-0.016314,-0,0.0320461,0,1
23.09,-64.4684,0,3427.7,-7.76063,0,257.033,0,0,0,0.999871,0,-0.0160369,0,0,-0.00291304,0,84.7875,0.970397,-37.6874,0,2308.02,53.5337,-0,-362.333,118.365,118.365,2.29575,10,0,0,-0.0163289,-0,0.0320752,0,1
23.1,-64.5461,0,3430.28,-7.76612,0,257.164,0,0,0,0.999871,0,-0.0160515,0,0,-0.00291647,0,84.7806,0.970362,-37.6687,0,2304.77,53.5116,-0,-362.605,118.359,118.359,2.29561,10,0,0,-0.0163438,-0,0.0321044,0,1
23.11,-64.6238,0,3432.85,-7.7716,0,257.295,0,0,0,0.999871,0,-0.0160661,0,0,-0.00291978,0,84.7737,0.970327,-37.65,0,2301.52,53.4892,-0,-362.877,118.353,118.353,2.29547,10,0,0,-0.0163588,-0,0.0321336,0,1
23.12,-64.7015,0,3435.42,-7.77708,0,257.425,0,0,0,0.999871,0,-0.0160807,0,0,-0.00292298,0,84.7668,0.970291,-37.6312,0,2298.28,53.4667,-0,-363.147,118.347,118.347,2.29534,10,0,0,-0.0163737,-0,0.0321628,0,1
23.13,-64.7793,0,3438,-7.78255,0,257.555,0,0,0,0.99987,0,-0.0160953,0,0,-0.00292608,0,84.7599,0.970256,-37.6123,0,2295.03,53.4441,-0,-363.416,118.342,118.342,2.2952,10,0,0,-0.0163886,-0,0.032192,0,1
23.14,-64.8572,0,3440.57,-7.78801,0,257.684,0,0,0,0.99987,0,-0.01611,0,0,-0.00292908,0,84.753,0.970221,-37.5933,0,2291.78,53.4212,-0,-363.684,118.336,118.336,2.29506,10,0,0,-0.0164036,-0,0.0322213,0,1
23.15,-64.9351,0,3443.15,-7.79347,0,257.813,0,0,0,0.99987,0,-0.0161246,0,0,-0.00293198,0,84.7462,0.970187,-37.5742,0,2288.53,53.3982,-0,-363.951,118.33,118.33,2.29492,10,0,0,-0.0164185,-0,0.0322506,0,1
23.16,-65.013,0,3445.73,-7.79893,0,257.942,0,0,0,0.99987,0,-0.0161393,0,0,-0.00293479,0,84.7393,0.970152,-37.555,0,2285.28,53.3751,-0,-364.216,118.324,118.324,2.29479,10,0,0,-0.0164335,-0,0.0322799,0,1
23.17,-65.0911,0,3448.31,-7.80437,0,258.07,0,0,0,0.99987,0,-0.016154,0,0,-0.00293752,0,84.7325,0.970117,-37.5358,0,2282.03,53.3517,-0,-364.481,118.319,118.319,2.29465,10,0,0,-0.0164484,-0,0.0323093,0,1
23.18,-65.1691,0,3450.89,-7.80981,0,258.198,0,0,0,0.999869,0,-0.0161686,0,0,-0.00294017,0,84.7257,0.970082,-37.5164,0,2278.78,53.3282,-0,-364.744,118.313,118.313,2.29451,10,0,0,-0.0164634,-0,0.0323387,0,1
23.19,-65.2472,0,3453.47,-7.81525,0,258.326,0,0,0,0.999869,0,-0.0161834,0,0,-0.00294274,0,84.7189,0.970047,-37.497,0,2275.53,53.3046,-0,-365.006,118.307,118.307,2.29438,10,0,0,-0.0164783,-0,0.0323681,0,1
23.2,-65.3254,0,3456.06,-7.82068,0,258.453,0,0,0,0.999869,0,-0.0161981,0,0,-0.00294523,0,84.7121,0.970012,-37.4775,0,2272.28,53.2808,-0,-365.267,118.302,118.302,2.29424,10,0,0,-0.0164933,-0,0.0323976,0,1
23.21,-65.4037,0,3458.64,-7.8261,0,258.58,0,0,0,0.999869,0,-0.0162128,0,0,-0.00294766,0,84.7053,0.969978,-37.4579,0,2269.03,53.2569,-0,-365.527,118.296,118.296,2.29411,10,0,0,-0.0165083,-0,0.032427,0,1
23.22,-65.4819,0,3461.23,-7.83152,0,258.706,0,0,0,0.999868,0,-0.0162275,0,0,-0.00295002,0,84.6985,0.969943,-37.4381,0,2265.78,53.2328,-0,-365.786,118.29,118.29,2.29397,10,0,0,-0.0165233,-0,0.0324565,0,1
23.23,-65.5603,0,3463.82,-7.83693,0,258.832,0,0,0,0.999868,0,-0.0162423,0,0,-0.00295232,0,84.6917,0.969909,-37.4183,0,2262.53,53.2085,-0,-366.043,118.285,118.285,2.29383,10,0,0,-0.0165382,-0,0.032486,0,1
23.24,-65.6387,0,3466.4,-7.84234,0,258.958,0,0,0,0.999868,0,-0.0162571,0,0,-0.00295455,0,84.6849,0.969874,-37.3985,0,2259.28,53.1841,-0,-366.3,118.279,118.279,2.2937,10,0,0,-0.0165532,-0,0.0325156,0,1
23.25,-65.7171,0,3469,-7.84774,0,259.083,0,0,0,0.999868,0,-0.0162718,0,0,-0.00295673,0,84.6782,0.96984,-37.3785,0,2256.03,53.1596,-0,-366.555,118.273,118.273,2.29356,10,0,0,-0.0165682,-0,0.0325451,0,1
23.26,-65.7956,0,3471.59,-7.85313,0,259.208,0,0,0,0.999867,0,-0.0162866,0,0,-0.00295886,0,84.6714,0.969805,-37.3584,0,2252.78,53.1349,-0,-366.809,118.268,118.268,2.29343,10,0,0,-0.0165832,-0,0.0325747,0,1
23.27,-65.8742,0,3474.18,-7.85852,0,259.332,0,0,0,0.999867,0,-0.0163014,0,0,-0.00296093,0,84.6647,0.969771,-37.3383,0,2249.53,53.11,-0,-367.062,118.262,118.262,2.29329,10,0,0,-0.0165982,-0,0.0326043,0,1
23.28,-65.9528,0,3476.77,-7.8639,0,259.456,0,0,0,0.999867,0,-0.0163162,0,0,-0.00296296,0,84.658,0.969737,-37.318,0,2246.28,53.085,-0,-367.314,118.256,118.256,2.29316,10,0,0,-0.0166132,-0,0.0326339,0,1
23.29,-66.0315,0,3479.37,-7.86928,0,259.58,0,0,0,0.999867,0,-0.016331,0,0,-0.00296494,0,84.6513,0.969702,-37.2977,0,2243.02,53.0599,-0,-367.564,118.251,118.251,2.29303,10,0,0,-0.0166283,-0,0.0326635,0,1
23.3,-66.1102,0,3481.96,-7.87465,0,259.703,0,0,0,0.999866,0,-0.0163459,0,0,-0.00296688,0,84.6446,0.969668,-37.2773,0,2239.77,53.0346,-0,-367.814,118.245,118.245,2.29289,10,0,0,-0.0166433,-0,0.0326932,0,1
23.31,-66.189,0,3484.56,-7.88002,0,259.825,0,0,0,0.999866,0,-0.0163607,0,0,-0.00296878,0,84.6379,0.969634,-37.2567,0,2236.52,53.0092,-0,-368.062,118.239,118.239,2.29276,10,0,0,-0.0166583,-0,0.0327229,0,1
23.32,-66.2678,0,3487.16,-7.88537,0,259.948,0,0,0,0.999866,0,-0.0163756,0,0,-0.00297064,0,84.6312,0.9696,-37.2361,0,2233.27,52.9836,-0,-368.309,118.234,118.234,2.29262,10,0,0,-0.0166734,-0,0.0327526,0,1
23.33,-66.3467,0,3489.76,-7.89073,0,260.07,0,0,0,0.999866,0,-0.0163904,0,0,-0.00297246,0,84.6245,0.969566,-37.2154,0,2230.01,52.9579,-0,-368.555,118.228,118.228,2.29249,10,0,0,-0.0166884,-0,0.0327823,0,1
23.34,-66.4256,0,3492.36,-7.89607,0,260.191,0,0,0,0.999865,0,-0.0164053,0,0,-0.00297425,0,84.6178,0.969532,-37.1947,0,2226.76,52.9321,-0,-368.799,118.223,118.223,2.29236,10,0,0,-0.0167034,-0,0.032812,0,1
23.35,-66.5046,0,3494.97,-7.90141,0,260.313,0,0,0,0.999865,0,-0.0164202,0,0,-0.00297601,0,84.6112,0.969498,-37.1738,0,2223.51,52.9061,-0,-369.043,118.217,118.217,2.29222,10,0,0,-0.0167185,-0,0.0328418,0,1
23.36,-66.5836,0,3497.57,-7.90675,0,260.433,0,0,0,0.999865,0,-0.016435,0,0,-0.00297773,0,84.6045,0.969464,-37.1528,0,2220.25,52.88,-0,-369.285,118.212,118.212,2.29209,10,0,0,-0.0167335,-0,0.0328715,0,1
23.37,-66.6627,0,3500.17,-7.91208,0,260.554,0,0,0,0.999865,0,-0.0164499,0,0,-0.00297943,0,84.5979,0.96943,-37.1318,0,2217,52.8537,-0,-369.526,118.206,118.206,2.29196,10,0,0,-0.0167486,-0,0.0329013,0,1
23.38,-66.7419,0,3502.78,-7.9174,0,260.674,0,0,0,0.999864,0,-0.0164648,0,0,-0.0029811,0,84.5913,0.969396,-37.1106,0,2213.74,52.8273,-0,-369.766,118.2,118.2,2.29183,10,0,0,-0.0167637,-0,0.0329311,0,1
23.39,-66.8211,0,3505.39,-7.92272,0,260.793,0,0,0,0.999864,0,-0.0164797,0,0,-0.00298275,0,84.5847,0.969362,-37.0894,0,2210.49,52.8008,-0,-370.005,118.195,118.195,2.29169,10,0,0,-0.0167788,-0,0.032961,0,1
23.4,-66.9003,0,3508,-7.92803,0,260.913,0,0,0,0.999864,0,-0.0164946,0,0,-0.00298437,0,84.5781,0.969328,-37.0681,0,2207.23,52.7742,-0,-370.243,118.189,118.189,2.29156,10,0,0,-0.0167938,-0,0.0329908,0,1
23.41,-66.9796,0,3510.61,-7.93333,0,261.032,0,0,0,0.999864,0,-0.0165096,0,0,-0.00298597,0,84.5715,0.969295,-37.0467,0,2203.98,52.7474,-0,-370.479,118.184,118.184,2.29143,10,0,0,-0.0168089,-0,0.0330206,0,1
23.42,-67.059,0,3513.22,-7.93863,0,261.15,0,0,0,0.999863,0,-0.0165245,0,0,-0.00298755,0,84.5649,0.969261,-37.0252,0,2200.72,52.7204,-0,-370.714,118.178,118.178,2.2913,10,0,0,-0.016824,-0,0.0330505,0,1
23.43,-67.1384,0,3515.83,-7.94392,0,261.268,0,0,0,0.999863,0,-0.0165394,0,0,-0.00298911,0,84.5583,0.969227,-37.0036,0,2197.47,52.6934,-0,-370.949,118.173,118.173,2.29117,10,0,0,-0.0168391,-0,0.0330804,0,1
23.44,-67.2179,0,3518.44,-7.94921,0,261.386,0,0,0,0.999863,0,-0.0165544,0,0,-0.00299066,0,84.5518,0.969194,-36.9819,0,2194.21,52.6662,-0,-371.182,118.167,118.167,2.29104,10,0,0,-0.0168542,-0,0.0331103,0,1
23.45,-67.2974,0,3521.06,-7.95449,0,261.503,0,0,0,0.999863,0,-0.0165693,0,0,-0.00299219,0,84.5452,0.96916,-36.9601,0,2190.96,52.6388,-0,-371.413,118.162,118.162,2.2909,10,0,0,-0.0168693,-0,0.0331402,0,1
23.46,-67.377,0,3523.67,-7.95976,0,261.62,0,0,0,0.999862,0,-0.0165843,0,0,-0.0029937,0,84.5387,0.969127,-36.9383,0,2187.7,52.6114,-0,-371.644,118.156,118.156,2.29077,10,0,0,-0.0168844,-0,0.0331701,0,1
23.47,-67.4566,0,3526.29,-7.96503,0,261.736,0,0,0,0.999862,0,-0.0165993,0,0,-0.0029952,0,84.5321,0.969093,-36.9163,0,2184.44,52.5838,-0,-371.873,118.151,118.151,2.29064,10,0,0,-0.0168996,-0,0.0332001,0,1
23.48,-67.5363,0,3528.91,-7.97029,0,261.852,0,0,0,0.999862,0,-0.0166143,0,0,-0.00299669,0,84.5256,0.96906,-36.8943,0,2181.19,52.5561,-0,-372.101,118.145,118.145,2.29051,10,0,0,-0.0169147,-0,0.03323,0,1
23.49,-67.616,0,3531.53,-7.97555,0,261.968,0,0,0,0.999862,0,-0.0166292,0,0,-0.00299817,0,84.5191,0.969027,-36.8722,0,2177.93,52.5282,-0,-372.329,118.14,118.14,2.29038,10,0,0,-0.0169298,-0,0.03326,0,1
23.5,-67.6958,0,3534.15,-7.98079,0,262.083,0,0,0,0.999861,0,-0.0166442,0,0,-0.00299964,0,84.5126,0.968994,-36.85,0,2174.67,52.5002,-0,-372.554,118.135,118.135,2.29025,10,0,0,-0.016945,-0,0.03329,0,1
23.51,-67.7756,0,3536.77,-7.98604,0,262.198,0,0,0,0.999861,0,-0.0166592,0,0,-0.00300109,0,84.5061,0.96896,-36.8277,0,2171.41,52.4721,-0,-372.779,118.129,118.129,2.29012,10,0,0,-0.0169601,-0,0.03332,0,1
23.52,-67.8555,0,3539.39,-7.99127,0,262.312,0,0,0,0.999861,0,-0.0166742,0,0,-0.00300254,0,84.4996,0.968927,-36.8053,0,2168.16,52.4439,-0,-373.003,118.124,118.124,2.28999,10,0,0,-0.0169753,-0,0.03335,0,1
23.53,-67.9354,0,3542.01,-7.9965,0,262.426,0,0,0,0.999861,0,-0.0166893,0,0,-0.00300399,0,84.4931,0.968894,-36.7828,0,2164.9,52.4155,-0,-373.225,118.118,118.118,2.28986,10,0,0,-0.0169904,-0,0.0333801,0,1
23.54,-68.0154,0,3544.64,-8.00173,0,262.54,0,0,0,0.99986,0,-0.0167043,0,0,-0.00300542,0,84.4867,0.968861,-36.7602,0,2161.64,52.387,-0,-373.446,118.113,118.113,2.28973,10,0,0,-0.0170056,-0,0.0334101,0,1
23.55,-68.0955,0,3547.26,-8.00694,0,262.653,0,0,0,0.99986,0,-0.0167193,0,0,-0.00300685,0,84.4802,0.968828,-36.7376,0,2158.38,52.3584,-0,-373.666,118.107,118.107,2.2896,10,0,0,-0.0170208,-0,0.0334402,0,1
23.56,-68.1756,0,3549.89,-8.01216,0,262.766,0,0,0,0.99986,0,-0.0167343,0,0,-0.00300828,0,84.4738,0.968795,-36.7148,0,2155.12,52.3297,-0,-373.885,118.102,118.102,2.28948,10,0,0,-0.017036,-0,0.0334702,0,1
23.57,-68.2557,0,3552.52,-8.01736,0,262.879,0,0,0,0.99986,0,-0.0167494,0,0,-0.0030097,0,84.4673,0.968762,-36.692,0,2151.86,52.3008,-0,-374.102,118.097,118.097,2.28935,10,0,0,-0.0170511,-0,0.0335003,0,1
23.58,-68.3359,0,3555.15,-8.02256,0,262.991,0,0,0,0.999859,0,-0.0167644,0,0,-0.00301112,0,84.4609,0.968729,-36.6691,0,2148.6,52.2718,-0,-374.319,118.091,118.091,2.28922,10,0,0,-0.0170663,-0,0.0335304,0,1
23.59,-68.4162,0,3557.78,-8.02775,0,263.103,0,0,0,0.999859,0,-0.0167795,0,0,-0.00301254,0,84.4545,0.968696,-36.6461,0,2145.34,52.2427,-0,-374.534,118.086,118.086,2.28909,10,0,0,-0.0170815,-0,0.0335606,0,1
23.6,-68.4965,0,3560.41,-8.03294,0,263.214,0,0,0,0.999859,0,-0.0167946,0,0,-0.00301395,0,84.4481,0.968663,-36.6229,0,2142.08,52.2134,-0,-374.748,118.08,118.08,2.28896,10,0,0,-0.0170967,-0,0.0335907,0,1
23.61,-68.5768,0,3563.04,-8.03812,0,263.325,0,0,0,0.999859,0,-0.0168096,0,0,-0.00301537,0,84.4417,0.968631,-36.5998,0,2138.82,52.184,-0,-374.961,118.075,118.075,2.28883,10,0,0,-0.017112,-0,0.0336208,0,1
23.62,-68.6572,0,3565.68,-8.04329,0,263.435,0,0,0,0.999858,0,-0.0168247,0,0,-0.00301678,0,84.4353,0.968598,-36.5765,0,2135.56,52.1546,-0,-375.173,118.07,118.07,2.28871,10,0,0,-0.0171272,-0,0.033651,0,1
23.63,-68.7377,0,3568.31,-8.04846,0,263.545,0,0,0,0.999858,0,-0.0168398,0,0,-0.0030182,0,84.4289,0.968565,-36.5531,0,2132.3,52.1249,-0,-375.383,118.064,118.064,2.28858,10,0,0,-0.0171424,-0,0.0336812,0,1
23.64,-68.8182,0,3570.95,-8.05362,0,263.655,0,0,0,0.999858,0,-0.0168549,0,0,-0.00301961,0,84.4226,0.968533,-36.5297,0,2129.04,52.0952,-0,-375.592,118.059,118.059,2.28845,10,0,0,-0.0171576,-0,0.0337114,0,1
23.65,-68.8988,0,3573.59,-8.05877,0,263.765,0,0,0,0.999858,0,-0.01687,0,0,-0.00302103,0,84.4162,0.9685,-36.5061,0,2125.78,52.0653,-0,-375.8,118.054,118.054,2.28832,10,0,0,-0.0171729,-0,0.0337416,0,1
23.66,-68.9794,0,3576.22,-8.06392,0,263.873,0,0,0,0.999857,0,-0.0168851,0,0,-0.00302245,0,84.4099,0.968468,-36.4825,0,2122.52,52.0353,-0,-376.007,118.048,118.048,2.2882,10,0,0,-0.0171881,-0,0.0337718,0,1
23.67,-69.06,0,3578.86,-8.06906,0,263.982,0,0,0,0.999857,0,-0.0169002,0,0,-0.00302387,0,84.4035,0.968435,-36.4588,0,2119.26,52.0052,-0,-376.213,118.043,118.043,2.28807,10,0,0,-0.0172034,-0,0.033802,0,1
23.68,-69.1408,0,3581.5,-8.07419,0,264.09,0,0,0,0.999857,0,-0.0169153,0,0,-0.0030253,0,84.3972,0.968403,-36.4349,0,2115.99,51.975,-0,-376.418,118.038,118.038,2.28794,10,0,0,-0.0172187,-0,0.0338323,0,1
23.69,-69.2215,0,3584.14,-8.07932,0,264.198,0,0,0,0.999857,0,-0.0169305,0,0,-0.00302673,0,84.3909,0.968371,-36.411,0,2112.73,51.9447,-0,-376.621,118.033,118.033,2.28782,10,0,0,-0.0172339,-0,0.0338625,0,1
23.7,-69.3024,0,3586.79,-8.08444,0,264.305,0,0,0,0.999856,0,-0.0169456,0,0,-0.00302816,0,84.3846,0.968338,-36.3871,0,2109.47,51.9142,-0,-376.823,118.027,118.027,2.28769,10,0,0,-0.0172492,-0,0.0338928,0,1
23.71,-69.3832,0,3589.43,-8.08956,0,264.412,0,0,0,0.999856,0,-0.0169607,0,0,-0.0030296,0,84.3783,0.968306,-36.363,0,2106.21,51.8836,-0,-377.024,118.022,118.022,2.28757,10,0,0,-0.0172645,-0,0.0339231,0,1
23.72,-69.4641,0,3592.08,-8.09467,0,264.519,0,0,0,0.999856,0,-0.0169759,0,0,-0.00303105,0,84.372,0.968274,-36.3388,0,2102.94,51.8529,-0,-377.224,118.017,118.017,2.28744,10,0,0,-0.0172798,-0,0.0339534,0,1
23.73,-69.5451,0,3594.72,-8.09977,0,264.625,0,0,0,0.999856,0,-0.016991,0,0,-0.0030325,0,84.3657,0.968242,-36.3146,0,2099.68,51.822,-0,-377.423,118.011,118.011,2.28731,10,0,0,-0.0172951,-0,0.0339837,0,1
23.74,-69.6261,0,3597.37,-8.10486,0,264.731,0,0,0,0.999855,0,-0.0170062,0,0,-0.00303395,0,84.3595,0.968209,-36.2902,0,2096.42,51.7911,-0,-377.62,118.006,118.006,2.28719,10,0,0,-0.0173104,-0,0.034014,0,1
23.75,-69.7072,0,3600.02,-8.10995,0,264.836,0,0,0,0.999855,0,-0.0170214,0,0,-0.00303541,0,84.3532,0.968177,-36.2658,0,2093.15,51.76,-0,-377.816,118.001,118.001,2.28706,10,0,0,-0.0173257,-0,0.0340444,0,1
23.76,-69.7883,0,3602.66,-8.11503,0,264.941,0,0,0,0.999855,0,-0.0170365,0,0,-0.00303688,0,84.347,0.968145,-36.2413,0,2089.89,51.7288,-0,-378.011,117.996,117.996,2.28694,10,0,0,-0.0173411,-0,0.0340747,0,1
23.77,-69.8695,0,3605.31,-8.12011,0,265.046,0,0,0,0.999855,0,-0.0170517,0,0,-0.00303836,0,84.3407,0.968113,-36.2167,0,2086.62,51.6975,-0,-378.205,117.991,117.991,2.28681,10,0,0,-0.0173564,-0,0.0341051,0,1
23.78,-69.9507,0,3607.97,-8.12518,0,265.15,0,0,0,0.999854,0,-0.0170669,0,0,-0.00303984,0,84.3345,0.968082,-36.192,0,2083.36,51.6661,-0,-378.398,117.985,117.985,2.28669,10,0,0,-0.0173717,-0,0.0341355,0,1
23.79,-70.032,0,3610.62,-8.13024,0,265.254,0,0,0,0.999854,0,-0.0170821,0,0,-0.00304133,0,84.3283,0.96805,-36.1672,0,2080.09,51.6345,-0,-378.589,117.98,117.98,2.28657,10,0,0,-0.0173871,-0,0.0341659,0,1
23.8,-70.1133,0,3613.27,-8.13529,0,265.357,0,0,0,0.999854,0,-0.0170973,0,0,-0.00304283,0,84.3221,0.968018,-36.1424,0,2076.83,51.6029,-0,-378.779,117.975,117.975,2.28644,10,0,0,-0.0174025,-0,0.0341963,0,1
23.81,-70.1947,0,3615.93,-8.14034,0,265.46,0,0,0,0.999854,0,-0.0171126,0,0,-0.00304434,0,84.3159,0.967986,-36.1174,0,2073.56,51.5711,-0,-378.969,117.97,117.97,2.28632,10,0,0,-0.0174178,-0,0.0342268,0,1
23.82,-70.2761,0,3618.58,-8.14538,0,265.563,0,0,0,0.999853,0,-0.0171278,0,0,-0.00304586,0,84.3097,0.967954,-36.0924,0,2070.3,51.5392,-0,-379.156,117.965,117.965,2.28619,10,0,0,-0.0174332,-0,0.0342572,0,1
23.83,-70.3576,0,3621.24,-8.15042,0,265.665,0,0,0,0.999853,0,-0.017143,0,0,-0.00304739,0,84.3035,0.967923,-36.0672,0,2067.03,51.5071,-0,-379.343,117.959,117.959,2.28607,10,0,0,-0.0174486,-0,0.0342877,0,1
23.84,-70.4392,0,3623.89,-8.15545,0,265.767,0,0,0,0.999853,0,-0.0171582,0,0,-0.00304892,0,84.2974,0.967891,-36.042,0,2063.76,51.475,-0,-379.529,117.954,117.954,2.28595,10,0,0,-0.017464,-0,0.0343182,0,1
23.85,-70.5207,0,3626.55,-8.16047,0,265.868,0,0,0,0.999853,0,-0.0171735,0,0,-0.00305047,0,84.2912,0.967859,-36.0167,0,2060.5,51.4427,-0,-379.713,117.949,117.949,2.28582,10,0,0,-0.0174794,-0,0.0343487,0,1
23.86,-70.6024,0,3629.21,-8.16548,0,265.969,0,0,0,0.999852,0,-0.0171887,0,0,-0.00305203,0,84.2851,0.967828,-35.9913,0,2057.23,51.4104,-0,-379.896,117.944,117.944,2.2857,10,0,0,-0.0174948,-0,0.0343792,0,1
23.87,-70.684,0,3631.87,-8.17049,0,266.07,0,0,0,0.999852,0,-0.017204,0,0,-0.00305359,0,84.2789,0.967796,-35.9658,0,2053.96,51.3779,-0,-380.078,117.939,117.939,2.28558,10,0,0,-0.0175102,-0,0.0344097,0,1
23.88,-70.7658,0,3634.53,-8.17549,0,266.17,0,0,0,0.999852,0,-0.0172193,0,0,-0.00305517,0,84.2728,0.967765,-35.9403,0,2050.7,51.3453,-0,-380.259,117.934,117.934,2.28546,10,0,0,-0.0175256,-0,0.0344403,0,1
23.89,-70.8476,0,3637.19,-8.18048,0,266.27,0,0,0,0.999851,0,-0.0172346,0,0,-0.00305676,0,84.2667,0.967734,-35.9146,0,2047.43,51.3125,-0,-380.438,117.928,117.928,2.28533,10,0,0,-0.0175411,-0,0.0344708,0,1
23.9,-70.9294,0,3639.86,-8.18547,0,266.369,0,0,0,0.999851,0,-0.0172498,0,0,-0.00305835,0,84.2606,0.967702,-35.8889,0,2044.16,51.2797,-0,-380.617,117.923,117.923,2.28521,10,0,0,-0.0175565,-0,0.0345014,0,1
23.91,-71.0113,0,3642.52,-8.19045,0,266.468,0,0,0,0.999851,0,-0.0172651,0,0,-0.00305996,0,84.2545,0.967671,-35.8631,0,2040.89,51.2467,-0,-380.794,117.918,117.918,2.28509,10,0,0,-0.017572,-0,0.034532,0,1
23.92,-71.0932,0,3645.19,-8.19543,0,266.567,0,0,0,0.999851,0,-0.0172804,0,0,-0.00306158,0,84.2484,0.96764,-35.8372,0,2037.62,51.2136,-0,-380.97,117.913,117.913,2.28497,10,0,0,-0.0175875,-0,0.0345626,0,1
23.93,-71.1752,0,3647.85,-8.20039,0,266.665,0,0,0,0.99985,0,-0.0172957,0,0,-0.00306322,0,84.2423,0.967609,-35.8112,0,2034.36,51.1805,-0,-381.144,117.908,117.908,2.28485,10,0,0,-0.0176029,-0,0.0345932,0,1
23.94,-71.2572,0,3650.52,-8.20535,0,266.763,0,0,0,0.99985,0,-0.0173111,0,0,-0.00306486,0,84.2363,0.967577,-35.7851,0,2031.09,51.1471,-0,-381.318,117.903,117.903,2.28473,10,0,0,-0.0176184,-0,0.0346239,0,1
23.95,-71.3393,0,3653.19,-8.21031,0,266.861,0,0,0,0.99985,0,-0.0173264,0,0,-0.00306652,0,84.2302,0.967546,-35.7589,0,2027.82,51.1137,-0,-381.49,117.898,117.898,2.2846,10,0,0,-0.0176339,-0,0.0346545,0,1
23.96,-71.4214,0,3655.86,-8.21525,0,266.958,0,0,0,0.99985,0,-0.0173417,0,0,-0.00306819,0,84.2242,0.967515,-35.7326,0,2024.55,51.0802,-0,-381.661,117.893,117.893,2.28448,10,0,0,-0.0176494,-0,0.0346852,0,1
23.97,-71.5036,0,3658.53,-8.22019,0,267.054,0,0,0,0.999849,0,-0.0173571,0,0,-0.00306987,0,84.2181,0.967484,-35.7063,0,2021.28,51.0465,-0,-381.831,117.888,117.888,2.28436,10,0,0,-0.0176649,-0,0.0347159,0,1
23.98,-71.5858,0,3661.2,-8.22512,0,267.151,0,0,0,0.999849,0,-0.0173724,0,0,-0.00307156,0,84.2121,0.967453,-35.6799,0,2018.01,51.0128,-0,-382,117.883,117.883,2.28424,10,0,0,-0.0176804,-0,0.0347466,0,1
23.99,-71.6681,0,3663.87,-8.23005,0,267.247,0,0,0,0.999849,0,-0.0173878,0,0,-0.00307327,0,84.2061,0.967422,-35.6533,0,2014.74,50.9789,-0,-382.168,117.878,117.878,2.28412,10,0,0,-0.017696,-0,0.0347773,0,1
24,-71.7504,0,3666.54,-8.23496,0,267.342,0,0,0,0.999849,0,-0.0174031,0,0,-0.00307499,0,84.2001,0.967392,-35.6267,0,2011.47,50.9449,-0,-382.334,117.873,117.873,2.284,10,0,0,-0.0177115,-0,0.034808,0,1
24.01,-71.8328,0,3669.22,-8.23988,0,267.437,0,0,0,0.999848,0,-0.0174185,0,0,-0.00307672,0,84.1941,0.967361,-35.6,0,2008.2,50.9108,-0,-382.499,117.868,117.868,2.28388,10,0,0,-0.0177271,-0,0.0348388,0,1
24.02,-71.9152,0,3671.89,-8.24478,0,267.532,0,0,0,0.999848,0,-0.0174339,0,0,-0.00307847,0,84.1881,0.96733,-35.5733,0,2004.93,50.8765,-0,-382.663,117.863,117.863,2.28376,10,0,0,-0.0177426,-0,0.0348696,0,1
24.03,-71.9977,0,3674.57,-8.24968,0,267.626,0,0,0,0.999848,0,-0.0174493,0,0,-0.00308023,0,84.1821,0.967299,-35.5464,0,2001.65,50.8422,-0,-382.826,117.858,117.858,2.28364,10,0,0,-0.0177582,-0,0.0349004,0,1
24.04,-72.0802,0,3677.24,-8.25457,0,267.72,0,0,0,0.999847,0,-0.0174647,0,0,-0.003082,0,84.1762,0.967269,-35.5195,0,1998.38,50.8078,-0,-382.988,117.853,117.853,2.28352,10,0,0,-0.0177738,-0,0.0349312,0,1
24.05,-72.1628,0,3679.92,-8.25945,0,267.814,0,0,0,0.999847,0,-0.0174801,0,0,-0.00308379,0,84.1702,0.967238,-35.4924,0,1995.11,50.7732,-0,-383.148,117.848,117.848,2.2834,10,0,0,-0.0177894,-0,0.034962,0,1
24.06,-72.2454,0,3682.6,-8.26432,0,267.907,0,0,0,0.999847,0,-0.0174955,0,0,-0.00308559,0,84.1643,0.967207,-35.4653,0,1991.84,50.7385,-0,-383.307,117.843,117.843,2.28329,10,0,0,-0.017805,-0,0.0349929,0,1
24.07,-72.3281,0,3685.28,-8.26919,0,268,0,0,0,0.999847,0,-0.017511,0,0,-0.0030874,0,84.1583,0.967177,-35.4381,0,1988.57,50.7037,-0,-383.465,117.838,117.838,2.28317,10,0,0,-0.0178206,-0,0.0350237,0,1
24.08,-72.4108,0,3687.96,-8.27405,0,268.092,0,0,0,0.999846,0,-0.0175264,0,0,-0.00308923,0,84.1524,0.967147,-35.4108,0,1985.29,50.6688,-0,-383.622,117.833,117.833,2.28305,10,0,0,-0.0178362,-0,0.0350546,0,1
24.09,-72.4935,0,3690.64,-8.27891,0,268.184,0,0,0,0.999846,0,-0.0175419,0,0,-0.00309107,0,84.1465,0.967116,-35.3834,0,1982.02,50.6338,-0,-383.778,117.828,117.828,2.28293,10,0,0,-0.0178519,-0,0.0350855,0,1
24.1,-72.5764,0,3693.32,-8.28375,0,268.275,0,0,0,0.999846,0,-0.0175573,0,0,-0.00309293,0,84.1406,0.967086,-35.3559,0,1978.75,50.5986,-0,-383.932,117.823,117.823,2.28281,10,0,0,-0.0178675,-0,0.0351164,0,1
24.11,-72.6592,0,3696.01,-8.28859,0,268.367,0,0,0,0.999846,0,-0.0175728,0,0,-0.0030948,0,84.1347,0.967055,-35.3284,0,1975.47,50.5634,-0,-384.086,117.818,117.818,2.28269,10,0,0,-0.0178832,-0,0.0351474,0,1
24.12,-72.7421,0,3698.69,-8.29343,0,268.457,0,0,0,0.999845,0,-0.0175883,0,0,-0.00309669,0,84.1288,0.967025,-35.3007,0,1972.2,50.528,-0,-384.238,117.813,117.813,2.28258,10,0,0,-0.0178988,-0,0.0351783,0,1
24.13,-72.8251,0,3701.38,-8.29825,0,268.548,0,0,0,0.999845,0,-0.0176037,0,0,-0.00309859,0,84.123,0.966995,-35.273,0,1968.93,50.4926,-0,-384.388,117.808,117.808,2.28246,10,0,0,-0.0179145,-0,0.0352093,0,1
24.14,-72.9081,0,3704.06,-8.30307,0,268.638,0,0,0,0.999845,0,-0.0176192,0,0,-0.00310051,0,84.1171,0.966965,-35.2452,0,1965.65,50.457,-0,-384.538,117.803,117.803,2.28234,10,0,0,-0.0179302,-0,0.0352403,0,1
24.15,-72.9911,0,3706.75,-8.30788,0,268.727,0,0,0,0.999844,0,-0.0176347,0,0,-0.00310244,0,84.1112,0.966935,-35.2173,0,1962.38,50.4213,-0,-384.687,117.798,117.798,2.28222,10,0,0,-0.0179459,-0,0.0352713,0,1
24.16,-73.0743,0,3709.44,-8.31268,0,268.817,0,0,0,0.999844,0,-0.0176503,0,0,-0.00310439,0,84.1054,0.966905,-35.1893,0,1959.1,50.3855,-0,-384.834,117.793,117.793,2.28211,10,0,0,-0.0179616,-0,0.0353024,0,1
24.17,-73.1574,0,3712.13,-8.31748,0,268.905,0,0,0,0.999844,0,-0.0176658,0,0,-0.00310635,0,84.0996,0.966875,-35.1613,0,1955.83,50.3495,-0,-384.98,117.788,117.788,2.28199,10,0,0,-0.0179773,-0,0.0353334,0,1
24.18,-73.2406,0,3714.82,-8.32227,0,268.994,0,0,0,0.999844,0,-0.0176813,0,0,-0.00310833,0,84.0937,0.966845,-35.1331,0,1952.55,50.3135,-0,-385.125,117.784,117.784,2.28187,10,0,0,-0.0179931,-0,0.0353645,0,1
24.19,-73.3238,0,3717.51,-8.32705,0,269.082,0,0,0,0.999843,0,-0.0176969,0,0,-0.00311032,0,84.0879,0.966815,-35.1049,0,1949.28,50.2773,-0,-385.268,117.779,117.779,2.28176,10,0,0,-0.0180088,-0,0.0353956,0,1
24.2,-73.4071,0,3720.2,-8.33183,0,269.169,0,0,0,0.999843,0,-0.0177124,0,0,-0.00311233,0,84.0821,0.966785,-35.0765,0,1946,50.2411,-0,-385.411,117.774,117.774,2.28164,10,0,0,-0.0180246,-0,0.0354267,0,1
24.21,-73.4905,0,3722.89,-8.33659,0,269.257,0,0,0,0.999843,0,-0.017728,0,0,-0.00311435,0,84.0763,0.966755,-35.0481,0,1942.72,50.2047,-0,-385.552,117.769,117.769,2.28153,10,0,0,-0.0180403,-0,0.0354578,0,1
24.22,-73.5739,0,3725.58,-8.34135,0,269.344,0,0,0,0.999843,0,-0.0177436,0,0,-0.00311639,0,84.0705,0.966725,-35.0196,0,1939.45,50.1682,-0,-385.692,117.764,117.764,2.28141,10,0,0,-0.0180561,-0,0.035489,0,1
24.23,-73.6573,0,3728.28,-8.3461,0,269.43,0,0,0,0.999842,0,-0.0177591,0,0,-0.00311845,0,84.0648,0.966695,-34.9911,0,1936.17,50.1316,-0,-385.831,117.759,117.759,2.2813,10,0,0,-0.0180719,-0,0.0355201,0,1
24.24,-73.7408,0,3730.97,-8.35085,0,269.516,0,0,0,0.999842,0,-0.0177747,0,0,-0.00312052,0,84.059,0.966666,-34.9624,0,1932.89,50.0949,-0,-385.969,117.754,117.754,2.28118,10,0,0,-0.0180877,-0,0.0355513,0,1
24.25,-73.8243,0,3733.67,-8.35559,0,269.602,0,0,0,0.999842,0,-0.0177903,0,0,-0.00312261,0,84.0532,0.966636,-34.9336,0,1929.62,50.0581,-0,-386.105,117.75,117.75,2.28106,10,0,0,-0.0181035,-0,0.0355826,0,1
24.26,-73.9079,0,3736.36,-8.36032,0,269.687,0,0,0,0.999841,0,-0.017806,0,0,-0.00312471,0,84.0475,0.966607,-34.9048,0,1926.34,50.0212,-0,-386.241,117.745,117.745,2.28095,10,0,0,-0.0181194,-0,0.0356138,0,1
24.27,-73.9915,0,3739.06,-8.36504,0,269.772,0,0,0,0.999841,0,-0.0178216,0,0,-0.00312684,0,84.0418,0.966577,-34.8759,0,1923.06,49.9841,-0,-386.375,117.74,117.74,2.28084,10,0,0,-0.0181352,-0,0.0356451,0,1
24.28,-74.0752,0,3741.76,-8.36975,0,269.856,0,0,0,0.999841,0,-0.0178372,0,0,-0.00312897,0,84.036,0.966548,-34.8469,0,1919.78,49.947,-0,-386.508,117.735,117.735,2.28072,10,0,0,-0.0181511,-0,0.0356763,0,1
24.29,-74.1589,0,3744.46,-8.37446,0,269.94,0,0,0,0.999841,0,-0.0178529,0,0,-0.00313113,0,84.0303,0.966518,-34.8178,0,1916.5,49.9097,-0,-386.639,117.73,117.73,2.28061,10,0,0,-0.0181669,-0,0.0357076,0,1
24.3,-74.2427,0,3747.16,-8.37916,0,270.024,0,0,0,0.99984,0,-0.0178685,0,0,-0.0031333,0,84.0246,0.966489,-34.7886,0,1913.23,49.8724,-0,-386.77,117.726,117.726,2.28049,10,0,0,-0.0181828,-0,0.035739,0,1
24.31,-74.3265,0,3749.86,-8.38386,0,270.107,0,0,0,0.99984,0,-0.0178842,0,0,-0.00313548,0,84.0189,0.966459,-34.7593,0,1909.95,49.8349,-0,-386.899,117.721,117.721,2.28038,10,0,0,-0.0181987,-0,0.0357703,0,1
24.32,-74.4104,0,3752.56,-8.38854,0,270.19,0,0,0,0.99984,0,-0.0178999,0,0,-0.00313769,0,84.0132,0.96643,-34.73,0,1906.67,49.7973,-0,-387.027,117.716,117.716,2.28026,10,0,0,-0.0182146,-0,0.0358017,0,1
24.33,-74.4943,0,3755.26,-8.39322,0,270.273,0,0,0,0.99984,0,-0.0179156,0,0,-0.00313991,0,84.0076,0.966401,-34.7005,0,1903.39,49.7596,-0,-387.154,117.711,117.711,2.28015,10,0,0,-0.0182305,-0,0.0358331,0,1
24.34,-74.5782,0,3757.96,-8.39789,0,270.355,0,0,0,0.999839,0,-0.0179313,0,0,-0.00314214,0,84.0019,0.966372,-34.671,0,1900.11,49.7218,-0,-387.28,117.707,117.707,2.28004,10,0,0,-0.0182464,-0,0.0358645,0,1
24.35,-74.6622,0,3760.67,-8.40255,0,270.437,0,0,0,0.999839,0,-0.017947,0,0,-0.0031444,0,83.9962,0.966343,-34.6414,0,1896.83,49.6838,-0,-387.404,117.702,117.702,2.27992,10,0,0,-0.0182624,-0,0.0358959,0,1
24.36,-74.7463,0,3763.37,-8.4072,0,270.518,0,0,0,0.999839,0,-0.0179627,0,0,-0.00314667,0,83.9906,0.966314,-34.6117,0,1893.55,49.6458,-0,-387.528,117.697,117.697,2.27981,10,0,0,-0.0182783,-0,0.0359273,0,1
24.37,-74.8304,0,3766.08,-8.41185,0,270.599,0,0,0,0.999838,0,-0.0179784,0,0,-0.00314896,0,83.985,0.966284,-34.582,0,1890.27,49.6077,-0,-387.65,117.692,117.692,2.2797,10,0,0,-0.0182943,-0,0.0359588,0,1
24.38,-74.9145,0,3768.79,-8.41649,0,270.679,0,0,0,0.999838,0,-0.0179942,0,0,-0.00315126,0,83.9793,0.966255,-34.5521,0,1886.99,49.5694,-0,-387.771,117.688,117.688,2.27959,10,0,0,-0.0183103,-0,0.0359903,0,1
24.39,-74.9987,0,3771.49,-8.42112,0,270.76,0,0,0,0.999838,0,-0.01801,0,0,-0.00315358,0,83.9737,0.966227,-34.5222,0,1883.71,49.531,-0,-387.891,117.683,117.683,2.27947,10,0,0,-0.0183263,-0,0.0360219,0,1
24.4,-75.0829,0,3774.2,-8.42575,0,270.839,0,0,0,0.999838,0,-0.0180257,0,0,-0.00315592,0,83.9681,0.966198,-34.4921,0,1880.42,49.4926,-0,-388.009,117.678,117.678,2.27936,10,0,0,-0.0183423,-0,0.0360534,0,1
24.41,-75.1672,0,3776.91,-8.43036,0,270.919,0,0,0,0.999837,0,-0.0180415,0,0,-0.00315828,0,83.9625,0.966169,-34.462,0,1877.14,49.454,-0,-388.127,117.674,117.674,2.27925,10,0,0,-0.0183583,-0,0.036085,0,1
24.42,-75.2516,0,3779.62,-8.43497,0,270.998,0,0,0,0.999837,0,-0.0180573,0,0,-0.00316066,0,83.9569,0.96614,-34.4318,0,1873.86,49.4153,-0,-388.243,117.669,117.669,2.27914,10,0,0,-0.0183743,-0,0.0361166,0,1
24.43,-75.3359,0,3782.33,-8.43957,0,271.076,0,0,0,0.999837,0,-0.0180731,0,0,-0.00316305,0,83.9514,0.966111,-34.4015,0,1870.58,49.3765,-0,-388.358,117.664,117.664,2.27903,10,0,0,-0.0183904,-0,0.0361482,0,1
24.44,-75.4203,0,3785.04,-8.44417,0,271.155,0,0,0,0.999836,0,-0.0180889,0,0,-0.00316546,0,83.9458,0.966083,-34.3712,0,1867.3,49.3376,-0,-388.472,117.659,117.659,2.27892,10,0,0,-0.0184065,-0,0.0361798,0,1
24.45,-75.5048,0,3787.75,-8.44875,0,271.232,0,0,0,0.999836,0,-0.0181048,0,0,-0.00316789,0,83.9402,0.966054,-34.3407,0,1864.01,49.2986,-0,-388.584,117.655,117.655,2.2788,10,0,0,-0.0184225,-0,0.0362115,0,1
24.46,-75.5893,0,3790.47,-8.45333,0,271.31,0,0,0,0.999836,0,-0.0181206,0,0,-0.00317033,0,83.9347,0.966025,-34.3102,0,1860.73,49.2594,-0,-388.696,117.65,117.65,2.27869,10,0,0,-0.0184386,-0,0.0362432,0,1
24.47,-75.6739,0,3793.18,-8.4579,0,271.387,0,0,0,0.999836,0,-0.0181365,0,0,-0.00317279,0,83.9292,0.965997,-34.2796,0,1857.45,49.2202,-0,-388.806,117.646,117.646,2.27858,10,0,0,-0.0184547,-0,0.0362749,0,1
24.48,-75.7585,0,3795.89,-8.46246,0,271.463,0,0,0,0.999835,0,-0.0181523,0,0,-0.00317528,0,83.9236,0.965968,-34.2489,0,1854.16,49.1808,-0,-388.915,117.641,117.641,2.27847,10,0,0,-0.0184708,-0,0.0363066,0,1
24.49,-75.8431,0,3798.61,-8.46702,0,271.54,0,0,0,0.999835,0,-0.0181682,0,0,-0.00317778,0,83.9181,0.96594,-34.2181,0,1850.88,49.1414,-0,-389.023,117.636,117.636,2.27836,10,0,0,-0.018487,-0,0.0363384,0,1
24.5,-75.9278,0,3801.32,-8.47157,0,271.615,0,0,0,0.999835,0,-0.0181841,0,0,-0.00318029,0,83.9126,0.965911,-34.1872,0,1847.59,49.1018,-0,-389.129,117.632,117.632,2.27825,10,0,0,-0.0185031,-0,0.0363702,0,1
24.51,-76.0126,0,3804.04,-8.4761,0,271.691,0,0,0,0.999834,0,-0.0182,0,0,-0.00318283,0,83.9071,0.965883,-34.1562,0,1844.31,49.0621,-0,-389.235,117.627,117.627,2.27814,10,0,0,-0.0185193,-0,0.036402,0,1
24.52,-76.0973,0,3806.76,-8.48064,0,271.766,0,0,0,0.999834,0,-0.0182159,0,0,-0.00318538,0,83.9016,0.965855,-34.1252,0,1841.03,49.0223,-0,-389.339,117.622,117.622,2.27803,10,0,0,-0.0185355,-0,0.0364339,0,1
24.53,-76.1822,0,3809.48,-8.48516,0,271.841,0,0,0,0.999834,0,-0.0182318,0,0,-0.00318796,0,83.8962,0.965827,-34.0941,0,1837.74,48.9824,-0,-389.442,117.618,117.618,2.27792,10,0,0,-0.0185517,-0,0.0364657,0,1
24.54,-76.267,0,3812.19,-8.48967,0,271.915,0,0,0,0.999833,0,-0.0182478,0,0,-0.00319055,0,83.8907,0.965798,-34.0629,0,1834.46,48.9424,-0,-389.544,117.613,117.613,2.27781,10,0,0,-0.0185679,-0,0.0364976,0,1
24.55,-76.352,0,3814.91,-8.49418,0,271.989,0,0,0,0.999833,0,-0.0182638,0,0,-0.00319316,0,83.8853,0.96577,-34.0316,0,1831.17,48.9023,-0,-389.645,117.609,117.609,2.27771,10,0,0,-0.0185841,-0,0.0365295,0,1
24.56,-76.4369,0,3817.63,-8.49868,0,272.062,0,0,0,0.999833,0,-0.0182797,0,0,-0.00319579,0,83.8798,0.965742,-34.0002,0,1827.88,48.8621,-0,-389.744,117.604,117.604,2.2776,10,0,0,-0.0186003,-0,0.0365615,0,1
24.57,-76.5219,0,3820.36,-8.50317,0,272.135,0,0,0,0.999833,0,-0.0182957,0,0,-0.00319843,0,83.8744,0.965714,-33.9687,0,1824.6,48.8218,-0,-389.842,117.6,117.6,2.27749,10,0,0,-0.0186166,-0,0.0365934,0,1
24.58,-76.607,0,3823.08,-8.50766,0,272.208,0,0,0,0.999832,0,-0.0183117,0,0,-0.0032011,0,83.8689,0.965686,-33.9372,0,1821.31,48.7814,-0,-389.939,117.595,117.595,2.27738,10,0,0,-0.0186328,-0,0.0366254,0,1
24.59,-76.6921,0,3825.8,-8.51213,0,272.28,0,0,0,0.999832,0,-0.0183277,0,0,-0.00320378,0,83.8635,0.965658,-33.9055,0,1818.03,48.7408,-0,-390.035,117.59,117.59,2.27727,10,0,0,-0.0186491,-0,0.0366575,0,1
24.6,-76.7772,0,3828.52,-8.5166,0,272.352,0,0,0,0.999832,0,-0.0183437,0,0,-0.00320648,0,83.8581,0.96563,-33.8738,0,1814.74,48.7002,-0,-390.13,117.586,117.586,2.27716,10,0,0,-0.0186654,-0,0.0366895,0,1
24.61,-76.8624,0,3831.25,-8.52106,0,272.424,0,0,0,0.999831,0,-0.0183598,0,0,-0.00320921,0,83.8527,0.965602,-33.842,0,1811.45,48.6594,-0,-390.224,117.581,117.581,2.27705,10,0,0,-0.0186817,-0,0.0367216,0,1
24.62,-76.9477,0,3833.97,-8.52551,0,272.495,0,0,0,0.999831,0,-0.0183758,0,0,-0.00321195,0,83.8474,0.965575,-33.8101,0,1808.16,48.6185,-0,-390.316,117.577,117.577,2.27695,10,0,0,-0.018698,-0,0.0367537,0,1
24.63,-77.0329,0,3836.7,-8.52996,0,272.566,0,0,0,0.999831,0,-0.0183919,0,0,-0.00321471,0,83.842,0.965547,-33.7782,0,1804.88,48.5775,-0,-390.407,117.572,117.572,2.27684,10,0,0,-0.0187144,-0,0.0367858,0,1
24.64,-77.1183,0,3839.42,-8.53439,0,272.636,0,0,0,0.999831,0,-0.018408,0,0,-0.00321749,0,83.8366,0.965519,-33.7461,0,1801.59,48.5365,-0,-390.497,117.568,117.568,2.27673,10,0,0,-0.0187307,-0,0.036818,0,1
24.65,-77.2036,0,3842.15,-8.53882,0,272.706,0,0,0,0.99983,0,-0.0184241,0,0,-0.00322028,0,83.8313,0.965491,-33.714,0,1798.3,48.4953,-0,-390.586,117.563,117.563,2.27663,10,0,0,-0.0187471,-0,0.0368502,0,1
24.66,-77.289,0,3844.88,-8.54324,0,272.775,0,0,0,0.99983,0,-0.0184402,0,0,-0.0032231,0,83.8259,0.965464,-33.6817,0,1795.01,48.454,-0,-390.674,117.559,117.559,2.27652,10,0,0,-0.0187635,-0,0.0368824,0,1
24.67,-77.3745,0,3847.6,-8.54765,0,272.845,0,0,0,0.99983,0,-0.0184563,0,0,-0.00322594,0,83.8206,0.965436,-33.6494,0,1791.72,48.4126,-0,-390.76,117.554,117.554,2.27641,10,0,0,-0.0187799,-0,0.0369147,0,1
24.68,-77.46,0,3850.33,-8.55205,0,272.913,0,0,0,0.999829,0,-0.0184724,0,0,-0.0032288,0,83.8153,0.965409,-33.617,0,1788.43,48.371,-0,-390.845,117.55,117.55,2.27631,10,0,0,-0.0187963,-0,0.0369469,0,1
24.69,-77.5455,0,3853.06,-8.55645,0,272.982,0,0,0,0.999829,0,-0.0184886,0,0,-0.00323167,0,83.8099,0.965381,-33.5846,0,1785.14,48.3294,-0,-390.929,117.546,117.546,2.2762,10,0,0,-0.0188128,-0,0.0369792,0,1
24.7,-77.6311,0,3855.79,-8.56084,0,273.05,0,0,0,0.999829,0,-0.0185047,0,0,-0.00323457,0,83.8046,0.965354,-33.552,0,1781.86,48.2877,-0,-391.012,117.541,117.541,2.27609,10,0,0,-0.0188292,-0,0.0370116,0,1
24.71,-77.7167,0,3858.52,-8.56521,0,273.117,0,0,0,0.999828,0,-0.0185209,0,0,-0.00323748,0,83.7993,0.965327,-33.5194,0,1778.57,48.2459,-0,-391.094,117.537,117.537,2.27599,10,0,0,-0.0188457,-0,0.0370439,0,1
24.72,-77.8024,0,3861.26,-8.56959,0,273.185,0,0,0,0.999828,0,-0.0185371,0,0,-0.00324042,0,83.7941,0.965299,-33.4866,0,1775.27,48.2039,-0,-391.174,117.532,117.532,2.27588,10,0,0,-0.0188622,-0,0.0370763,0,1
24.73,-77.8881,0,3863.99,-8.57395,0,273.251,0,0,0,0.999828,0,-0.0185533,0,0,-0.00324337,0,83.7888,0.965272,-33.4538,0,1771.98,48.1619,-0,-391.253,117.528,117.528,2.27578,10,0,0,-0.0188787,-0,0.0371087,0,1
24.74,-77.9739,0,3866.72,-8.5783,0,273.318,0,0,0,0.999828,0,-0.0185695,0,0,-0.00324635,0,83.7835,0.965245,-33.4209,0,1768.69,48.1197,-0,-391.332,117.523,117.523,2.27567,10,0,0,-0.0188952,-0,0.0371412,0,1
24.75,-78.0597,0,3869.45,-8.58265,0,273.384,0,0,0,0.999827,0,-0.0185858,0,0,-0.00324934,0,83.7783,0.965218,-33.3879,0,1765.4,48.0774,-0,-391.409,117.519,117.519,2.27557,10,0,0,-0.0189118,-0,0.0371737,0,1
24.76,-78.1456,0,3872.19,-8.58699,0,273.449,0,0,0,0.999827,0,-0.018602,0,0,-0.00325235,0,83.773,0.96519,-33.3549,0,1762.11,48.0351,-0,-391.484,117.515,117.515,2.27546,10,0,0,-0.0189283,-0,0.0372062,0,1
24.77,-78.2314,0,3874.92,-8.59132,0,273.515,0,0,0,0.999827,0,-0.0186183,0,0,-0.00325539,0,83.7678,0.965163,-33.3217,0,1758.82,47.9926,-0,-391.559,117.51,117.51,2.27536,10,0,0,-0.0189449,-0,0.0372387,0,1
24.78,-78.3174,0,3877.66,-8.59564,0,273.58,0,0,0,0.999826,0,-0.0186346,0,0,-0.00325844,0,83.7626,0.965136,-33.2885,0,1755.53,47.95,-0,-391.632,117.506,117.506,2.27525,10,0,0,-0.0189615,-0,0.0372713,0,1
24.79,-78.4034,0,3880.39,-8.59995,0,273.644,0,0,0,0.999826,0,-0.0186509,0,0,-0.00326152,0,83.7573,0.965109,-33.2552,0,1752.24,47.9073,-0,-391.704,117.501,117.501,2.27515,10,0,0,-0.0189781,-0,0.0373039,0,1
24.8,-78.4894,0,3883.13,-8.60426,0,273.708,0,0,0,0.999826,0,-0.0186672,0,0,-0.00326461,0,83.7521,0.965083,-33.2218,0,1748.94,47.8645,-0,-391.775,117.497,117.497,2.27504,10,0,0,-0.0189947,-0,0.0373365,0,1
24.81,-78.5754,0,3885.87,-8.60855,0,273.772,0,0,0,0.999825,0,-0.0186835,0,0,-0.00326773,0,83.7469,0.965056,-33.1883,0,1745.65,47.8216,-0,-391.845,117.493,117.493,2.27494,10,0,0,-0.0190114,-0,0.0373692,0,1
24.82,-78.6615,0,3888.61,-8.61284,0,273.835,0,0,0,0.999825,0,-0.0186998,0,0,-0.00327086,0,83.7418,0.965029,-33.1547,0,1742.36,47.7786,-0,-391.914,117.488,117.488,2.27484,10,0,0,-0.019028,-0,0.0374019,0,1
24.83,-78.7477,0,3891.35,-8.61712,0,273.898,0,0,0,0.999825,0,-0.0187162,0,0,-0.00327402,0,83.7366,0.965002,-33.1211,0,1739.06,47.7354,-0,-391.981,117.484,117.484,2.27473,10,0,0,-0.0190447,-0,0.0374346,0,1
24.84,-78.8339,0,3894.08,-8.62139,0,273.96,0,0,0,0.999825,0,-0.0187326,0,0,-0.0032772,0,83.7314,0.964975,-33.0873,0,1735.77,47.6922,-0,-392.048,117.48,117.48,2.27463,10,0,0,-0.0190614,-0,0.0374673,0,1
24.85,-78.9201,0,3896.82,-8.62566,0,274.023,0,0,0,0.999824,0,-0.018749,0,0,-0.0032804,0,83.7263,0.964949,-33.0535,0,1732.48,47.6489,-0,-392.113,117.475,117.475,2.27453,10,0,0,-0.0190781,-0,0.0375001,0,1
24.86,-79.0064,0,3899.57,-8.62991,0,274.084,0,0,0,0.999824,0,-0.0187654,0,0,-0.00328361,0,83.7211,0.964922,-33.0196,0,1729.18,47.6054,-0,-392.177,117.471,117.471,2.27442,10,0,0,-0.0190948,-0,0.0375329,0,1
24.87,-79.0927,0,3902.31,-8.63416,0,274.146,0,0,0,0.999824,0,-0.0187818,0,0,-0.00328685,0,83.716,0.964896,-32.9856,0,1725.89,47.5619,-0,-392.239,117.467,117.467,2.27432,10,0,0,-0.0191116,-0,0.0375658,0,1
24.88,-79.1791,0,3905.05,-8.63839,0,274.207,0,0,0,0.999823,0,-0.0187982,0,0,-0.00329011,0,83.7109,0.964869,-32.9515,0,1722.59,47.5182,-0,-392.301,117.462,117.462,2.27422,10,0,0,-0.0191284,-0,0.0375987,0,1
24.89,-79.2655,0,3907.79,-8.64262,0,274.267,0,0,0,0.999823,0,-0.0188147,0,0,-0.00329339,0,83.7057,0.964843,-32.9174,0,1719.3,47.4744,-0,-392.361,117.458,117.458,2.27411,10,0,0,-0.0191451,-0,0.0376316,0,1
24.9,-79.3519,0,3910.53,-8.64685,0,274.327,0,0,0,0.999823,0,-0.0188312,0,0,-0.0032967,0,83.7006,0.964816,-32.8831,0,1716,47.4306,-0,-392.421,117.454,117.454,2.27401,10,0,0,-0.0191619,-0,0.0376645,0,1
24.91,-79.4384,0,3913.28,-8.65106,0,274.387,0,0,0,0.999822,0,-0.0188477,0,0,-0.00330002,0,83.6956,0.96479,-32.8488,0,1712.71,47.3866,-0,-392.479,117.45,117.45,2.27391,10,0,0,-0.0191788,-0,0.0376975,0,1
24.92,-79.525,0,3916.02,-8.65526,0,274.446,0,0,0,0.999822,0,-0.0188642,0,0,-0.00330336,0,83.6905,0.964763,-32.8144,0,1709.41,47.3425,-0,-392.535,117.445,117.445,2.27381,10,0,0,-0.0191956,-0,0.0377306,0,1
24.93,-79.6115,0,3918.77,-8.65946,0,274.505,0,0,0,0.999822,0,-0.0188807,0,0,-0.00330673,0,83.6854,0.964737,-32.7799,0,1706.12,47.2983,-0,-392.591,117.441,117.441,2.27371,10,0,0,-0.0192125,-0,0.0377636,0,1
24.94,-79.6981,0,3921.51,-8.66364,0,274.564,0,0,0,0.999821,0,-0.0188972,0,0,-0.00331012,0,83.6803,0.964711,-32.7453,0,1702.82,47.254,-0,-392.646,117.437,117.437,2.27361,10,0,0,-0.0192294,-0,0.0377967,0,1
24.95,-79.7848,0,3924.26,-8.66782,0,274.622,0,0,0,0.999821,0,-0.0189138,0,0,-0.00331353,0,83.6753,0.964685,-32.7106,0,1699.52,47.2096,-0,-392.699,117.433,117.433,2.27351,10,0,0,-0.0192463,-0,0.0378298,0,1
24.96,-79.8715,0,3927,-8.67199,0,274.68,0,0,0,0.999821,0,-0.0189303,0,0,-0.00331696,0,83.6702,0.964659,-32.6759,0,1696.23,47.1651,-0,-392.751,117.428,117.428,2.2734,10,0,0,-0.0192632,-0,0.037863,0,1
24.97,-79.9582,0,3929.75,-8.67615,0,274.738,0,0,0,0.99982,0,-0.0189469,0,0,-0.00332041,0,83.6652,0.964633,-32.6411,0,1692.93,47.1205,-0,-392.802,117.424,117.424,2.2733,10,0,0,-0.0192801,-0,0.0378961,0,1
24.98,-80.045,0,3932.5,-8.68031,0,274.795,0,0,0,0.99982,0,-0.0189635,0,0,-0.00332388,0,83.6602,0.964607,-32.6062,0,1689.63,47.0758,-0,-392.852,117.42,117.42,2.2732,10,0,0,-0.0192971,-0,0.0379294,0,1
24.99,-80.1319,0,3935.25,-8.68445,0,274.851,0,0,0,0.99982,0,-0.0189802,0,0,-0.00332738,0,83.6552,0.964581,-32.5712,0,1686.34,47.0309,-0,-392.901,117.416,117.416,2.2731,10,0,0,-0.019314,-0,0.0379626,0,1
25,-80.2187,0,3938,-8.68859,0,274.907,0,0,0,0.99982,0,-0.0189968,0,0,-0.00333089,0,83.6501,0.964555,-32.5361,0,1683.04,46.986,-0,-392.948,117.411,117.411,2.273,10,0,0,-0.019331,-0,0.0379959,0,1
25.01,-80.3056,0,3940.74,-8.69271,0,274.963,0,0,0,0.999819,0,-0.0190135,0,0,-0.00333443,0,83.6452,0.964529,-32.5009,0,1679.74,46.941,-0,-392.994,117.407,117.407,2.2729,10,0,0,-0.0193481,-0,0.0380292,0,1
25.02,-80.3926,0,3943.49,-8.69683,0,275.019,0,0,0,0.999819,0,-0.0190302,0,0,-0.00333799,0,83.6402,0.964503,-32.4656,0,1676.44,46.8958,-0,-393.039,117.403,117.403,2.2728,10,0,0,-0.0193651,-0,0.0380626,0,1
25.03,-80.4796,0,3946.25,-8.70094,0,275.074,0,0,0,0.999819,0,-0.0190468,0,0,-0.00334158,0,83.6352,0.964477,-32.4303,0,1673.14,46.8506,-0,-393.083,117.399,117.399,2.2727,10,0,0,-0.0193822,-0,0.038096,0,1
25.04,-80.5666,0,3949,-8.70504,0,275.129,0,0,0,0.999818,0,-0.0190636,0,0,-0.00334518,0,83.6302,0.964452,-32.3949,0,1669.84,46.8052,-0,-393.126,117.395,117.395,2.2726,10,0,0,-0.0193992,-0,0.0381294,0,1
25.05,-80.6537,0,3951.75,-8.70914,0,275.183,0,0,0,0.999818,0,-0.0190803,0,0,-0.00334881,0,83.6253,0.964426,-32.3594,0,1666.54,46.7597,-0,-393.168,117.391,117.391,2.27251,10,0,0,-0.0194163,-0,0.0381629,0,1
25.06,-80.7408,0,3954.5,-8.71322,0,275.237,0,0,0,0.999818,0,-0.019097,0,0,-0.00335246,0,83.6203,0.9644,-32.3238,0,1663.24,46.7142,-0,-393.208,117.386,117.386,2.27241,10,0,0,-0.0194335,-0,0.0381964,0,1
25.07,-80.8279,0,3957.25,-8.71729,0,275.29,0,0,0,0.999817,0,-0.0191138,0,0,-0.00335613,0,83.6154,0.964375,-32.2881,0,1659.94,46.6685,-0,-393.248,117.382,117.382,2.27231,10,0,0,-0.0194506,-0,0.03823,0,1
25.08,-80.9151,0,3960.01,-8.72136,0,275.343,0,0,0,0.999817,0,-0.0191306,0,0,-0.00335982,0,83.6105,0.964349,-32.2524,0,1656.64,46.6227,-0,-393.286,117.378,117.378,2.27221,10,0,0,-0.0194677,-0,0.0382635,0,1
25.09,-81.0024,0,3962.76,-8.72542,0,275.396,0,0,0,0.999817,0,-0.0191474,0,0,-0.00336354,0,83.6056,0.964324,-32.2165,0,1653.34,46.5768,-0,-393.323,117.374,117.374,2.27211,10,0,0,-0.0194849,-0,0.0382971,0,1
25.1,-81.0896,0,3965.51,-8.72947,0,275.449,0,0,0,0.999816,0,-0.0191642,0,0,-0.00336728,0,83.6007,0.964298,-32.1806,0,1650.04,46.5308,-0,-393.358,117.37,117.37,2.27201,10,0,0,-0.0195021,-0,0.0383308,0,1
25.11,-81.1769,0,3968.27,-8.73351,0,275.5,0,0,0,0.999816,0,-0.0191811,0,0,-0.00337104,0,83.5958,0.964273,-32.1446,0,1646.74,46.4847,-0,-393.393,117.366,117.366,2.27192,10,0,0,-0.0195194,-0,0.0383645,0,1
25.12,-81.2643,0,3971.02,-8.73754,0,275.552,0,0,0,0.999816,0,-0.0191979,0,0,-0.00337483,0,83.5909,0.964248,-32.1085,0,1643.44,46.4385,-0,-393.426,117.362,117.362,2.27182,10,0,0,-0.0195366,-0,0.0383982,0,1
25.13,-81.3517,0,3973.78,-8.74156,0,275.603,0,0,0,0.999815,0,-0.0192148,0,0,-0.00337864,0,83.586,0.964222,-32.0723,0,1640.14,46.3922,-0,-393.459,117.358,117.358,2.27172,10,0,0,-0.0195539,-0,0.038432,0,1
25.14,-81.4391,0,3976.54,-8.74557,0,275.654,0,0,0,0.999815,0,-0.0192317,0,0,-0.00338247,0,83.5811,0.964197,-32.036,0,1636.84,46.3458,-0,-393.49,117.354,117.354,2.27162,10,0,0,-0.0195711,-0,0.0384658,0,1
25.15,-81.5266,0,3979.29,-8.74958,0,275.704,0,0,0,0.999815,0,-0.0192486,0,0,-0.00338632,0,83.5763,0.964172,-31.9997,0,1633.53,46.2993,-0,-393.52,117.35,117.35,2.27153,10,0,0,-0.0195885,-0,0.0384996,0,1
25.16,-81.6141,0,3982.05,-8.75357,0,275.754,0,0,0,0.999814,0,-0.0192656,0,0,-0.0033902,0,83.5714,0.964147,-31.9633,0,1630.23,46.2526,-0,-393.549,117.345,117.345,2.27143,10,0,0,-0.0196058,-0,0.0385335,0,1
25.17,-81.7017,0,3984.81,-8.75756,0,275.804,0,0,0,0.999814,0,-0.0192825,0,0,-0.0033941,0,83.5666,0.964122,-31.9267,0,1626.93,46.2059,-0,-393.576,117.341,117.341,2.27133,10,0,0,-0.0196231,-0,0.0385674,0,1
25.18,-81.7893,0,3987.57,-8.76154,0,275.853,0,0,0,0.999814,0,-0.0192995,0,0,-0.00339802,0,83.5618,0.964097,-31.8901,0,1623.63,46.159,-0,-393.603,117.337,117.337,2.27124,10,0,0,-0.0196405,-0,0.0386014,0,1
25.19,-81.8769,0,3990.32,-8.76551,0,275.902,0,0,0,0.999813,0,-0.0193165,0,0,-0.00340197,0,83.557,0.964072,-31.8534,0,1620.32,46.1121,-0,-393.628,117.333,117.333,2.27114,10,0,0,-0.0196579,-0,0.0386354,0,1
25.2,-81.9646,0,3993.08,-8.76947,0,275.951,0,0,0,0.999813,0,-0.0193335,0,0,-0.00340594,0,83.5522,0.964047,-31.8167,0,1617.02,46.065,-0,-393.652,117.329,117.329,2.27104,10,0,0,-0.0196753,-0,0.0386694,0,1
25.21,-82.0523,0,3995.84,-8.77342,0,275.999,0,0,0,0.999813,0,-0.0193506,0,0,-0.00340994,0,83.5474,0.964022,-31.7798,0,1613.72,46.0179,-0,-393.675,117.325,117.325,2.27095,10,0,0,-0.0196928,-0,0.0387035,0,1
25.22,-82.14,0,3998.6,-8.77736,0,276.046,0,0,0,0.999812,0,-0.0193676,0,0,-0.00341396,0,83.5426,0.963997,-31.7429,0,1610.41,45.9706,-0,-393.697,117.321,117.321,2.27085,10,0,0,-0.0197102,-0,0.0387376,0,1
25.23,-82.2278,0,4001.36,-8.78129,0,276.094,0,0,0,0.999812,0,-0.0193847,0,0,-0.003418,0,83.5378,0.963972,-31.7058,0,1607.11,45.9232,-0,-393.718,117.317,117.317,2.27076,10,0,0,-0.0197277,-0,0.0387718,0,1
25.24,-82.3157,0,4004.13,-8.78522,0,276.14,0,0,0,0.999812,0,-0.0194018,0,0,-0.00342207,0,83.533,0.963948,-31.6687,0,1603.8,45.8758,-0,-393.737,117.313,117.313,2.27066,10,0,0,-0.0197452,-0,0.038806,0,1
25.25,-82.4035,0,4006.89,-8.78913,0,276.187,0,0,0,0.999811,0,-0.0194189,0,0,-0.00342616,0,83.5283,0.963923,-31.6315,0,1600.5,45.8282,-0,-393.755,117.309,117.309,2.27057,10,0,0,-0.0197627,-0,0.0388402,0,1
25.26,-82.4915,0,4009.65,-8.79304,0,276.233,0,0,0,0.999811,0,-0.019436,0,0,-0.00343027,0,83.5235,0.963898,-31.5943,0,1597.19,45.7805,-0,-393.773,117.305,117.305,2.27047,10,0,0,-0.0197803,-0,0.0388745,0,1
25.27,-82.5794,0,4012.41,-8.79694,0,276.279,0,0,0,0.999811,0,-0.0194532,0,0,-0.00343441,0,83.5188,0.963874,-31.5569,0,1593.89,45.7327,-0,-393.789,117.301,117.301,2.27038,10,0,0,-0.0197979,-0,0.0389089,0,1
25.28,-82.6674,0,4015.17,-8.80082,0,276.324,0,0,0,0.99981,0,-0.0194704,0,0,-0.00343857,0,83.5141,0.963849,-31.5194,0,1590.58,45.6848,-0,-393.804,117.297,117.297,2.27028,10,0,0,-0.0198155,-0,0.0389432,0,1
25.29,-82.7554,0,4017.94,-8.8047,0,276.369,0,0,0,0.99981,0,-0.0194876,0,0,-0.00344276,0,83.5094,0.963825,-31.4819,0,1587.28,45.6368,-0,-393.817,117.293,117.293,2.27019,10,0,0,-0.0198331,-0,0.0389776,0,1
25.3,-82.8435,0,4020.7,-8.80857,0,276.414,0,0,0,0.99981,0,-0.0195048,0,0,-0.00344697,0,83.5047,0.9638,-31.4443,0,1583.97,45.5887,-0,-393.83,117.289,117.289,2.27009,10,0,0,-0.0198507,-0,0.0390121,0,1
25.31,-82.9316,0,4023.47,-8.81243,0,276.458,0,0,0,0.999809,0,-0.019522,0,0,-0.0034512,0,83.5,0.963776,-31.4066,0,1580.66,45.5404,-0,-393.841,117.285,117.285,2.27,10,0,0,-0.0198684,-0,0.0390466,0,1
25.32,-83.0197,0,4026.23,-8.81628,0,276.502,0,0,0,0.999809,0,-0.0195393,0,0,-0.00345547,0,83.4953,0.963752,-31.3688,0,1577.36,45.4921,-0,-393.852,117.282,117.282,2.26991,10,0,0,-0.0198861,-0,0.0390811,0,1
25.33,-83.1079,0,4029,-8.82013,0,276.545,0,0,0,0.999809,0,-0.0195566,0,0,-0.00345975,0,83.4906,0.963728,-31.3309,0,1574.05,45.4437,-0,-393.861,117.278,117.278,2.26981,10,0,0,-0.0199038,-0,0.0391157,0,1
25.34,-83.1961,0,4031.76,-8.82396,0,276.588,0,0,0,0.999808,0,-0.0195739,0,0,-0.00346406,0,83.4859,0.963703,-31.2929,0,1570.74,45.3952,-0,-393.869,117.274,117.274,2.26972,10,0,0,-0.0199216,-0,0.0391503,0,1
25.35,-83.2844,0,4034.53,-8.82778,0,276.631,0,0,0,0.999808,0,-0.0195912,0,0,-0.0034684,0,83.4813,0.963679,-31.2549,0,1567.43,45.3465,-0,-393.875,117.27,117.27,2.26963,10,0,0,-0.0199393,-0,0.039185,0,1
25.36,-83.3727,0,4037.29,-8.8316,0,276.673,0,0,0,0.999808,0,-0.0196086,0,0,-0.00347276,0,83.4766,0.963655,-31.2168,0,1564.13,45.2978,-0,-393.881,117.266,117.266,2.26953,10,0,0,-0.0199571,-0,0.0392197,0,1
25.37,-83.461,0,4040.06,-8.8354,0,276.715,0,0,0,0.999807,0,-0.0196259,0,0,-0.00347714,0,83.472,0.963631,-31.1786,0,1560.82,45.2489,-0,-393.886,117.262,117.262,2.26944,10,0,0,-0.0199749,-0,0.0392544,0,1
25.38,-83.5494,0,4042.83,-8.8392,0,276.756,0,0,0,0.999807,0,-0.0196433,0,0,-0.00348155,0,83.4674,0.963607,-31.1403,0,1557.51,45.1999,-0,-393.889,117.258,117.258,2.26935,10,0,0,-0.0199928,-0,0.0392892,0,1
25.39,-83.6378,0,4045.6,-8.84299,0,276.797,0,0,0,0.999807,0,-0.0196608,0,0,-0.00348599,0,83.4628,0.963583,-31.1019,0,1554.2,45.1509,-0,-393.891,117.254,117.254,2.26926,10,0,0,-0.0200106,-0,0.039324,0,1
25.4,-83.7263,0,4048.37,-8.84676,0,276.838,0,0,0,0.999806,0,-0.0196782,0,0,-0.00349045,0,83.4582,0.963559,-31.0634,0,1550.89,45.1017,-0,-393.892,117.25,117.25,2.26916,10,0,0,-0.0200285,-0,0.0393589,0,1
25.41,-83.8148,0,4051.13,-8.85053,0,276.878,0,0,0,0.999806,0,-0.0196957,0,0,-0.00349494,0,83.4536,0.963535,-31.0248,0,1547.58,45.0524,-0,-393.892,117.247,117.247,2.26907,10,0,0,-0.0200464,-0,0.0393939,0,1
25.42,-83.9033,0,4053.9,-8.85429,0,276.918,0,0,0,0.999806,0,-0.0197131,0,0,-0.00349945,0,83.449,0.963511,-30.9862,0,1544.27,45.003,-0,-393.891,117.243,117.243,2.26898,10,0,0,-0.0200644,-0,0.0394288,0,1
25.43,-83.9918,0,4056.67,-8.85804,0,276.957,0,0,0,0.999805,0,-0.0197306,0,0,-0.00350399,0,83.4444,0.963488,-30.9475,0,1540.96,44.9536,-0,-393.889,117.239,117.239,2.26889,10,0,0,-0.0200823,-0,0.0394638,0,1
25.44,-84.0804,0,4059.44,-8.86178,0,276.997,0,0,0,0.999805,0,-0.0197482,0,0,-0.00350855,0,83.4399,0.963464,-30.9086,0,1537.65,44.904,-0,-393.885,117.235,117.235,2.2688,10,0,0,-0.0201003,-0,0.0394989,0,1
25.45,-84.1691,0,4062.21,-8.86551,0,277.035,0,0,0,0.999805,0,-0.0197657,0,0,-0.00351314,0,83.4353,0.96344,-30.8697,0,1534.34,44.8543,-0,-393.881,117.231,117.231,2.26871,10,0,0,-0.0201183,-0,0.039534,0,1
25.46,-84.2577,0,4064.98,-8.86924,0,277.074,0,0,0,0.999804,0,-0.0197833,0,0,-0.00351776,0,83.4308,0.963417,-30.8308,0,1531.03,44.8045,-0,-393.875,117.227,117.227,2.26862,10,0,0,-0.0201364,-0,0.0395692,0,1
25.47,-84.3465,0,4067.75,-8.87295,0,277.112,0,0,0,0.999804,0,-0.0198009,0,0,-0.0035224,0,83.4262,0.963393,-30.7917,0,1527.72,44.7545,-0,-393.868,117.224,117.224,2.26852,10,0,0,-0.0201544,-0,0.0396044,0,1
25.48,-84.4352,0,4070.52,-8.87665,0,277.149,0,0,0,0.999804,0,-0.0198185,0,0,-0.00352707,0,83.4217,0.96337,-30.7525,0,1524.41,44.7045,-0,-393.86,117.22,117.22,2.26843,10,0,0,-0.0201725,-0,0.0396396,0,1
25.49,-84.524,0,4073.3,-8.88035,0,277.186,0,0,0,0.999803,0,-0.0198362,0,0,-0.00353176,0,83.4172,0.963346,-30.7133,0,1521.1,44.6544,-0,-393.851,117.216,117.216,2.26834,10,0,0,-0.0201906,-0,0.0396749,0,1
25.5,-84.6128,0,4076.07,-8.88403,0,277.223,0,0,0,0.999803,0,-0.0198538,0,0,-0.00353649,0,83.4127,0.963323,-30.674,0,1517.78,44.6042,-0,-393.84,117.212,117.212,2.26825,10,0,0,-0.0202088,-0,0.0397102,0,1
25.51,-84.7017,0,4078.84,-8.88771,0,277.259,0,0,0,0.999803,0,-0.0198715,0,0,-0.00354123,0,83.4082,0.963299,-30.6345,0,1514.47,44.5538,-0,-393.829,117.208,117.208,2.26816,10,0,0,-0.0202269,-0,0.0397456,0,1
25.52,-84.7906,0,4081.61,-8.89137,0,277.295,0,0,0,0.999802,0,-0.0198892,0,0,-0.00354601,0,83.4037,0.963276,-30.595,0,1511.16,44.5034,-0,-393.816,117.205,117.205,2.26807,10,0,0,-0.0202451,-0,0.0397811,0,1
25.53,-84.8795,0,4084.39,-8.89503,0,277.331,0,0,0,0.999802,0,-0.019907,0,0,-0.00355081,0,83.3992,0.963253,-30.5555,0,1507.85,44.4528,-0,-393.802,117.201,117.201,2.26798,10,0,0,-0.0202634,-0,0.0398166,0,1
25.54,-84.9685,0,4087.16,-8.89867,0,277.366,0,0,0,0.999801,0,-0.0199247,0,0,-0.00355564,0,83.3948,0.96323,-30.5158,0,1504.53,44.4022,-0,-393.788,117.197,117.197,2.2679,10,0,0,-0.0202816,-0,0.0398521,0,1
25.55,-85.0575,0,4089.93,-8.90231,0,277.401,0,0,0,0.999801,0,-0.0199425,0,0,-0.00356049,0,83.3903,0.963206,-30.476,0,1501.22,44.3514,-0,-393.772,117.193,117.193,2.26781,10,0,0,-0.0202999,-0,0.0398877,0,1
25.56,-85.1465,0,4092.71,-8.90594,0,277.436,0,0,0,0.999801,0,-0.0199603,0,0,-0.00356538,0,83.3859,0.963183,-30.4362,0,1497.91,44.3005,-0,-393.754,117.19,117.19,2.26772,10,0,0,-0.0203182,-0,0.0399233,0,1
25.57,-85.2356,0,4095.48,-8.90956,0,277.47,0,0,0,0.9998,0,-0.0199782,0,0,-0.00357029,0,83.3814,0.96316,-30.3962,0,1494.59,44.2496,-0,-393.736,117.186,117.186,2.26763,10,0,0,-0.0203365,-0,0.039959,0,1
25.58,-85.3247,0,4098.26,-8.91316,0,277.503,0,0,0,0.9998,0,-0.019996,0,0,-0.00357522,0,83.377,0.963137,-30.3562,0,1491.28,44.1985,-0,-393.717,117.182,117.182,2.26754,10,0,0,-0.0203549,-0,0.0399947,0,1
25.59,-85.4139,0,4101.03,-8.91676,0,277.537,0,0,0,0.9998,0,-0.0200139,0,0,-0.00358019,0,83.3726,0.963114,-30.3161,0,1487.96,44.1473,-0,-393.696,117.179,117.179,2.26745,10,0,0,-0.0203733,-0,0.0400305,0,1
25.6,-85.503,0,4103.81,-8.92035,0,277.57,0,0,0,0.999799,0,-0.0200318,0,0,-0.00358518,0,83.3682,0.963091,-30.2759,0,1484.65,44.096,-0,-393.674,117.175,117.175,2.26736,10,0,0,-0.0203917,-0,0.0400663,0,1
25.61,-85.5923,0,4106.58,-8.92393,0,277.602,0,0,0,0.999799,0,-0.0200498,0,0,-0.0035902,0,83.3638,0.963069,-30.2356,0,1481.33,44.0446,-0,-393.652,117.171,117.171,2.26728,10,0,0,-0.0204101,-0,0.0401022,0,1
25.62,-85.6815,0,4109.36,-8.9275,0,277.634,0,0,0,0.999799,0,-0.0200677,0,0,-0.00359525,0,83.3594,0.963046,-30.1953,0,1478.02,43.9931,-0,-393.628,117.167,117.167,2.26719,10,0,0,-0.0204286,-0,0.0401381,0,1
25.63,-85.7708,0,4112.14,-8.93106,0,277.666,0,0,0,0.999798,0,-0.0200857,0,0,-0.00360033,0,83.355,0.963023,-30.1548,0,1474.7,43.9415,-0,-393.603,117.164,117.164,2.2671,10,0,0,-0.0204471,-0,0.0401741,0,1
25.64,-85.8601,0,4114.91,-8.93461,0,277.697,0,0,0,0.999798,0,-0.0201037,0,0,-0.00360543,0,83.3507,0.963,-30.1143,0,1471.39,43.8898,-0,-393.576,117.16,117.16,2.26701,10,0,0,-0.0204656,-0,0.0402101,0,1
25.65,-85.9495,0,4117.69,-8.93815,0,277.728,0,0,0,0.999798,0,-0.0201217,0,0,-0.00361056,0,83.3463,0.962978,-30.0737,0,1468.07,43.8379,-0,-393.549,117.156,117.156,2.26693,10,0,0,-0.0204842,-0,0.0402462,0,1
25.66,-86.0389,0,4120.47,-8.94168,0,277.759,0,0,0,0.999797,0,-0.0201398,0,0,-0.00361572,0,83.342,0.962955,-30.0329,0,1464.75,43.786,-0,-393.521,117.153,117.153,2.26684,10,0,0,-0.0205027,-0,0.0402823,0,1
25.67,-86.1283,0,4123.25,-8.94521,0,277.789,0,0,0,0.999797,0,-0.0201579,0,0,-0.00362091,0,83.3376,0.962933,-29.9921,0,1461.44,43.734,-0,-393.491,117.149,117.149,2.26675,10,0,0,-0.0205213,-0,0.0403185,0,1
25.68,-86.2178,0,4126.02,-8.94872,0,277.819,0,0,0,0.999796,0,-0.020176,0,0,-0.00362613,0,83.3333,0.96291,-29.9513,0,1458.12,43.6818,-0,-393.46,117.146,117.146,2.26667,10,0,0,-0.02054,-0,0.0403548,0,1
25.69,-86.3073,0,4128.8,-8.95222,0,277.848,0,0,0,0.999796,0,-0.0201941,0,0,-0.00363138,0,83.329,0.962888,-29.9103,0,1454.8,43.6296,-0,-393.429,117.142,117.142,2.26658,10,0,0,-0.0205587,-0,0.040391,0,1
25.7,-86.3968,0,4131.58,-8.95571,0,277.877,0,0,0,0.999796,0,-0.0202123,0,0,-0.00363665,0,83.3247,0.962865,-29.8692,0,1451.49,43.5772,-0,-393.396,117.138,117.138,2.26649,10,0,0,-0.0205774,-0,0.0404274,0,1
25.71,-86.4864,0,4134.36,-8.95919,0,277.906,0,0,0,0.999795,0,-0.0202305,0,0,-0.00364195,0,83.3204,0.962843,-29.8281,0,1448.17,43.5247,-0,-393.362,117.135,117.135,2.26641,10,0,0,-0.0205961,-0,0.0404638,0,1
25.72,-86.576,0,4137.14,-8.96267,0,277.934,0,0,0,0.999795,0,-0.0202487,0,0,-0.00364729,0,83.3161,0.962821,-29.7868,0,1444.85,43.4722,-0,-393.327,117.131,117.131,2.26632,10,0,0,-0.0206148,-0,0.0405002,0,1
25.73,-86.6657,0,4139.92,-8.96613,0,277.962,0,0,0,0.999795,0,-0.020267,0,0,-0.00365265,0,83.3118,0.962798,-29.7455,0,1441.53,43.4195,-0,-393.29,117.128,117.128,2.26624,10,0,0,-0.0206336,-0,0.0405367,0,1
25.74,-86.7554,0,4142.7,-8.96958,0,277.989,0,0,0,0.999794,0,-0.0202852,0,0,-0.00365804,0,83.3076,0.962776,-29.7041,0,1438.21,43.3667,-0,-393.253,117.124,117.124,2.26615,10,0,0,-0.0206524,-0,0.0405733,0,1
25.75,-86.8451,0,4145.48,-8.97303,0,278.016,0,0,0,0.999794,0,-0.0203035,0,0,-0.00366346,0,83.3033,0.962754,-29.6626,0,1434.89,43.3138,-0,-393.214,117.12,117.12,2.26607,10,0,0,-0.0206713,-0,0.0406099,0,1
25.76,-86.9348,0,4148.26,-8.97646,0,278.043,0,0,0,0.999793,0,-0.0203219,0,0,-0.00366891,0,83.2991,0.962732,-29.621,0,1431.57,43.2608,-0,-393.175,117.117,117.117,2.26598,10,0,0,-0.0206902,-0,0.0406465,0,1
25.77,-87.0246,0,4151.04,-8.97988,0,278.069,0,0,0,0.999793,0,-0.0203402,0,0,-0.00367439,0,83.2948,0.96271,-29.5793,0,1428.25,43.2077,-0,-393.134,117.113,117.113,2.2659,10,0,0,-0.0207091,-0,0.0406833,0,1
25.78,-87.1144,0,4153.82,-8.9833,0,278.095,0,0,0,0.999793,0,-0.0203586,0,0,-0.0036799,0,83.2906,0.962688,-29.5376,0,1424.93,43.1545,-0,-393.092,117.11,117.11,2.26581,10,0,0,-0.020728,-0,0.04072,0,1
25.79,-87.2043,0,4156.6,-8.9867,0,278.121,0,0,0,0.999792,0,-0.020377,0,0,-0.00368544,0,83.2864,0.962666,-29.4957,0,1421.61,43.1012,-0,-393.049,117.106,117.106,2.26573,10,0,0,-0.020747,-0,0.0407569,0,1
25.8,-87.2941,0,4159.38,-8.99009,0,278.146,0,0,0,0.999792,0,-0.0203955,0,0,-0.00369101,0,83.2822,0.962644,-29.4538,0,1418.29,43.0477,-0,-393.005,117.103,117.103,2.26564,10,0,0,-0.020766,-0,0.0407937,0,1
25.81,-87.3841,0,4162.16,-8.99348,0,278.171,0,0,0,0.999792,0,-0.0204139,0,0,-0.00369661,0,83.278,0.962622,-29.4118,0,1414.97,42.9942,-0,-392.96,117.099,117.099,2.26556,10,0,0,-0.020785,-0,0.0408307,0,1
25.82,-87.474,0,4164.95,-8.99685,0,278.195,0,0,0,0.999791,0,-0.0204324,0,0,-0.00370224,0,83.2738,0.9626,-29.3696,0,1411.65,42.9405,-0,-392.914,117.096,117.096,2.26548,10,0,0,-0.0208041,-0,0.0408677,0,1
25.83,-87.564,0,4167.73,-9.00021,0,278.219,0,0,0,0.999791,0,-0.0204509,0,0,-0.0037079,0,83.2696,0.962579,-29.3274,0,1408.33,42.8868,-0,-392.866,117.092,117.092,2.26539,10,0,0,-0.0208232,-0,0.0409047,0,1
25.84,-87.654,0,4170.51,-9.00357,0,278.243,0,0,0,0.99979,0,-0.0204695,0,0,-0.0037136,0,83.2655,0.962557,-29.2851,0,1405.01,42.8329,-0,-392.818,117.089,117.089,2.26531,10,0,0,-0.0208423,-0,0.0409418,0,1
25.85,-87.7441,0,4173.29,-9.00691,0,278.266,0,0,0,0.99979,0,-0.0204881,0,0,-0.00371932,0,83.2613,0.962535,-29.2428,0,1401.69,42.779,-0,-392.768,117.085,117.085,2.26523,10,0,0,-0.0208614,-0,0.040979,0,1
25.86,-87.8342,0,4176.08,-9.01025,0,278.289,0,0,0,0.99979,0,-0.0205067,0,0,-0.00372507,0,83.2572,0.962514,-29.2003,0,1398.37,42.7249,-0,-392.717,117.082,117.082,2.26514,10,0,0,-0.0208806,-0,0.0410162,0,1
25.87,-87.9243,0,4178.86,-9.01357,0,278.311,0,0,0,0.999789,0,-0.0205253,0,0,-0.00373086,0,83.253,0.962492,-29.1577,0,1395.04,42.6707,-0,-392.665,117.078,117.078,2.26506,10,0,0,-0.0208998,-0,0.0410535,0,1
25.88,-88.0144,0,4181.64,-9.01688,0,278.333,0,0,0,0.999789,0,-0.020544,0,0,-0.00373667,0,83.2489,0.962471,-29.1151,0,1391.72,42.6164,-0,-392.613,117.075,117.075,2.26498,10,0,0,-0.0209191,-0,0.0410908,0,1
25.89,-88.1046,0,4184.43,-9.02019,0,278.355,0,0,0,0.999789,0,-0.0205627,0,0,-0.00374252,0,83.2448,0.962449,-29.0723,0,1388.4,42.562,-0,-392.558,117.071,117.071,2.2649,10,0,0,-0.0209384,-0,0.0411282,0,1
25.9,-88.1948,0,4187.21,-9.02348,0,278.376,0,0,0,0.999788,0,-0.0205814,0,0,-0.0037484,0,83.2407,0.962428,-29.0295,0,1385.07,42.5075,-0,-392.503,117.068,117.068,2.26481,10,0,0,-0.0209577,-0,0.0411657,0,1
25.91,-88.2851,0,4189.99,-9.02676,0,278.397,0,0,0,0.999788,0,-0.0206001,0,0,-0.00375431,0,83.2366,0.962407,-28.9866,0,1381.75,42.4529,-0,-392.447,117.064,117.064,2.26473,10,0,0,-0.020977,-0,0.0412032,0,1
25.92,-88.3754,0,4192.78,-9.03004,0,278.418,0,0,0,0.999787,0,-0.0206189,0,0,-0.00376025,0,83.2325,0.962385,-28.9436,0,1378.43,42.3982,-0,-392.39,117.061,117.061,2.26465,10,0,0,-0.0209964,-0,0.0412408,0,1
25.93,-88.4657,0,4195.56,-9.0333,0,278.438,0,0,0,0.999787,0,-0.0206377,0,0,-0.00376622,0,83.2284,0.962364,-28.9005,0,1375.1,42.3433,-0,-392.331,117.058,117.058,2.26457,10,0,0,-0.0210158,-0,0.0412784,0,1
25.94,-88.556,0,4198.35,-9.03655,0,278.458,0,0,0,0.999787,0,-0.0206566,0,0,-0.00377223,0,83.2244,0.962343,-28.8573,0,1371.78,42.2884,-0,-392.272,117.054,117.054,2.26449,10,0,0,-0.0210353,-0,0.0413161,0,1
25.95,-88.6464,0,4201.13,-9.0398,0,278.477,0,0,0,0.999786,0,-0.0206755,0,0,-0.00377827,0,83.2203,0.962322,-28.814,0,1368.45,42.2334,-0,-392.211,117.051,117.051,2.26441,10,0,0,-0.0210548,-0,0.0413538,0,1
25.96,-88.7368,0,4203.92,-9.04303,0,278.496,0,0,0,0.999786,0,-0.0206944,0,0,-0.00378434,0,83.2163,0.962301,-28.7707,0,1365.13,42.1782,-0,-392.149,117.047,117.047,2.26433,10,0,0,-0.0210743,-0,0.0413917,0,1
25.97,-88.8273,0,4206.7,-9.04625,0,278.514,0,0,0,0.999785,0,-0.0207133,0,0,-0.00379044,0,83.2122,0.96228,-28.7272,0,1361.8,42.1229,-0,-392.087,117.044,117.044,2.26424,10,0,0,-0.0210938,-0,0.0414295,0,1
25.98,-88.9178,0,4209.49,-9.04946,0,278.533,0,0,0,0.999785,0,-0.0207322,0,0,-0.00379657,0,83.2082,0.962259,-28.6837,0,1358.48,42.0676,-0,-392.023,117.041,117.041,2.26416,10,0,0,-0.0211134,-0,0.0414675,0,1
25.99,-89.0083,0,4212.27,-9.05266,0,278.55,0,0,0,0.999785,0,-0.0207512,0,0,-0.00380274,0,83.2042,0.962238,-28.6401,0,1355.15,42.0121,-0,-391.958,117.037,117.037,2.26408,10,0,0,-0.021133,-0,0.0415055,0,1
26,-89.0988,0,4215.06,-9.05585,0,278.568,0,0,0,0.999784,0,-0.0207703,0,0,-0.00380894,0,83.2002,0.962217,-28.5963,0,1351.83,41.9565,-0,-391.892,117.034,117.034,2.264,10,0,0,-0.0211527,-0,0.0415435,0,1
26.01,-89.1894,0,4217.84,-9.05904,0,278.585,0,0,0,0.999784,0,-0.0207893,0,0,-0.00381518,0,83.1962,0.962196,-28.5525,0,1348.5,41.9008,-0,-391.824,117.03,117.03,2.26392,10,0,0,-0.0211723,-0,0.0415816,0,1
26.02,-89.28,0,4220.63,-9.06221,0,278.602,0,0,0,0.999783,0,-0.0208084,0,0,-0.00382144,0,83.1922,0.962175,-28.5086,0,1345.17,41.845,-0,-391.756,117.027,117.027,2.26384,10,0,0,-0.0211921,-0,0.0416198,0,1
26.03,-89.3706,0,4223.41,-9.06537,0,278.618,0,0,0,0.999783,0,-0.0208275,0,0,-0.00382774,0,83.1882,0.962155,-28.4646,0,1341.85,41.7891,-0,-391.687,117.024,117.024,2.26376,10,0,0,-0.0212118,-0,0.0416581,0,1
26.04,-89.4613,0,4226.2,-9.06852,0,278.634,0,0,0,0.999783,0,-0.0208467,0,0,-0.00383408,0,83.1843,0.962134,-28.4205,0,1338.52,41.733,-0,-391.616,117.02,117.02,2.26369,10,0,0,-0.0212316,-0,0.0416964,0,1
26.05,-89.552,0,4228.99,-9.07166,0,278.649,0,0,0,0.999782,0,-0.0208659,0,0,-0.00384044,0,83.1803,0.962113,-28.3764,0,1335.19,41.6769,-0,-391.545,117.017,117.017,2.26361,10,0,0,-0.0212514,-0,0.0417348,0,1
26.06,-89.6427,0,4231.77,-9.07479,0,278.664,0,0,0,0.999782,0,-0.0208851,0,0,-0.00384685,0,83.1764,0.962093,-28.3321,0,1331.86,41.6207,-0,-391.472,117.014,117.014,2.26353,10,0,0,-0.0212713,-0,0.0417732,0,1
26.07,-89.7335,0,4234.56,-9.07791,0,278.679,0,0,0,0.999781,0,-0.0209043,0,0,-0.00385328,0,83.1724,0.962072,-28.2877,0,1328.54,41.5643,-0,-391.398,117.011,117.011,2.26345,10,0,0,-0.0212912,-0,0.0418117,0,1
26.08,-89.8243,0,4237.35,-9.08101,0,278.693,0,0,0,0.999781,0,-0.0209236,0,0,-0.00385975,0,83.1685,0.962052,-28.2433,0,1325.21,41.5079,-0,-391.324,117.007,117.007,2.26337,10,0,0,-0.0213111,-0,0.0418503,0,1
26.09,-89.9151,0,4240.13,-9.08411,0,278.707,0,0,0,0.999781,0,-0.0209429,0,0,-0.00386625,0,83.1646,0.962031,-28.1987,0,1321.88,41.4513,-0,-391.248,117.004,117.004,2.26329,10,0,0,-0.0213311,-0,0.0418889,0,1
26.1,-90.006,0,4242.92,-9.0872,0,278.721,0,0,0,0.99978,0,-0.0209623,0,0,-0.00387279,0,83.1607,0.962011,-28.1541,0,1318.55,41.3946,-0,-391.171,117.001,117.001,2.26321,10,0,0,-0.0213511,-0,0.0419276,0,1
26.11,-90.0969,0,4245.71,-9.09028,0,278.734,0,0,0,0.99978,0,-0.0209816,0,0,-0.00387937,0,83.1568,0.961991,-28.1094,0,1315.22,41.3378,-0,-391.093,116.997,116.997,2.26314,10,0,0,-0.0213711,-0,0.0419663,0,1
26.12,-90.1878,0,4248.5,-9.09334,0,278.747,0,0,0,0.999779,0,-0.021001,0,0,-0.00388597,0,83.1529,0.96197,-28.0646,0,1311.89,41.2809,-0,-391.014,116.994,116.994,2.26306,10,0,0,-0.0213912,-0,0.0420052,0,1
26.13,-90.2787,0,4251.28,-9.0964,0,278.759,0,0,0,0.999779,0,-0.0210205,0,0,-0.00389262,0,83.1491,0.96195,-28.0197,0,1308.56,41.2239,-0,-390.933,116.991,116.991,2.26298,10,0,0,-0.0214113,-0,0.0420441,0,1
26.14,-90.3697,0,4254.07,-9.09944,0,278.771,0,0,0,0.999779,0,-0.02104,0,0,-0.00389929,0,83.1452,0.96193,-27.9747,0,1305.23,41.1668,-0,-390.852,116.988,116.988,2.2629,10,0,0,-0.0214314,-0,0.042083,0,1
26.15,-90.4607,0,4256.86,-9.10248,0,278.783,0,0,0,0.999778,0,-0.0210595,0,0,-0.00390601,0,83.1413,0.96191,-27.9296,0,1301.9,41.1095,-0,-390.77,116.984,116.984,2.26283,10,0,0,-0.0214516,-0,0.0421221,0,1
26.16,-90.5518,0,4259.65,-9.1055,0,278.794,0,0,0,0.999778,0,-0.021079,0,0,-0.00391276,0,83.1375,0.96189,-27.8844,0,1298.57,41.0522,-0,-390.686,116.981,116.981,2.26275,10,0,0,-0.0214718,-0,0.0421611,0,1
26.17,-90.6428,0,4262.43,-9.10852,0,278.805,0,0,0,0.999777,0,-0.0210986,0,0,-0.00391954,0,83.1337,0.96187,-27.8391,0,1295.24,40.9948,-0,-390.602,116.978,116.978,2.26267,10,0,0,-0.0214921,-0,0.0422003,0,1
26.18,-90.7339,0,4265.22,-9.11152,0,278.815,0,0,0,0.999777,0,-0.0211182,0,0,-0.00392636,0,83.1298,0.96185,-27.7937,0,1291.91,40.9372,-0,-390.516,116.975,116.975,2.2626,10,0,0,-0.0215124,-0,0.0422395,0,1
26.19,-90.8251,0,4268.01,-9.11451,0,278.825,0,0,0,0.999777,0,-0.0211378,0,0,-0.00393322,0,83.126,0.96183,-27.7483,0,1288.58,40.8795,-0,-390.43,116.972,116.972,2.26252,10,0,0,-0.0215327,-0,0.0422788,0,1
26.2,-90.9162,0,4270.8,-9.1175,0,278.835,0,0,0,0.999776,0,-0.0211575,0,0,-0.00394011,0,83.1222,0.96181,-27.7027,0,1285.25,40.8217,-0,-390.342,116.968,116.968,2.26244,10,0,0,-0.0215531,-0,0.0423182,0,1
26.21,-91.0074,0,4273.59,-9.12047,0,278.844,0,0,0,0.999776,0,-0.0211772,0,0,-0.00394704,0,83.1184,0.96179,-27.6571,0,1281.91,40.7638,-0,-390.253,116.965,116.965,2.26237,10,0,0,-0.0215735,-0,0.0423576,0,1
26.22,-91.0986,0,4276.38,-9.12343,0,278.853,0,0,0,0.999775,0,-0.021197,0,0,-0.003954,0,83.1146,0.96177,-27.6114,0,1278.58,40.7058,-0,-390.163,116.962,116.962,2.26229,10,0,0,-0.021594,-0,0.0423971,0,1
26.23,-91.1899,0,4279.16,-9.12638,0,278.862,0,0,0,0.999775,0,-0.0212168,0,0,-0.003961,0,83.1109,0.961751,-27.5655,0,1275.25,40.6477,-0,-390.072,116.959,116.959,2.26222,10,0,0,-0.0216145,-0,0.0424367,0,1
26.24,-91.2812,0,4281.95,-9.12932,0,278.87,0,0,0,0.999774,0,-0.0212366,0,0,-0.00396804,0,83.1071,0.961731,-27.5196,0,1271.92,40.5895,-0,-389.98,116.956,116.956,2.26214,10,0,0,-0.021635,-0,0.0424764,0,1
26.25,-91.3725,0,4284.74,-9.13225,0,278.878,0,0,0,0.999774,0,-0.0212564,0,0,-0.00397512,0,83.1033,0.961712,-27.4736,0,1268.58,40.5312,-0,-389.887,116.952,116.952,2.26207,10,0,0,-0.0216556,-0,0.0425161,0,1
26.26,-91.4638,0,4287.53,-9.13516,0,278.885,0,0,0,0.999774,0,-0.0212763,0,0,-0.00398223,0,83.0996,0.961692,-27.4275,0,1265.25,40.4727,-0,-389.793,116.949,116.949,2.26199,10,0,0,-0.0216762,-0,0.0425559,0,1
26.27,-91.5552,0,4290.32,-9.13807,0,278.892,0,0,0,0.999773,0,-0.0212963,0,0,-0.00398938,0,83.0959,0.961673,-27.3813,0,1261.92,40.4142,-0,-389.698,116.946,116.946,2.26192,10,0,0,-0.0216968,-0,0.0425957,0,1
26.28,-91.6466,0,4293.11,-9.14097,0,278.899,0,0,0,0.999773,0,-0.0213162,0,0,-0.00399657,0,83.0921,0.961653,-27.335,0,1258.58,40.3555,-0,-389.602,116.943,116.943,2.26184,10,0,0,-0.0217175,-0,0.0426357,0,1
26.29,-91.738,0,4295.9,-9.14385,0,278.905,0,0,0,0.999772,0,-0.0213362,0,0,-0.0040038,0,83.0884,0.961634,-27.2886,0,1255.25,40.2967,-0,-389.505,116.94,116.94,2.26177,10,0,0,-0.0217382,-0,0.0426757,0,1
26.3,-91.8294,0,4298.69,-9.14673,0,278.911,0,0,0,0.999772,0,-0.0213562,0,0,-0.00401106,0,83.0847,0.961614,-27.2421,0,1251.91,40.2378,-0,-389.406,116.937,116.937,2.26169,10,0,0,-0.021759,-0,0.0427157,0,1
26.31,-91.9209,0,4301.48,-9.14959,0,278.916,0,0,0,0.999772,0,-0.0213763,0,0,-0.00401836,0,83.081,0.961595,-27.1955,0,1248.58,40.1788,-0,-389.307,116.934,116.934,2.26162,10,0,0,-0.0217798,-0,0.0427559,0,1
26.32,-92.0124,0,4304.27,-9.15244,0,278.922,0,0,0,0.999771,0,-0.0213964,0,0,-0.0040257,0,83.0773,0.961576,-27.1488,0,1245.25,40.1197,-0,-389.206,116.931,116.931,2.26155,10,0,0,-0.0218006,-0,0.0427961,0,1
26.33,-92.104,0,4307.05,-9.15529,0,278.926,0,0,0,0.999771,0,-0.0214166,0,0,-0.00403308,0,83.0737,0.961557,-27.102,0,1241.91,40.0605,-0,-389.105,116.928,116.928,2.26147,10,0,0,-0.0218215,-0,0.0428364,0,1
26.34,-92.1955,0,4309.84,-9.15812,0,278.931,0,0,0,0.99977,0,-0.0214367,0,0,-0.0040405,0,83.07,0.961537,-27.0552,0,1238.57,40.0011,-0,-389.002,116.924,116.924,2.2614,10,0,0,-0.0218424,-0,0.0428768,0,1
26.35,-92.2871,0,4312.63,-9.16094,0,278.935,0,0,0,0.99977,0,-0.021457,0,0,-0.00404795,0,83.0663,0.961518,-27.0082,0,1235.24,39.9417,-0,-388.899,116.921,116.921,2.26133,10,0,0,-0.0218634,-0,0.0429172,0,1
26.36,-92.3788,0,4315.42,-9.16375,0,278.938,0,0,0,0.999769,0,-0.0214772,0,0,-0.00405545,0,83.0627,0.961499,-26.9612,0,1231.9,39.8821,-0,-388.794,116.918,116.918,2.26125,10,0,0,-0.0218844,-0,0.0429577,0,1
26.37,-92.4704,0,4318.21,-9.16654,0,278.941,0,0,0,0.999769,0,-0.0214975,0,0,-0.00406298,0,83.0591,0.96148,-26.914,0,1228.57,39.8224,-0,-388.688,116.915,116.915,2.26118,10,0,0,-0.0219055,-0,0.0429983,0,1
26.38,-92.5621,0,4321,-9.16933,0,278.944,0,0,0,0.999768,0,-0.0215178,0,0,-0.00407056,0,83.0554,0.961461,-26.8668,0,1225.23,39.7626,-0,-388.582,116.912,116.912,2.26111,10,0,0,-0.0219265,-0,0.043039,0,1
26.39,-92.6538,0,4323.79,-9.17211,0,278.946,0,0,0,0.999768,0,-0.0215382,0,0,-0.00407817,0,83.0518,0.961443,-26.8194,0,1221.89,39.7027,-0,-388.474,116.909,116.909,2.26104,10,0,0,-0.0219477,-0,0.0430797,0,1
26.4,-92.7455,0,4326.58,-9.17487,0,278.948,0,0,0,0.999768,0,-0.0215586,0,0,-0.00408582,0,83.0482,0.961424,-26.772,0,1218.56,39.6427,-0,-388.365,116.906,116.906,2.26096,10,0,0,-0.0219689,-0,0.0431205,0,1
26.41,-92.8373,0,4329.37,-9.17763,0,278.95,0,0,0,0.999767,0,-0.021579,0,0,-0.00409352,0,83.0446,0.961405,-26.7244,0,1215.22,39.5825,-0,-388.255,116.903,116.903,2.26089,10,0,0,-0.0219901,-0,0.0431614,0,1
26.42,-92.9291,0,4332.16,-9.18037,0,278.951,0,0,0,0.999767,0,-0.0215995,0,0,-0.00410125,0,83.041,0.961386,-26.6768,0,1211.88,39.5223,-0,-388.144,116.9,116.9,2.26082,10,0,0,-0.0220113,-0,0.0432024,0,1
26.43,-93.0209,0,4334.95,-9.1831,0,278.952,0,0,0,0.999766,0,-0.02162,0,0,-0.00410903,0,83.0375,0.961368,-26.6291,0,1208.54,39.4619,-0,-388.032,116.897,116.897,2.26075,10,0,0,-0.0220326,-0,0.0432435,0,1
26.44,-93.1127,0,4337.74,-9.18582,0,278.953,0,0,0,0.999766,0,-0.0216406,0,0,-0.00411684,0,83.0339,0.961349,-26.5813,0,1205.2,39.4015,-0,-387.919,116.894,116.894,2.26068,10,0,0,-0.022054,-0,0.0432846,0,1
26.45,-93.2046,0,4340.53,-9.18853,0,278.953,0,0,0,0.999765,0,-0.0216612,0,0,-0.0041247,0,83.0303,0.96133,-26.5333,0,1201.86,39.3409,-0,-387.805,116.891,116.891,2.26061,10,0,0,-0.0220754,-0,0.0433258,0,1
26.46,-93.2965,0,4343.32,-9.19123,0,278.952,0,0,0,0.999765,0,-0.0216818,0,0,-0.0041326,0,83.0268,0.961312,-26.4853,0,1198.53,39.2802,-0,-387.69,116.888,116.888,2.26054,10,0,0,-0.0220968,-0,0.0433671,0,1
26.47,-93.3884,0,4346.11,-9.19392,0,278.952,0,0,0,0.999764,0,-0.0217025,0,0,-0.00414053,0,83.0233,0.961293,-26.4372,0,1195.19,39.2194,-0,-387.574,116.885,116.885,2.26047,10,0,0,-0.0221183,-0,0.0434085,0,1
26.48,-93.4804,0,4348.9,-9.1966,0,278.951,0,0,0,0.999764,0,-0.0217232,0,0,-0.00414851,0,83.0197,0.961275,-26.389,0,1191.85,39.1584,-0,-387.457,116.882,116.882,2.26039,10,0,0,-0.0221398,-0,0.0434499,0,1
26.49,-93.5724,0,4351.69,-9.19926,0,278.949,0,0,0,0.999764,0,-0.021744,0,0,-0.00415654,0,83.0162,0.961257,-26.3407,0,1188.51,39.0974,-0,-387.338,116.879,116.879,2.26032,10,0,0,-0.0221614,-0,0.0434914,0,1
26.5,-93.6644,0,4354.48,-9.20191,0,278.947,0,0,0,0.999763,0,-0.0217648,0,0,-0.0041646,0,83.0127,0.961238,-26.2923,0,1185.17,39.0362,-0,-387.219,116.876,116.876,2.26025,10,0,0,-0.022183,-0,0.043533,0,1
26.51,-93.7564,0,4357.26,-9.20456,0,278.945,0,0,0,0.999763,0,-0.0217856,0,0,-0.00417271,0,83.0092,0.96122,-26.2438,0,1181.83,38.975,-0,-387.099,116.873,116.873,2.26018,10,0,0,-0.0222046,-0,0.0435747,0,1
26.52,-93.8485,0,4360.05,-9.20719,0,278.943,0,0,0,0.999762,0,-0.0218065,0,0,-0.00418085,0,83.0057,0.961202,-26.1952,0,1178.49,38.9136,-0,-386.978,116.871,116.871,2.26011,10,0,0,-0.0222263,-0,0.0436165,0,1
26.53,-93.9405,0,4362.84,-9.20981,0,278.94,0,0,0,0.999762,0,-0.0218274,0,0,-0.00418905,0,83.0023,0.961184,-26.1465,0,1175.15,38.8521,-0,-386.855,116.868,116.868,2.26005,10,0,0,-0.0222481,-0,0.0436583,0,1
26.54,-94.0327,0,4365.63,-9.21242,0,278.936,0,0,0,0.999761,0,-0.0218484,0,0,-0.00419728,0,82.9988,0.961165,-26.0977,0,1171.8,38.7904,-0,-386.732,116.865,116.865,2.25998,10,0,0,-0.0222699,-0,0.0437003,0,1
26.55,-94.1248,0,4368.42,-9.21501,0,278.933,0,0,0,0.999761,0,-0.0218694,0,0,-0.00420556,0,82.9954,0.961147,-26.0488,0,1168.46,38.7287,-0,-386.608,116.862,116.862,2.25991,10,0,0,-0.0222917,-0,0.0437423,0,1
26.56,-94.217,0,4371.21,-9.2176,0,278.928,0,0,0,0.99976,0,-0.0218904,0,0,-0.00421388,0,82.9919,0.961129,-25.9998,0,1165.12,38.6669,-0,-386.482,116.859,116.859,2.25984,10,0,0,-0.0223136,-0,0.0437844,0,1
26.57,-94.3091,0,4374,-9.22018,0,278.924,0,0,0,0.99976,0,-0.0219115,0,0,-0.00422224,0,82.9885,0.961111,-25.9507,0,1161.78,38.6049,-0,-386.356,116.856,116.856,2.25977,10,0,0,-0.0223355,-0,0.0438266,0,1
26.58,-94.4014,0,4376.79,-9.22274,0,278.919,0,0,0,0.999759,0,-0.0219327,0,0,-0.00423065,0,82.985,0.961094,-25.9015,0,1158.44,38.5428,-0,-386.228,116.853,116.853,2.2597,10,0,0,-0.0223575,-0,0.0438688,0,1
26.59,-94.4936,0,4379.58,-9.22529,0,278.914,0,0,0,0.999759,0,-0.0219538,0,0,-0.0042391,0,82.9816,0.961076,-25.8522,0,1155.09,38.4806,-0,-386.1,116.85,116.85,2.25963,10,0,0,-0.0223795,-0,0.0439112,0,1
26.6,-94.5859,0,4382.37,-9.22783,0,278.908,0,0,0,0.999759,0,-0.021975,0,0,-0.0042476,0,82.9782,0.961058,-25.8028,0,1151.75,38.4183,-0,-385.97,116.847,116.847,2.25956,10,0,0,-0.0224016,-0,0.0439536,0,1
26.61,-94.6782,0,4385.16,-9.23036,0,278.902,0,0,0,0.999758,0,-0.0219963,0,0,-0.00425614,0,82.9748,0.96104,-25.7533,0,1148.41,38.3559,-0,-385.84,116.845,116.845,2.2595,10,0,0,-0.0224237,-0,0.0439961,0,1
26.62,-94.7705,0,4387.95,-9.23288,0,278.896,0,0,0,0.999758,0,-0.0220176,0,0,-0.00426472,0,82.9715,0.961022,-25.7037,0,1145.06,38.2933,-0,-385.708,116.842,116.842,2.25943,10,0,0,-0.0224458,-0,0.0440387,0,1
26.63,-94.8628,0,4390.74,-9.23539,0,278.889,0,0,0,0.999757,0,-0.0220389,0,0,-0.00427335,0,82.9681,0.961005,-25.654,0,1141.72,38.2306,-0,-385.575,116.839,116.839,2.25936,10,0,0,-0.022468,-0,0.0440814,0,1
26.64,-94.9552,0,4393.52,-9.23788,0,278.882,0,0,0,0.999757,0,-0.0220603,0,0,-0.00428202,0,82.9647,0.960987,-25.6042,0,1138.38,38.1679,-0,-385.442,116.836,116.836,2.25929,10,0,0,-0.0224903,-0,0.0441242,0,1
26.65,-95.0476,0,4396.31,-9.24036,0,278.874,0,0,0,0.999756,0,-0.0220817,0,0,-0.00429075,0,82.9614,0.96097,-25.5543,0,1135.03,38.105,-0,-385.307,116.833,116.833,2.25923,10,0,0,-0.0225126,-0,0.0441671,0,1
26.66,-95.14,0,4399.1,-9.24284,0,278.866,0,0,0,0.999756,0,-0.0221032,0,0,-0.00429951,0,82.958,0.960952,-25.5043,0,1131.69,38.042,-0,-385.172,116.83,116.83,2.25916,10,0,0,-0.022535,-0,0.04421,0,1
26.67,-95.2324,0,4401.89,-9.2453,0,278.858,0,0,0,0.999755,0,-0.0221247,0,0,-0.00430832,0,82.9547,0.960935,-25.4542,0,1128.34,37.9788,-0,-385.035,116.828,116.828,2.25909,10,0,0,-0.0225574,-0,0.044253,0,1
26.68,-95.3249,0,4404.68,-9.24774,0,278.849,0,0,0,0.999755,0,-0.0221463,0,0,-0.00431718,0,82.9514,0.960917,-25.404,0,1125,37.9156,-0,-384.897,116.825,116.825,2.25903,10,0,0,-0.0225798,-0,0.0442962,0,1
26.69,-95.4174,0,4407.47,-9.25018,0,278.84,0,0,0,0.999754,0,-0.0221679,0,0,-0.00432608,0,82.948,0.9609,-25.3537,0,1121.65,37.8522,-0,-384.759,116.822,116.822,2.25896,10,0,0,-0.0226023,-0,0.0443394,0,1
26.7,-95.5099,0,4410.26,-9.25261,0,278.83,0,0,0,0.999754,0,-0.0221895,0,0,-0.00433504,0,82.9447,0.960883,-25.3033,0,1118.31,37.7887,-0,-384.619,116.819,116.819,2.25889,10,0,0,-0.0226249,-0,0.0443827,0,1
26.71,-95.6024,0,4413.04,-9.25502,0,278.82,0,0,0,0.999753,0,-0.0222112,0,0,-0.00434403,0,82.9414,0.960865,-25.2528,0,1114.96,37.7251,-0,-384.478,116.817,116.817,2.25883,10,0,0,-0.0226475,-0,0.0444261,0,1
26.72,-95.695,0,4415.83,-9.25742,0,278.81,0,0,0,0.999753,0,-0.022233,0,0,-0.00435308,0,82.9382,0.960848,-25.2022,0,1111.62,37.6614,-0,-384.337,116.814,116.814,2.25876,10,0,0,-0.0226701,-0,0.0444696,0,1
26.73,-95.7876,0,4418.62,-9.25981,0,278.8,0,0,0,0.999752,0,-0.0222547,0,0,-0.00436217,0,82.9349,0.960831,-25.1515,0,1108.27,37.5975,-0,-384.194,116.811,116.811,2.2587,10,0,0,-0.0226928,-0,0.0445132,0,1
26.74,-95.8802,0,4421.41,-9.26219,0,278.789,0,0,0,0.999752,0,-0.0222766,0,0,-0.00437131,0,82.9316,0.960814,-25.1007,0,1104.92,37.5336,-0,-384.05,116.808,116.808,2.25863,10,0,0,-0.0227155,-0,0.0445568,0,1
26.75,-95.9728,0,4424.2,-9.26456,0,278.777,0,0,0,0.999751,0,-0.0222984,0,0,-0.0043805,0,82.9284,0.960797,-25.0498,0,1101.58,37.4695,-0,-383.906,116.806,116.806,2.25857,10,0,0,-0.0227383,-0,0.0446006,0,1
26.76,-96.0655,0,4426.98,-9.26691,0,278.765,0,0,0,0.999751,0,-0.0223204,0,0,-0.00438973,0,82.9251,0.96078,-24.9988,0,1098.23,37.4053,-0,-383.76,116.803,116.803,2.2585,10,0,0,-0.0227612,-0,0.0446444,0,1
26.77,-96.1582,0,4429.77,-9.26926,0,278.753,0,0,0,0.99975,0,-0.0223423,0,0,-0.00439902,0,82.9219,0.960763,-24.9477,0,1094.88,37.341,-0,-383.613,116.8,116.8,2.25844,10,0,0,-0.0227841,-0,0.0446884,0,1
26.78,-96.2509,0,4432.56,-9.27159,0,278.741,0,0,0,0.99975,0,-0.0223643,0,0,-0.00440835,0,82.9187,0.960746,-24.8965,0,1091.53,37.2765,-0,-383.466,116.797,116.797,2.25837,10,0,0,-0.022807,-0,0.0447324,0,1
26.79,-96.3436,0,4435.35,-9.27391,0,278.728,0,0,0,0.999749,0,-0.0223864,0,0,-0.00441773,0,82.9154,0.960729,-24.8451,0,1088.18,37.212,-0,-383.317,116.795,116.795,2.25831,10,0,0,-0.02283,-0,0.0447765,0,1
26.8,-96.4364,0,4438.13,-9.27622,0,278.714,0,0,0,0.999749,0,-0.0224085,0,0,-0.00442716,0,82.9122,0.960713,-24.7937,0,1084.84,37.1473,-0,-383.167,116.792,116.792,2.25824,10,0,0,-0.0228531,-0,0.0448208,0,1
26.81,-96.5291,0,4440.92,-9.27851,0,278.701,0,0,0,0.999748,0,-0.0224307,0,0,-0.00443664,0,82.909,0.960696,-24.7422,0,1081.49,37.0825,-0,-383.017,116.789,116.789,2.25818,10,0,0,-0.0228762,-0,0.0448651,0,1
26.82,-96.6219,0,4443.71,-9.2808,0,278.687,0,0,0,0.999748,0,-0.0224529,0,0,-0.00444617,0,82.9059,0.960679,-24.6905,0,1078.14,37.0176,-0,-382.865,116.787,116.787,2.25812,10,0,0,-0.0228994,-0,0.0449095,0,1
26.83,-96.7147,0,4446.49,-9.28307,0,278.672,0,0,0,0.999747,0,-0.0224751,0,0,-0.00445575,0,82.9027,0.960663,-24.6388,0,1074.79,36.9525,-0,-382.712,116.784,116.784,2.25805,10,0,0,-0.0229226,-0,0.044954,0,1
26.84,-96.8076,0,4449.28,-9.28533,0,278.657,0,0,0,0.999747,0,-0.0224974,0,0,-0.00446538,0,82.8995,0.960646,-24.5869,0,1071.44,36.8874,-0,-382.559,116.781,116.781,2.25799,10,0,0,-0.0229458,-0,0.0449986,0,1
26.85,-96.9004,0,4452.07,-9.28758,0,278.642,0,0,0,0.999746,0,-0.0225198,0,0,-0.00447506,0,82.8964,0.960629,-24.535,0,1068.09,36.8221,-0,-382.404,116.779,116.779,2.25793,10,0,0,-0.0229692,-0,0.0450433,0,1
26.86,-96.9933,0,4454.85,-9.28982,0,278.626,0,0,0,0.999746,0,-0.0225422,0,0,-0.0044848,0,82.8932,0.960613,-24.4829,0,1064.74,36.7567,-0,-382.249,116.776,116.776,2.25786,10,0,0,-0.0229925,-0,0.0450881,0,1
26.87,-97.0862,0,4457.64,-9.29204,0,278.61,0,0,0,0.999745,0,-0.0225646,0,0,-0.00449458,0,82.8901,0.960597,-24.4307,0,1061.39,36.6912,-0,-382.092,116.773,116.773,2.2578,10,0,0,-0.023016,-0,0.045133,0,1
26.88,-97.1792,0,4460.43,-9.29425,0,278.594,0,0,0,0.999745,0,-0.0225871,0,0,-0.00450441,0,82.887,0.96058,-24.3785,0,1058.04,36.6255,-0,-381.934,116.771,116.771,2.25774,10,0,0,-0.0230394,-0,0.045178,0,1
26.89,-97.2721,0,4463.21,-9.29645,0,278.577,0,0,0,0.999744,0,-0.0226096,0,0,-0.0045143,0,82.8838,0.960564,-24.3261,0,1054.69,36.5597,-0,-381.776,116.768,116.768,2.25768,10,0,0,-0.023063,-0,0.0452231,0,1
26.9,-97.3651,0,4466,-9.29864,0,278.56,0,0,0,0.999744,0,-0.0226322,0,0,-0.00452424,0,82.8807,0.960548,-24.2736,0,1051.34,36.4939,-0,-381.616,116.766,116.766,2.25761,10,0,0,-0.0230866,-0,0.0452683,0,1
26.91,-97.4581,0,4468.78,-9.30082,0,278.543,0,0,0,0.999743,0,-0.0226549,0,0,-0.00453423,0,82.8777,0.960531,-24.221,0,1047.99,36.4278,-0,-381.456,116.763,116.763,2.25755,10,0,0,-0.0231102,-0,0.0453136,0,1
26.92,-97.5511,0,4471.57,-9.30298,0,278.525,0,0,0,0.999743,0,-0.0226775,0,0,-0.00454427,0,82.8746,0.960515,-24.1683,0,1044.63,36.3617,-0,-381.294,116.76,116.76,2.25749,10,0,0,-0.0231339,-0,0.045359,0,1
26.93,-97.6442,0,4474.35,-9.30514,0,278.506,0,0,0,0.999742,0,-0.0227003,0,0,-0.00455437,0,82.8715,0.960499,-24.1155,0,1041.28,36.2954,-0,-381.132,116.758,116.758,2.25743,10,0,0,-0.0231577,-0,0.0454045,0,1
26.94,-97.7372,0,4477.14,-9.30728,0,278.488,0,0,0,0.999742,0,-0.0227231,0,0,-0.00456452,0,82.8684,0.960483,-24.0626,0,1037.93,36.2291,-0,-380.968,116.755,116.755,2.25737,10,0,0,-0.0231815,-0,0.0454501,0,1
26.95,-97.8303,0,4479.92,-9.3094,0,278.469,0,0,0,0.999741,0,-0.0227459,0,0,-0.00457472,0,82.8654,0.960467,-24.0096,0,1034.58,36.1625,-0,-380.804,116.753,116.753,2.25731,10,0,0,-0.0232054,-0,0.0454958,0,1
26.96,-97.9234,0,4482.71,-9.31152,0,278.449,0,0,0,0.999741,0,-0.0227688,0,0,-0.00458497,0,82.8623,0.960451,-23.9565,0,1031.23,36.0959,-0,-380.638,116.75,116.75,2.25725,10,0,0,-0.0232293,-0,0.0455416,0,1
26.97,-98.0165,0,4485.49,-9.31362,0,278.429,0,0,0,0.99974,0,-0.0227918,0,0,-0.00459528,0,82.8593,0.960435,-23.9032,0,1027.87,36.0292,-0,-380.472,116.747,116.747,2.25719,10,0,0,-0.0232533,-0,0.0455875,0,1
26.98,-98.1097,0,4488.28,-9.31571,0,278.409,0,0,0,0.99974,0,-0.0228148,0,0,-0.00460565,0,82.8563,0.960419,-23.8499,0,1024.52,35.9623,-0,-380.305,116.745,116.745,2.25713,10,0,0,-0.0232773,-0,0.0456335,0,1
26.99,-98.2029,0,4491.06,-9.31779,0,278.389,0,0,0,0.999739,0,-0.0228378,0,0,-0.00461607,0,82.8533,0.960404,-23.7964,0,1021.17,35.8953,-0,-380.136,116.742,116.742,2.25707,10,0,0,-0.0233014,-0,0.0456796,0,1
27,-98.296,0,4493.84,-9.31986,0,278.368,0,0,0,0.999739,0,-0.0228609,0,0,-0.00462654,0,82.8502,0.960388,-23.7429,0,1017.81,35.8281,-0,-379.967,116.74,116.74,2.257,10,0,0,-0.0233256,-0,0.0457258,0,1
27.01,-98.3892,0,4496.63,-9.32191,0,278.346,0,0,0,0.999738,0,-0.0228841,0,0,-0.00463707,0,82.8473,0.960372,-23.6892,0,1014.46,35.7609,-0,-379.797,116.737,116.737,2.25695,10,0,0,-0.0233498,-0,0.0457721,0,1
27.02,-98.4825,0,4499.41,-9.32396,0,278.325,0,0,0,0.999738,0,-0.0229073,0,0,-0.00464766,0,82.8443,0.960357,-23.6354,0,1011.1,35.6935,-0,-379.626,116.735,116.735,2.25689,10,0,0,-0.023374,-0,0.0458185,0,1
27.03,-98.5757,0,4502.19,-9.32599,0,278.303,0,0,0,0.999737,0,-0.0229305,0,0,-0.0046583,0,82.8413,0.960341,-23.5815,0,1007.75,35.626,-0,-379.454,116.732,116.732,2.25683,10,0,0,-0.0233984,-0,0.0458651,0,1
27.04,-98.669,0,4504.98,-9.328,0,278.28,0,0,0,0.999737,0,-0.0229538,0,0,-0.004669,0,82.8383,0.960325,-23.5275,0,1004.39,35.5584,-0,-379.28,116.73,116.73,2.25677,10,0,0,-0.0234228,-0,0.0459117,0,1
27.05,-98.7623,0,4507.76,-9.33001,0,278.257,0,0,0,0.999736,0,-0.0229772,0,0,-0.00467975,0,82.8354,0.96031,-23.4734,0,1001.04,35.4906,-0,-379.106,116.727,116.727,2.25671,10,0,0,-0.0234472,-0,0.0459584,0,1
27.06,-98.8556,0,4510.54,-9.332,0,278.234,0,0,0,0.999735,0,-0.0230006,0,0,-0.00469056,0,82.8324,0.960295,-23.4192,0,997.682,35.4227,-0,-378.931,116.725,116.725,2.25665,10,0,0,-0.0234717,-0,0.0460053,0,1
27.07,-98.9489,0,4513.32,-9.33398,0,278.21,0,0,0,0.999735,0,-0.0230241,0,0,-0.00470143,0,82.8295,0.960279,-23.3648,0,994.326,35.3547,-0,-378.755,116.722,116.722,2.25659,10,0,0,-0.0234963,-0,0.0460523,0,1
27.08,-99.0423,0,4516.11,-9.33595,0,278.186,0,0,0,0.999734,0,-0.0230476,0,0,-0.00471235,0,82.8266,0.960264,-23.3104,0,990.97,35.2866,-0,-378.578,116.72,116.72,2.25653,10,0,0,-0.0235209,-0,0.0460993,0,1
27.09,-99.1356,0,4518.89,-9.33791,0,278.162,0,0,0,0.999734,0,-0.0230712,0,0,-0.00472334,0,82.8237,0.960249,-23.2558,0,987.614,35.2183,-0,-378.4,116.718,116.718,2.25647,10,0,0,-0.0235456,-0,0.0461465,0,1
27.1,-99.229,0,4521.67,-9.33985,0,278.137,0,0,0,0.999733,0,-0.0230948,0,0,-0.00473438,0,82.8208,0.960233,-23.2011,0,984.257,35.1499,-0,-378.222,116.715,116.715,2.25642,10,0,0,-0.0235703,-0,0.0461938,0,1
27.11,-99.3224,0,4524.45,-9.34178,0,278.112,0,0,0,0.999733,0,-0.0231185,0,0,-0.00474548,0,82.8179,0.960218,-23.1463,0,980.9,35.0814,-0,-378.042,116.713,116.713,2.25636,10,0,0,-0.0235951,-0,0.0462412,0,1
27.12,-99.4159,0,4527.23,-9.3437,0,278.087,0,0,0,0.999732,0,-0.0231423,0,0,-0.00475664,0,82.815,0.960203,-23.0914,0,977.543,35.0128,-0,-377.861,116.71,116.71,2.2563,10,0,0,-0.02362,-0,0.0462887,0,1
27.13,-99.5093,0,4530.01,-9.3456,0,278.061,0,0,0,0.999732,0,-0.0231661,0,0,-0.00476786,0,82.8121,0.960188,-23.0364,0,974.186,34.944,-0,-377.679,116.708,116.708,2.25624,10,0,0,-0.0236449,-0,0.0463363,0,1
27.14,-99.6028,0,4532.79,-9.34749,0,278.034,0,0,0,0.999731,0,-0.02319,0,0,-0.00477914,0,82.8092,0.960173,-22.9813,0,970.828,34.8751,-0,-377.497,116.705,116.705,2.25618,10,0,0,-0.0236699,-0,0.0463841,0,1
27.15,-99.6963,0,4535.57,-9.34937,0,278.008,0,0,0,0.999731,0,-0.0232139,0,0,-0.00479047,0,82.8064,0.960158,-22.9261,0,967.47,34.8061,-0,-377.313,116.703,116.703,2.25613,10,0,0,-0.023695,-0,0.0464319,0,1
27.16,-99.7898,0,4538.35,-9.35124,0,277.981,0,0,0,0.99973,0,-0.0232378,0,0,-0.00480187,0,82.8035,0.960143,-22.8707,0,964.112,34.7369,-0,-377.128,116.701,116.701,2.25607,10,0,0,-0.0237201,-0,0.0464799,0,1
27.17,-99.8833,0,4541.13,-9.3531,0,277.953,0,0,0,0.999729,0,-0.0232619,0,0,-0.00481333,0,82.8007,0.960128,-22.8152,0,960.753,34.6676,-0,-376.943,116.698,116.698,2.25601,10,0,0,-0.0237453,-0,0.0465279,0,1
27.18,-99.9768,0,4543.91,-9.35494,0,277.925,0,0,0,0.999729,0,-0.023286,0,0,-0.00482485,0,82.7979,0.960113,-22.7597,0,957.394,34.5982,-0,-376.756,116.696,116.696,2.25596,10,0,0,-0.0237706,-0,0.0465761,0,1
27.19,-100.07,0,4546.69,-9.35677,0,277.897,0,0,0,0.999728,0,-0.0233101,0,0,-0.00483643,0,82.7951,0.960099,-22.704,0,954.035,34.5286,-0,-376.569,116.694,116.694,2.2559,10,0,0,-0.0237959,-0,0.0466244,0,1
27.2,-100.164,0,4549.47,-9.35858,0,277.869,0,0,0,0.999728,0,-0.0233343,0,0,-0.00484808,0,82.7923,0.960084,-22.6481,0,950.676,34.4589,-0,-376.381,116.691,116.691,2.25585,10,0,0,-0.0238212,-0,0.0466729,0,1
27.21,-100.258,0,4552.25,-9.36039,0,277.84,0,0,0,0.999727,0,-0.0233586,0,0,-0.00485978,0,82.7895,0.960069,-22.5922,0,947.316,34.3891,-0,-376.191,116.689,116.689,2.25579,10,0,0,-0.0238467,-0,0.0467214,0,1
27.22,-100.351,0,4555.03,-9.36218,0,277.81,0,0,0,0.999727,0,-0.0233829,0,0,-0.00487155,0,82.7867,0.960055,-22.5362,0,943.956,34.3192,-0,-376.001,116.686,116.686,2.25573,10,0,0,-0.0238722,-0,0.0467701,0,1
27.23,-100.445,0,4557.81,-9.36396,0,277.781,0,0,0,0.999726,0,-0.0234073,0,0,-0.00488338,0,82.7839,0.96004,-22.48,0,940.596,34.2491,-0,-375.81,116.684,116.684,2.25568,10,0,0,-0.0238978,-0,0.0468188,0,1
27.24,-100.538,0,4560.58,-9.36572,0,277.75,0,0,0,0.999725,0,-0.0234317,0,0,-0.00489528,0,82.7811,0.960026,-22.4237,0,937.236,34.1789,-0,-375.618,116.682,116.682,2.25562,10,0,0,-0.0239234,-0,0.0468677,0,1
27.25,-100.632,0,4563.36,-9.36747,0,277.72,0,0,0,0.999725,0,-0.0234562,0,0,-0.00490723,0,82.7784,0.960011,-22.3673,0,933.875,34.1086,-0,-375.425,116.68,116.68,2.25557,10,0,0,-0.0239491,-0,0.0469167,0,1
27.26,-100.726,0,4566.14,-9.36921,0,277.689,0,0,0,0.999724,0,-0.0234808,0,0,-0.00491926,0,82.7756,0.959997,-22.3108,0,930.514,34.0381,-0,-375.231,116.677,116.677,2.25551,10,0,0,-0.0239749,-0,0.0469659,0,1
27.27,-100.82,0,4568.91,-9.37094,0,277.658,0,0,0,0.999724,0,-0.0235054,0,0,-0.00493134,0,82.7729,0.959982,-22.2542,0,927.153,33.9675,-0,-375.036,116.675,116.675,2.25546,10,0,0,-0.0240007,-0,0.0470151,0,1
27.28,-100.913,0,4571.69,-9.37265,0,277.626,0,0,0,0.999723,0,-0.0235301,0,0,-0.00494349,0,82.7702,0.959968,-22.1974,0,923.791,33.8968,-0,-374.84,116.673,116.673,2.2554,10,0,0,-0.0240266,-0,0.0470645,0,1
27.29,-101.007,0,4574.47,-9.37435,0,277.594,0,0,0,0.999723,0,-0.0235548,0,0,-0.00495571,0,82.7675,0.959954,-22.1406,0,920.43,33.8259,-0,-374.644,116.67,116.67,2.25535,10,0,0,-0.0240526,-0,0.047114,0,1
27.3,-101.101,0,4577.24,-9.37604,0,277.562,0,0,0,0.999722,0,-0.0235796,0,0,-0.00496799,0,82.7648,0.95994,-22.0836,0,917.067,33.7549,-0,-374.446,116.668,116.668,2.2553,10,0,0,-0.0240786,-0,0.0471636,0,1
27.31,-101.194,0,4580.02,-9.37771,0,277.529,0,0,0,0.999721,0,-0.0236045,0,0,-0.00498034,0,82.7621,0.959926,-22.0265,0,913.705,33.6838,-0,-374.248,116.666,116.666,2.25524,10,0,0,-0.0241047,-0,0.0472134,0,1
27.32,-101.288,0,4582.79,-9.37938,0,277.496,0,0,0,0.999721,0,-0.0236294,0,0,-0.00499275,0,82.7594,0.959911,-21.9693,0,910.342,33.6125,-0,-374.048,116.664,116.664,2.25519,10,0,0,-0.0241309,-0,0.0472632,0,1
27.33,-101.382,0,4585.57,-9.38102,0,277.463,0,0,0,0.99972,0,-0.0236544,0,0,-0.00500523,0,82.7567,0.959897,-21.9119,0,906.98,33.5411,-0,-373.848,116.661,116.661,2.25513,10,0,0,-0.0241571,-0,0.0473132,0,1
27.34,-101.476,0,4588.34,-9.38266,0,277.429,0,0,0,0.99972,0,-0.0236795,0,0,-0.00501778,0,82.754,0.959883,-21.8544,0,903.616,33.4695,-0,-373.646,116.659,116.659,2.25508,10,0,0,-0.0241834,-0,0.0473633,0,1
27.35,-101.57,0,4591.12,-9.38428,0,277.394,0,0,0,0.999719,0,-0.0237046,0,0,-0.0050304,0,82.7514,0.95987,-21.7968,0,900.253,33.3979,-0,-373.444,116.657,116.657,2.25503,10,0,0,-0.0242098,-0,0.0474136,0,1
27.36,-101.664,0,4593.89,-9.38589,0,277.36,0,0,0,0.999718,0,-0.0237297,0,0,-0.00504308,0,82.7487,0.959856,-21.7391,0,896.889,33.3261,-0,-373.241,116.655,116.655,2.25497,10,0,0,-0.0242363,-0,0.0474639,0,1
27.37,-101.757,0,4596.66,-9.38749,0,277.325,0,0,0,0.999718,0,-0.023755,0,0,-0.00505583,0,82.7461,0.959842,-21.6813,0,893.525,33.2541,-0,-373.037,116.652,116.652,2.25492,10,0,0,-0.0242628,-0,0.0475144,0,1
27.38,-101.851,0,4599.44,-9.38907,0,277.289,0,0,0,0.999717,0,-0.0237803,0,0,-0.00506865,0,82.7435,0.959828,-21.6234,0,890.161,33.182,-0,-372.832,116.65,116.65,2.25487,10,0,0,-0.0242894,-0,0.0475651,0,1
27.39,-101.945,0,4602.21,-9.39064,0,277.253,0,0,0,0.999717,0,-0.0238057,0,0,-0.00508154,0,82.7409,0.959814,-21.5653,0,886.797,33.1098,-0,-372.626,116.648,116.648,2.25482,10,0,0,-0.0243161,-0,0.0476158,0,1
27.4,-102.039,0,4604.98,-9.3922,0,277.217,0,0,0,0.999716,0,-0.0238311,0,0,-0.0050945,0,82.7383,0.959801,-21.5071,0,883.432,33.0375,-0,-372.419,116.646,116.646,2.25477,10,0,0,-0.0243428,-0,0.0476667,0,1
27.41,-102.133,0,4607.75,-9.39374,0,277.181,0,0,0,0.999715,0,-0.0238566,0,0,-0.00510753,0,82.7357,0.959787,-21.4488,0,880.067,32.965,-0,-372.212,116.644,116.644,2.25471,10,0,0,-0.0243696,-0,0.0477177,0,1
27.42,-102.227,0,4610.53,-9.39527,0,277.144,0,0,0,0.999715,0,-0.0238821,0,0,-0.00512063,0,82.7331,0.959773,-21.3903,0,876.701,32.8923,-0,-372.003,116.641,116.641,2.25466,10,0,0,-0.0243965,-0,0.0477688,0,1
27.43,-102.321,0,4613.3,-9.39678,0,277.107,0,0,0,0.999714,0,-0.0239078,0,0,-0.0051338,0,82.7305,0.95976,-21.3317,0,873.336,32.8196,-0,-371.794,116.639,116.639,2.25461,10,0,0,-0.0244234,-0,0.0478201,0,1
27.44,-102.415,0,4616.07,-9.39829,0,277.069,0,0,0,0.999714,0,-0.0239335,0,0,-0.00514705,0,82.728,0.959747,-21.2731,0,869.97,32.7467,-0,-371.583,116.637,116.637,2.25456,10,0,0,-0.0244505,-0,0.0478715,0,1
27.45,-102.509,0,4618.84,-9.39978,0,277.031,0,0,0,0.999713,0,-0.0239592,0,0,-0.00516036,0,82.7254,0.959733,-21.2142,0,866.604,32.6736,-0,-371.372,116.635,116.635,2.25451,10,0,0,-0.0244776,-0,0.0479231,0,1
27.46,-102.603,0,4621.61,-9.40125,0,276.992,0,0,0,0.999712,0,-0.0239851,0,0,-0.00517375,0,82.7229,0.95972,-21.1553,0,863.238,32.6004,-0,-371.16,116.633,116.633,2.25446,10,0,0,-0.0245047,-0,0.0479747,0,1
27.47,-102.697,0,4624.38,-9.40272,0,276.953,0,0,0,0.999712,0,-0.024011,0,0,-0.00518721,0,82.7203,0.959706,-21.0962,0,859.871,32.5271,-0,-370.947,116.631,116.631,2.25441,10,0,0,-0.024532,-0,0.0480265,0,1
27.48,-102.791,0,4627.15,-9.40416,0,276.914,0,0,0,0.999711,0,-0.0240369,0,0,-0.00520074,0,82.7178,0.959693,-21.037,0,856.504,32.4536,-0,-370.733,116.629,116.629,2.25436,10,0,0,-0.0245593,-0,0.0480785,0,1
27.49,-102.885,0,4629.92,-9.4056,0,276.875,0,0,0,0.99971,0,-0.0240629,0,0,-0.00521435,0,82.7153,0.95968,-20.9777,0,853.137,32.38,-0,-370.518,116.626,116.626,2.25431,10,0,0,-0.0245867,-0,0.0481305,0,1
27.5,-102.979,0,4632.68,-9.40702,0,276.835,0,0,0,0.99971,0,-0.024089,0,0,-0.00522803,0,82.7128,0.959667,-20.9183,0,849.769,32.3063,-0,-370.302,116.624,116.624,2.25426,10,0,0,-0.0246142,-0,0.0481828,0,1
27.51,-103.073,0,4635.45,-9.40843,0,276.794,0,0,0,0.999709,0,-0.0241152,0,0,-0.00524179,0,82.7103,0.959654,-20.8587,0,846.402,32.2324,-0,-370.085,116.622,116.622,2.25421,10,0,0,-0.0246417,-0,0.0482351,0,1
27.52,-103.167,0,4638.22,-9.40983,0,276.754,0,0,0,0.999709,0,-0.0241415,0,0,-0.00525562,0,82.7078,0.959641,-20.799,0,843.034,32.1584,-0,-369.868,116.62,116.62,2.25416,10,0,0,-0.0246694,-0,0.0482876,0,1
27.53,-103.261,0,4640.99,-9.41121,0,276.713,0,0,0,0.999708,0,-0.0241678,0,0,-0.00526952,0,82.7053,0.959628,-20.7392,0,839.665,32.0842,-0,-369.649,116.618,116.618,2.25411,10,0,0,-0.0246971,-0,0.0483402,0,1
27.54,-103.355,0,4643.75,-9.41258,0,276.671,0,0,0,0.999707,0,-0.0241941,0,0,-0.0052835,0,82.7029,0.959615,-20.6792,0,836.297,32.0099,-0,-369.43,116.616,116.616,2.25406,10,0,0,-0.0247248,-0,0.048393,0,1
27.55,-103.45,0,4646.52,-9.41393,0,276.629,0,0,0,0.999707,0,-0.0242206,0,0,-0.00529756,0,82.7004,0.959602,-20.6191,0,832.928,31.9354,-0,-369.21,116.614,116.614,2.25401,10,0,0,-0.0247527,-0,0.0484459,0,1
27.56,-103.544,0,4649.29,-9.41527,0,276.587,0,0,0,0.999706,0,-0.0242471,0,0,-0.0053117,0,82.698,0.959589,-20.5589,0,829.559,31.8608,-0,-368.988,116.612,116.612,2.25396,10,0,0,-0.0247806,-0,0.0484989,0,1
27.57,-103.638,0,4652.05,-9.4166,0,276.544,0,0,0,0.999705,0,-0.0242737,0,0,-0.00532591,0,82.6955,0.959576,-20.4985,0,826.189,31.7861,-0,-368.766,116.61,116.61,2.25391,10,0,0,-0.0248087,-0,0.0485521,0,1
27.58,-103.732,0,4654.82,-9.41791,0,276.501,0,0,0,0.999705,0,-0.0243003,0,0,-0.0053402,0,82.6931,0.959564,-20.4381,0,822.82,31.7112,-0,-368.544,116.608,116.608,2.25386,10,0,0,-0.0248367,-0,0.0486055,0,1
27.59,-103.826,0,4657.58,-9.41921,0,276.458,0,0,0,0.999704,0,-0.0243271,0,0,-0.00535457,0,82.6907,0.959551,-20.3774,0,819.45,31.6362,-0,-368.32,116.606,116.606,2.25381,10,0,0,-0.0248649,-0,0.0486589,0,1
27.6,-103.92,0,4660.35,-9.42049,0,276.414,0,0,0,0.999703,0,-0.0243539,0,0,-0.00536902,0,82.6883,0.959538,-20.3167,0,816.08,31.561,-0,-368.095,116.604,116.604,2.25377,10,0,0,-0.0248932,-0,0.0487125,0,1
27.61,-104.015,0,4663.11,-9.42177,0,276.37,0,0,0,0.999703,0,-0.0243807,0,0,-0.00538355,0,82.6859,0.959526,-20.2558,0,812.709,31.4857,-0,-367.87,116.602,116.602,2.25372,10,0,0,-0.0249215,-0,0.0487663,0,1
27.62,-104.109,0,4665.87,-9.42302,0,276.326,0,0,0,0.999702,0,-0.0244077,0,0,-0.00539816,0,82.6835,0.959513,-20.1948,0,809.339,31.4102,-0,-367.643,116.6,116.6,2.25367,10,0,0,-0.0249499,-0,0.0488202,0,1
27.63,-104.203,0,4668.64,-9.42427,0,276.281,0,0,0,0.999701,0,-0.0244347,0,0,-0.00541285,0,82.6811,0.959501,-20.1337,0,805.968,31.3346,-0,-367.416,116.598,116.598,2.25362,10,0,0,-0.0249784,-0,0.0488743,0,1
27.64,-104.297,0,4671.4,-9.4255,0,276.235,0,0,0,0.999701,0,-0.0244618,0,0,-0.00542762,0,82.6788,0.959488,-20.0724,0,802.597,31.2589,-0,-367.188,116.596,116.596,2.25358,10,0,0,-0.025007,-0,0.0489285,0,1
27.65,-104.392,0,4674.16,-9.42671,0,276.19,0,0,0,0.9997,0,-0.024489,0,0,-0.00544247,0,82.6764,0.959476,-20.011,0,799.225,31.183,-0,-366.959,116.594,116.594,2.25353,10,0,0,-0.0250357,-0,0.0489828,0,1
27.66,-104.486,0,4676.92,-9.42792,0,276.144,0,0,0,0.999699,0,-0.0245162,0,0,-0.0054574,0,82.6741,0.959464,-19.9495,0,795.853,31.1069,-0,-366.729,116.592,116.592,2.25348,10,0,0,-0.0250644,-0,0.0490373,0,1
27.67,-104.58,0,4679.69,-9.4291,0,276.097,0,0,0,0.999699,0,-0.0245435,0,0,-0.00547242,0,82.6717,0.959451,-19.8878,0,792.481,31.0307,-0,-366.498,116.59,116.59,2.25343,10,0,0,-0.0250932,-0,0.049092,0,1
27.68,-104.675,0,4682.45,-9.43028,0,276.051,0,0,0,0.999698,0,-0.0245709,0,0,-0.00548752,0,82.6694,0.959439,-19.826,0,789.109,30.9544,-0,-366.267,116.588,116.588,2.25339,10,0,0,-0.0251221,-0,0.0491468,0,1
27.69,-104.769,0,4685.21,-9.43144,0,276.003,0,0,0,0.999697,0,-0.0245984,0,0,-0.0055027,0,82.6671,0.959427,-19.7641,0,785.737,30.8779,-0,-366.034,116.586,116.586,2.25334,10,0,0,-0.0251511,-0,0.0492017,0,1
27.7,-104.863,0,4687.97,-9.43258,0,275.956,0,0,0,0.999697,0,-0.0246259,0,0,-0.00551797,0,82.6648,0.959415,-19.702,0,782.364,30.8012,-0,-365.801,116.584,116.584,2.2533,10,0,0,-0.0251802,-0,0.0492568,0,1
27.71,-104.957,0,4690.73,-9.43371,0,275.908,0,0,0,0.999696,0,-0.0246535,0,0,-0.00553332,0,82.6625,0.959403,-19.6398,0,778.991,30.7244,-0,-365.567,116.582,116.582,2.25325,10,0,0,-0.0252094,-0,0.0493121,0,1
27.72,-105.052,0,4693.48,-9.43483,0,275.86,0,0,0,0.999695,0,-0.0246812,0,0,-0.00554876,0,82.6602,0.959391,-19.5774,0,775.617,30.6475,-0,-365.332,116.58,116.58,2.2532,10,0,0,-0.0252386,-0,0.0493675,0,1
27.73,-105.146,0,4696.24,-9.43593,0,275.811,0,0,0,0.999695,0,-0.024709,0,0,-0.00556429,0,82.6579,0.959379,-19.5149,0,772.244,30.5704,-0,-365.096,116.578,116.578,2.25316,10,0,0,-0.025268,-0,0.0494231,0,1
27.74,-105.241,0,4699,-9.43702,0,275.762,0,0,0,0.999694,0,-0.0247369,0,0,-0.0055799,0,82.6557,0.959367,-19.4523,0,768.87,30.4932,-0,-364.859,116.576,116.576,2.25311,10,0,0,-0.0252974,-0,0.0494788,0,1
27.75,-105.335,0,4701.76,-9.4381,0,275.713,0,0,0,0.999693,0,-0.0247648,0,0,-0.00559559,0,82.6534,0.959355,-19.3895,0,765.496,30.4158,-0,-364.621,116.574,116.574,2.25307,10,0,0,-0.0253269,-0,0.0495347,0,1
27.76,-105.429,0,4704.51,-9.43916,0,275.663,0,0,0,0.999693,0,-0.0247928,0,0,-0.00561138,0,82.6512,0.959343,-19.3266,0,762.121,30.3382,-0,-364.383,116.573,116.573,2.25302,10,0,0,-0.0253565,-0,0.0495907,0,1
27.77,-105.524,0,4707.27,-9.44021,0,275.613,0,0,0,0.999692,0,-0.0248209,0,0,-0.00562725,0,82.6489,0.959331,-19.2636,0,758.747,30.2605,-0,-364.144,116.571,116.571,2.25298,10,0,0,-0.0253862,-0,0.0496469,0,1
27.78,-105.618,0,4710.03,-9.44124,0,275.562,0,0,0,0.999691,0,-0.0248491,0,0,-0.00564321,0,82.6467,0.95932,-19.2004,0,755.372,30.1827,-0,-363.903,116.569,116.569,2.25293,10,0,0,-0.0254159,-0,0.0497032,0,1
27.79,-105.713,0,4712.78,-9.44226,0,275.511,0,0,0,0.999691,0,-0.0248773,0,0,-0.00565927,0,82.6445,0.959308,-19.137,0,751.997,30.1047,-0,-363.662,116.567,116.567,2.25289,10,0,0,-0.0254458,-0,0.0497598,0,1
27.8,-105.807,0,4715.54,-9.44326,0,275.46,0,0,0,0.99969,0,-0.0249056,0,0,-0.00567541,0,82.6423,0.959297,-19.0736,0,748.621,30.0265,-0,-363.421,116.565,116.565,2.25285,10,0,0,-0.0254758,-0,0.0498164,0,1
27.81,-105.901,0,4718.29,-9.44425,0,275.408,0,0,0,0.999689,0,-0.024934,0,0,-0.00569164,0,82.6401,0.959285,-19.01,0,745.245,29.9482,-0,-363.178,116.563,116.563,2.2528,10,0,0,-0.0255058,-0,0.0498733,0,1
27.82,-105.996,0,4721.05,-9.44522,0,275.356,0,0,0,0.999688,0,-0.0249625,0,0,-0.00570796,0,82.6379,0.959274,-18.9462,0,741.869,29.8697,-0,-362.934,116.561,116.561,2.25276,10,0,0,-0.0255359,-0,0.0499303,0,1
27.83,-106.09,0,4723.8,-9.44618,0,275.304,0,0,0,0.999688,0,-0.0249911,0,0,-0.00572438,0,82.6357,0.959262,-18.8823,0,738.493,29.7911,-0,-362.69,116.56,116.56,2.25271,10,0,0,-0.0255661,-0,0.0499874,0,1
27.84,-106.185,0,4726.55,-9.44713,0,275.251,0,0,0,0.999687,0,-0.0250198,0,0,-0.00574089,0,82.6336,0.959251,-18.8183,0,735.117,29.7123,-0,-362.445,116.558,116.558,2.25267,10,0,0,-0.0255965,-0,0.0500447,0,1
27.85,-106.279,0,4729.3,-9.44806,0,275.198,0,0,0,0.999686,0,-0.0250485,0,0,-0.00575749,0,82.6314,0.959239,-18.7541,0,731.74,29.6334,-0,-362.199,116.556,116.556,2.25263,10,0,0,-0.0256269,-0,0.0501022,0,1
27.86,-106.374,0,4732.06,-9.44897,0,275.144,0,0,0,0.999686,0,-0.0250773,0,0,-0.00577418,0,82.6293,0.959228,-18.6898,0,728.363,29.5543,-0,-361.952,116.554,116.554,2.25259,10,0,0,-0.0256574,-0,0.0501599,0,1
27.87,-106.468,0,4734.81,-9.44987,0,275.09,0,0,0,0.999685,0,-0.0251062,0,0,-0.00579097,0,82.6271,0.959217,-18.6253,0,724.986,29.475,-0,-361.704,116.552,116.552,2.25254,10,0,0,-0.025688,-0,0.0502177,0,1
27.88,-106.563,0,4737.56,-9.45076,0,275.036,0,0,0,0.999684,0,-0.0251352,0,0,-0.00580786,0,82.625,0.959206,-18.5607,0,721.608,29.3956,-0,-361.455,116.551,116.551,2.2525,10,0,0,-0.0257186,-0,0.0502757,0,1
27.89,-106.657,0,4740.31,-9.45163,0,274.981,0,0,0,0.999683,0,-0.0251643,0,0,-0.00582483,0,82.6229,0.959195,-18.4959,0,718.23,29.3161,-0,-361.206,116.549,116.549,2.25246,10,0,0,-0.0257494,-0,0.0503339,0,1
27.9,-106.752,0,4743.06,-9.45249,0,274.926,0,0,0,0.999683,0,-0.0251934,0,0,-0.00584191,0,82.6208,0.959184,-18.431,0,714.852,29.2363,-0,-360.956,116.547,116.547,2.25242,10,0,0,-0.0257803,-0,0.0503922,0,1
27.91,-106.846,0,4745.81,-9.45333,0,274.87,0,0,0,0.999682,0,-0.0252227,0,0,-0.00585908,0,82.6187,0.959173,-18.3659,0,711.474,29.1565,-0,-360.705,116.545,116.545,2.25237,10,0,0,-0.0258113,-0,0.0504507,0,1
27.92,-106.941,0,4748.55,-9.45416,0,274.815,0,0,0,0.999681,0,-0.025252,0,0,-0.00587635,0,82.6166,0.959162,-18.3007,0,708.095,29.0764,-0,-360.453,116.544,116.544,2.25233,10,0,0,-0.0258423,-0,0.0505094,0,1
27.93,-107.035,0,4751.3,-9.45497,0,274.758,0,0,0,0.99968,0,-0.0252814,0,0,-0.00589372,0,82.6145,0.959151,-18.2353,0,704.716,28.9962,-0,-360.2,116.542,116.542,2.25229,10,0,0,-0.0258735,-0,0.0505682,0,1
27.94,-107.13,0,4754.05,-9.45577,0,274.702,0,0,0,0.99968,0,-0.0253109,0,0,-0.00591119,0,82.6125,0.95914,-18.1698,0,701.337,28.9159,-0,-359.947,116.54,116.54,2.25225,10,0,0,-0.0259048,-0,0.0506273,0,1
27.95,-107.224,0,4756.8,-9.45655,0,274.645,0,0,0,0.999679,0,-0.0253405,0,0,-0.00592876,0,82.6104,0.959129,-18.1042,0,697.958,28.8353,-0,-359.692,116.538,116.538,2.25221,10,0,0,-0.0259361,-0,0.0506865,0,1
27.96,-107.319,0,4759.54,-9.45732,0,274.587,0,0,0,0.999678,0,-0.0253702,0,0,-0.00594643,0,82.6084,0.959118,-18.0384,0,694.578,28.7546,-0,-359.437,116.537,116.537,2.25217,10,0,0,-0.0259676,-0,0.0507458,0,1
27.97,-107.414,0,4762.29,-9.45808,0,274.53,0,0,0,0.999677,0,-0.0254,0,0,-0.0059642,0,82.6063,0.959108,-17.9724,0,691.198,28.6738,-0,-359.181,116.535,116.535,2.25213,10,0,0,-0.0259991,-0,0.0508054,0,1
27.98,-107.508,0,4765.03,-9.45882,0,274.472,0,0,0,0.999677,0,-0.0254298,0,0,-0.00598207,0,82.6043,0.959097,-17.9063,0,687.818,28.5928,-0,-358.924,116.533,116.533,2.25209,10,0,0,-0.0260308,-0,0.0508651,0,1
27.99,-107.603,0,4767.78,-9.45954,0,274.413,0,0,0,0.999676,0,-0.0254598,0,0,-0.00600004,0,82.6023,0.959086,-17.84,0,684.438,28.5116,-0,-358.667,116.532,116.532,2.25205,10,0,0,-0.0260625,-0,0.050925,0,1
28,-107.697,0,4770.52,-9.46025,0,274.354,0,0,0,0.999675,0,-0.0254898,0,0,-0.00601811,0,82.6003,0.959076,-17.7736,0,681.057,28.4303,-0,-358.408,116.53,116.53,2.25201,10,0,0,-0.0260944,-0,0.0509851,0,1
28.01,-107.792,0,4773.26,-9.46094,0,274.295,0,0,0,0.999674,0,-0.0255199,0,0,-0.00603629,0,82.5983,0.959065,-17.7071,0,677.676,28.3487,-0,-358.149,116.528,116.528,2.25197,10,0,0,-0.0261263,-0,0.0510454,0,1
28.02,-107.887,0,4776.01,-9.46162,0,274.235,0,0,0,0.999674,0,-0.0255501,0,0,-0.00605458,0,82.5963,0.959055,-17.6403,0,674.295,28.2671,-0,-357.889,116.526,116.526,2.25193,10,0,0,-0.0261584,-0,0.0511059,0,1
28.03,-107.981,0,4778.75,-9.46228,0,274.175,0,0,0,0.999673,0,-0.0255805,0,0,-0.00607297,0,82.5943,0.959045,-17.5734,0,670.913,28.1852,-0,-357.628,116.525,116.525,2.25189,10,0,0,-0.0261905,-0,0.0511665,0,1
28.04,-108.076,0,4781.49,-9.46293,0,274.115,0,0,0,0.999672,0,-0.0256109,0,0,-0.00609146,0,82.5924,0.959034,-17.5064,0,667.532,28.1032,-0,-357.366,116.523,116.523,2.25185,10,0,0,-0.0262228,-0,0.0512273,0,1
28.05,-108.171,0,4784.23,-9.46356,0,274.054,0,0,0,0.999671,0,-0.0256414,0,0,-0.00611007,0,82.5904,0.959024,-17.4392,0,664.15,28.0211,-0,-357.104,116.522,116.522,2.25181,10,0,0,-0.0262552,-0,0.0512883,0,1
28.06,-108.265,0,4786.97,-9.46418,0,273.993,0,0,0,0.99967,0,-0.0256719,0,0,-0.00612878,0,82.5885,0.959014,-17.3719,0,660.768,27.9387,-0,-356.841,116.52,116.52,2.25177,10,0,0,-0.0262876,-0,0.0513495,0,1
28.07,-108.36,0,4789.71,-9.46478,0,273.932,0,0,0,0.99967,0,-0.0257026,0,0,-0.0061476,0,82.5865,0.959003,-17.3044,0,657.385,27.8562,-0,-356.576,116.518,116.518,2.25173,10,0,0,-0.0263202,-0,0.0514109,0,1
28.08,-108.454,0,4792.45,-9.46537,0,273.87,0,0,0,0.999669,0,-0.0257334,0,0,-0.00616652,0,82.5846,0.958993,-17.2367,0,654.002,27.7735,-0,-356.312,116.517,116.517,2.25169,10,0,0,-0.0263529,-0,0.0514725,0,1
28.09,-108.549,0,4795.19,-9.46594,0,273.808,0,0,0,0.999668,0,-0.0257643,0,0,-0.00618556,0,82.5827,0.958983,-17.1689,0,650.619,27.6907,-0,-356.046,116.515,116.515,2.25165,10,0,0,-0.0263857,-0,0.0515342,0,1
28.1,-108.644,0,4797.93,-9.46649,0,273.745,0,0,0,0.999667,0,-0.0257952,0,0,-0.00620471,0,82.5808,0.958973,-17.1009,0,647.236,27.6077,-0,-355.779,116.513,116.513,2.25162,10,0,0,-0.0264186,-0,0.0515962,0,1
28.11,-108.738,0,4800.66,-9.46703,0,273.682,0,0,0,0.999666,0,-0.0258263,0,0,-0.00622397,0,82.5789,0.958963,-17.0327,0,643.852,27.5245,-0,-355.512,116.512,116.512,2.25158,10,0,0,-0.0264516,-0,0.0516583,0,1
28.12,-108.833,0,4803.4,-9.46756,0,273.619,0,0,0,0.999666,0,-0.0258575,0,0,-0.00624334,0,82.577,0.958953,-16.9644,0,640.469,27.4411,-0,-355.244,116.51,116.51,2.25154,10,0,0,-0.0264847,-0,0.0517207,0,1
28.13,-108.928,0,4806.14,-9.46807,0,273.555,0,0,0,0.999665,0,-0.0258887,0,0,-0.00626282,0,82.5752,0.958944,-16.896,0,637.085,27.3576,-0,-354.975,116.509,116.509,2.2515,10,0,0,-0.0265179,-0,0.0517832,0,1
28.14,-109.022,0,4808.87,-9.46856,0,273.491,0,0,0,0.999664,0,-0.0259201,0,0,-0.00628242,0,82.5733,0.958934,-16.8273,0,633.7,27.2739,-0,-354.705,116.507,116.507,2.25147,10,0,0,-0.0265512,-0,0.0518459,0,1
28.15,-109.117,0,4811.61,-9.46904,0,273.426,0,0,0,0.999663,0,-0.0259515,0,0,-0.00630213,0,82.5714,0.958924,-16.7586,0,630.316,27.19,-0,-354.435,116.506,116.506,2.25143,10,0,0,-0.0265846,-0,0.0519088,0,1
28.16,-109.212,0,4814.34,-9.4695,0,273.361,0,0,0,0.999662,0,-0.0259831,0,0,-0.00632196,0,82.5696,0.958914,-16.6896,0,626.931,27.1059,-0,-354.164,116.504,116.504,2.25139,10,0,0,-0.0266182,-0,0.051972,0,1
28.17,-109.307,0,4817.07,-9.46995,0,273.296,0,0,0,0.999662,0,-0.0260147,0,0,-0.00634191,0,82.5678,0.958905,-16.6205,0,623.546,27.0217,-0,-353.892,116.502,116.502,2.25136,10,0,0,-0.0266518,-0,0.0520353,0,1
28.18,-109.401,0,4819.81,-9.47038,0,273.231,0,0,0,0.999661,0,-0.0260465,0,0,-0.00636197,0,82.5659,0.958895,-16.5512,0,620.16,26.9373,-0,-353.619,116.501,116.501,2.25132,10,0,0,-0.0266856,-0,0.0520988,0,1
28.19,-109.496,0,4822.54,-9.4708,0,273.165,0,0,0,0.99966,0,-0.0260783,0,0,-0.00638215,0,82.5641,0.958885,-16.4817,0,616.775,26.8527,-0,-353.345,116.499,116.499,2.25128,10,0,0,-0.0267195,-0,0.0521625,0,1
28.2,-109.591,0,4825.27,-9.4712,0,273.098,0,0,0,0.999659,0,-0.0261103,0,0,-0.00640245,0,82.5623,0.958876,-16.4121,0,613.389,26.768,-0,-353.071,116.498,116.498,2.25125,10,0,0,-0.0267535,-0,0.0522265,0,1
28.21,-109.685,0,4828,-9.47158,0,273.031,0,0,0,0.999658,0,-0.0261423,0,0,-0.00642286,0,82.5605,0.958867,-16.3423,0,610.003,26.683,-0,-352.796,116.496,116.496,2.25121,10,0,0,-0.0267876,-0,0.0522906,0,1
28.22,-109.78,0,4830.73,-9.47195,0,272.964,0,0,0,0.999657,0,-0.0261745,0,0,-0.0064434,0,82.5587,0.958857,-16.2724,0,606.617,26.5979,-0,-352.52,116.495,116.495,2.25117,10,0,0,-0.0268218,-0,0.0523549,0,1
28.23,-109.875,0,4833.46,-9.4723,0,272.897,0,0,0,0.999657,0,-0.0262067,0,0,-0.00646406,0,82.557,0.958848,-16.2022,0,603.23,26.5126,-0,-352.243,116.493,116.493,2.25114,10,0,0,-0.0268561,-0,0.0524194,0,1
28.24,-109.97,0,4836.19,-9.47264,0,272.829,0,0,0,0.999656,0,-0.0262391,0,0,-0.00648484,0,82.5552,0.958839,-16.1319,0,599.843,26.4271,-0,-351.966,116.492,116.492,2.2511,10,0,0,-0.0268906,-0,0.0524842,0,1
28.25,-110.064,0,4838.92,-9.47296,0,272.761,0,0,0,0.999655,0,-0.0262715,0,0,-0.00650575,0,82.5534,0.958829,-16.0615,0,596.456,26.3415,-0,-351.688,116.49,116.49,2.25107,10,0,0,-0.0269251,-0,0.0525491,0,1
28.26,-110.159,0,4841.64,-9.47326,0,272.692,0,0,0,0.999654,0,-0.0263041,0,0,-0.00652678,0,82.5517,0.95882,-15.9908,0,593.069,26.2556,-0,-351.409,116.489,116.489,2.25103,10,0,0,-0.0269598,-0,0.0526143,0,1
28.27,-110.254,0,4844.37,-9.47355,0,272.623,0,0,0,0.999653,0,-0.0263368,0,0,-0.00654793,0,82.55,0.958811,-15.92,0,589.681,26.1696,-0,-351.129,116.488,116.488,2.251,10,0,0,-0.0269946,-0,0.0526797,0,1
28.28,-110.348,0,4847.09,-9.47382,0,272.554,0,0,0,0.999652,0,-0.0263696,0,0,-0.00656921,0,82.5482,0.958802,-15.849,0,586.293,26.0834,-0,-350.848,116.486,116.486,2.25096,10,0,0,-0.0270296,-0,0.0527453,0,1
28.29,-110.443,0,4849.82,-9.47408,0,272.484,0,0,0,0.999651,0,-0.0264025,0,0,-0.00659062,0,82.5465,0.958793,-15.7779,0,582.905,25.9971,-0,-350.567,116.485,116.485,2.25093,10,0,0,-0.0270646,-0,0.0528111,0,1
28.3,-110.538,0,4852.54,-9.47432,0,272.414,0,0,0,0.999651,0,-0.0264355,0,0,-0.00661215,0,82.5448,0.958784,-15.7066,0,579.516,25.9105,-0,-350.285,116.483,116.483,2.2509,10,0,0,-0.0270998,-0,0.0528771,0,1
28.31,-110.633,0,4855.27,-9.47454,0,272.343,0,0,0,0.99965,0,-0.0264686,0,0,-0.00663382,0,82.5431,0.958775,-15.6351,0,576.128,25.8237,-0,-350.002,116.482,116.482,2.25086,10,0,0,-0.027135,-0,0.0529433,0,1
28.32,-110.727,0,4857.99,-9.47475,0,272.272,0,0,0,0.999649,0,-0.0265018,0,0,-0.00665561,0,82.5414,0.958766,-15.5634,0,572.739,25.7368,-0,-349.718,116.48,116.48,2.25083,10,0,0,-0.0271704,-0,0.0530098,0,1
28.33,-110.822,0,4860.71,-9.47494,0,272.201,0,0,0,0.999648,0,-0.0265351,0,0,-0.00667753,0,82.5398,0.958757,-15.4915,0,569.35,25.6497,-0,-349.434,116.479,116.479,2.2508,10,0,0,-0.027206,-0,0.0530764,0,1
28.34,-110.917,0,4863.44,-9.47512,0,272.129,0,0,0,0.999647,0,-0.0265685,0,0,-0.00669959,0,82.5381,0.958749,-15.4195,0,565.96,25.5624,-0,-349.149,116.478,116.478,2.25076,10,0,0,-0.0272416,-0,0.0531433,0,1
28.35,-111.012,0,4866.16,-9.47527,0,272.057,0,0,0,0.999646,0,-0.0266021,0,0,-0.00672178,0,82.5364,0.95874,-15.3472,0,562.571,25.4749,-0,-348.863,116.476,116.476,2.25073,10,0,0,-0.0272774,-0,0.0532104,0,1
28.36,-111.106,0,4868.88,-9.47542,0,271.985,0,0,0,0.999645,0,-0.0266357,0,0,-0.0067441,0,82.5348,0.958731,-15.2748,0,559.181,25.3872,-0,-348.576,116.475,116.475,2.2507,10,0,0,-0.0273133,-0,0.0532777,0,1
28.37,-111.201,0,4871.6,-9.47554,0,271.912,0,0,0,0.999644,0,-0.0266695,0,0,-0.00676655,0,82.5332,0.958723,-15.2023,0,555.791,25.2993,-0,-348.289,116.473,116.473,2.25066,10,0,0,-0.0273493,-0,0.0533453,0,1
28.38,-111.296,0,4874.31,-9.47565,0,271.839,0,0,0,0.999643,0,-0.0267034,0,0,-0.00678914,0,82.5315,0.958714,-15.1295,0,552.4,25.2113,-0,-348.001,116.472,116.472,2.25063,10,0,0,-0.0273855,-0,0.0534131,0,1
28.39,-111.391,0,4877.03,-9.47574,0,271.766,0,0,0,0.999642,0,-0.0267374,0,0,-0.00681187,0,82.5299,0.958706,-15.0566,0,549.009,25.123,-0,-347.712,116.471,116.471,2.2506,10,0,0,-0.0274217,-0,0.0534811,0,1
28.4,-111.485,0,4879.75,-9.47582,0,271.692,0,0,0,0.999642,0,-0.0267715,0,0,-0.00683474,0,82.5283,0.958697,-14.9834,0,545.619,25.0346,-0,-347.422,116.469,116.469,2.25057,10,0,0,-0.0274581,-0,0.0535493,0,1
28.41,-111.58,0,4882.47,-9.47588,0,271.617,0,0,0,0.999641,0,-0.0268057,0,0,-0.00685774,0,82.5267,0.958689,-14.9101,0,542.227,24.9459,-0,-347.132,116.468,116.468,2.25053,10,0,0,-0.0274947,-0,0.0536178,0,1
28.42,-111.675,0,4885.18,-9.47592,0,271.543,0,0,0,0.99964,0,-0.02684,0,0,-0.00688088,0,82.5251,0.95868,-14.8366,0,538.836,24.8571,-0,-346.841,116.467,116.467,2.2505,10,0,0,-0.0275313,-0,0.0536865,0,1
28.43,-111.77,0,4887.9,-9.47595,0,271.468,0,0,0,0.999639,0,-0.0268745,0,0,-0.00690417,0,82.5236,0.958672,-14.763,0,535.444,24.7681,-0,-346.549,116.465,116.465,2.25047,10,0,0,-0.0275681,-0,0.0537554,0,1
28.44,-111.865,0,4890.61,-9.47596,0,271.392,0,0,0,0.999638,0,-0.026909,0,0,-0.00692759,0,82.522,0.958664,-14.6891,0,532.052,24.6788,-0,-346.257,116.464,116.464,2.25044,10,0,0,-0.027605,-0,0.0538246,0,1
28.45,-111.959,0,4893.33,-9.47595,0,271.317,0,0,0,0.999637,0,-0.0269437,0,0,-0.00695116,0,82.5204,0.958656,-14.615,0,528.66,24.5894,-0,-345.963,116.463,116.463,2.25041,10,0,0,-0.0276421,-0,0.0538939,0,1
28.46,-112.054,0,4896.04,-9.47592,0,271.241,0,0,0,0.999636,0,-0.0269785,0,0,-0.00697487,0,82.5189,0.958647,-14.5408,0,525.268,24.4998,-0,-345.669,116.461,116.461,2.25038,10,0,0,-0.0276793,-0,0.0539636,0,1
28.47,-112.149,0,4898.75,-9.47588,0,271.164,0,0,0,0.999635,0,-0.0270134,0,0,-0.00699873,0,82.5174,0.958639,-14.4663,0,521.875,24.41,-0,-345.374,116.46,116.46,2.25035,10,0,0,-0.0277166,-0,0.0540334,0,1
28.48,-112.244,0,4901.46,-9.47583,0,271.087,0,0,0,0.999634,0,-0.0270485,0,0,-0.00702274,0,82.5158,0.958631,-14.3917,0,518.482,24.32,-0,-345.079,116.459,116.459,2.25032,10,0,0,-0.027754,-0,0.0541036,0,1
28.49,-112.338,0,4904.17,-9.47575,0,271.01,0,0,0,0.999633,0,-0.0270836,0,0,-0.00704689,0,82.5143,0.958623,-14.3169,0,515.089,24.2298,-0,-344.783,116.458,116.458,2.25029,10,0,0,-0.0277916,-0,0.0541739,0,1
28.5,-112.433,0,4906.88,-9.47566,0,270.932,0,0,0,0.999632,0,-0.0271189,0,0,-0.00707119,0,82.5128,0.958615,-14.2419,0,511.695,24.1394,-0,-344.486,116.456,116.456,2.25026,10,0,0,-0.0278294,-0,0.0542445,0,1
28.51,-112.528,0,4909.59,-9.47555,0,270.854,0,0,0,0.999631,0,-0.0271543,0,0,-0.00709564,0,82.5113,0.958608,-14.1667,0,508.302,24.0488,-0,-344.188,116.455,116.455,2.25023,10,0,0,-0.0278672,-0,0.0543153,0,1
28.52,-112.623,0,4912.3,-9.47542,0,270.776,0,0,0,0.99963,0,-0.0271899,0,0,-0.00712024,0,82.5098,0.9586,-14.0913,0,504.908,23.958,-0,-343.89,116.454,116.454,2.2502,10,0,0,-0.0279052,-0,0.0543864,0,1
28.53,-112.717,0,4915.01,-9.47528,0,270.697,0,0,0,0.999629,0,-0.0272255,0,0,-0.00714499,0,82.5084,0.958592,-14.0157,0,501.514,23.8669,-0,-343.59,116.453,116.453,2.25017,10,0,0,-0.0279434,-0,0.0544577,0,1
28.54,-112.812,0,4917.71,-9.47512,0,270.618,0,0,0,0.999628,0,-0.0272613,0,0,-0.00716989,0,82.5069,0.958584,-13.9399,0,498.119,23.7757,-0,-343.29,116.451,116.451,2.25014,10,0,0,-0.0279816,-0,0.0545293,0,1
28.55,-112.907,0,4920.42,-9.47494,0,270.538,0,0,0,0.999627,0,-0.0272972,0,0,-0.00719495,0,82.5055,0.958577,-13.8639,0,494.724,23.6843,-0,-342.99,116.45,116.45,2.25011,10,0,0,-0.0280201,-0,0.0546011,0,1
28.56,-113.002,0,4923.12,-9.47475,0,270.459,0,0,0,0.999626,0,-0.0273332,0,0,-0.00722016,0,82.504,0.958569,-13.7877,0,491.329,23.5927,-0,-342.689,116.449,116.449,2.25008,10,0,0,-0.0280586,-0,0.0546732,0,1
28.57,-113.096,0,4925.83,-9.47453,0,270.378,0,0,0,0.999625,0,-0.0273693,0,0,-0.00724554,0,82.5026,0.958562,-13.7114,0,487.934,23.5009,-0,-342.387,116.448,116.448,2.25005,10,0,0,-0.0280973,-0,0.0547455,0,1
28.58,-113.191,0,4928.53,-9.4743,0,270.298,0,0,0,0.999624,0,-0.0274056,0,0,-0.00727106,0,82.5011,0.958554,-13.6348,0,484.539,23.4088,-0,-342.084,116.446,116.446,2.25002,10,0,0,-0.0281362,-0,0.0548181,0,1
28.59,-113.286,0,4931.23,-9.47406,0,270.217,0,0,0,0.999623,0,-0.027442,0,0,-0.00729675,0,82.4997,0.958547,-13.558,0,481.143,23.3166,-0,-341.78,116.445,116.445,2.24999,10,0,0,-0.0281752,-0,0.054891,0,1
28.6,-113.381,0,4933.94,-9.47379,0,270.135,0,0,0,0.999622,0,-0.0274786,0,0,-0.0073226,0,82.4983,0.958539,-13.481,0,477.747,23.2241,-0,-341.476,116.444,116.444,2.24997,10,0,0,-0.0282143,-0,0.0549641,0,1
28.61,-113.475,0,4936.64,-9.47351,0,270.054,0,0,0,0.999621,0,-0.0275152,0,0,-0.00734861,0,82.4969,0.958532,-13.4038,0,474.351,23.1315,-0,-341.171,116.443,116.443,2.24994,10,0,0,-0.0282536,-0,0.0550374,0,1
28.62,-113.57,0,4939.34,-9.47321,0,269.971,0,0,0,0.99962,0,-0.027552,0,0,-0.00737478,0,82.4956,0.958525,-13.3264,0,470.955,23.0386,-0,-340.866,116.442,116.442,2.24991,10,0,0,-0.028293,-0,0.055111,0,1
28.63,-113.665,0,4942.04,-9.47289,0,269.889,0,0,0,0.999619,0,-0.027589,0,0,-0.00740112,0,82.4942,0.958517,-13.2488,0,467.558,22.9455,-0,-340.559,116.441,116.441,2.24988,10,0,0,-0.0283326,-0,0.0551849,0,1
28.64,-113.759,0,4944.73,-9.47256,0,269.806,0,0,0,0.999618,0,-0.027626,0,0,-0.00742762,0,82.4928,0.95851,-13.171,0,464.161,22.8522,-0,-340.252,116.439,116.439,2.24986,10,0,0,-0.0283723,-0,0.055259,0,1
28.65,-113.854,0,4947.43,-9.47221,0,269.723,0,0,0,0.999617,0,-0.0276632,0,0,-0.00745429,0,82.4915,0.958503,-13.093,0,460.764,22.7587,-0,-339.945,116.438,116.438,2.24983,10,0,0,-0.0284122,-0,0.0553335,0,1
28.66,-113.949,0,4950.13,-9.47183,0,269.639,0,0,0,0.999616,0,-0.0277005,0,0,-0.00748113,0,82.4901,0.958496,-13.0148,0,457.366,22.665,-0,-339.636,116.437,116.437,2.2498,10,0,0,-0.0284522,-0,0.0554081,0,1
28.67,-114.044,0,4952.82,-9.47145,0,269.555,0,0,0,0.999615,0,-0.027738,0,0,-0.00750813,0,82.4888,0.958489,-12.9363,0,453.969,22.571,-0,-339.327,116.436,116.436,2.24978,10,0,0,-0.0284924,-0,0.0554831,0,1
28.68,-114.138,0,4955.52,-9.47104,0,269.471,0,0,0,0.999614,0,-0.0277756,0,0,-0.00753531,0,82.4875,0.958482,-12.8577,0,450.571,22.4769,-0,-339.017,116.435,116.435,2.24975,10,0,0,-0.0285327,-0,0.0555583,0,1
28.69,-114.233,0,4958.21,-9.47062,0,269.386,0,0,0,0.999613,0,-0.0278133,0,0,-0.00756266,0,82.4861,0.958475,-12.7788,0,447.173,22.3825,-0,-338.707,116.434,116.434,2.24972,10,0,0,-0.0285732,-0,0.0556338,0,1
28.7,-114.328,0,4960.91,-9.47017,0,269.301,0,0,0,0.999612,0,-0.0278512,0,0,-0.00759018,0,82.4848,0.958468,-12.6997,0,443.774,22.2879,-0,-338.396,116.433,116.433,2.2497,10,0,0,-0.0286138,-0,0.0557096,0,1
28.71,-114.422,0,4963.6,-9.46971,0,269.215,0,0,0,0.999611,0,-0.0278892,0,0,-0.00761788,0,82.4835,0.958461,-12.6204,0,440.376,22.1931,-0,-338.084,116.432,116.432,2.24967,10,0,0,-0.0286546,-0,0.0557856,0,1
28.72,-114.517,0,4966.29,-9.46924,0,269.13,0,0,0,0.99961,0,-0.0279273,0,0,-0.00764575,0,82.4823,0.958454,-12.5409,0,436.977,22.098,-0,-337.771,116.431,116.431,2.24965,10,0,0,-0.0286955,-0,0.0558619,0,1
28.73,-114.612,0,4968.98,-9.46874,0,269.043,0,0,0,0.999609,0,-0.0279656,0,0,-0.0076738,0,82.481,0.958448,-12.4612,0,433.578,22.0028,-0,-337.458,116.43,116.43,2.24962,10,0,0,-0.0287366,-0,0.0559385,0,1
28.74,-114.707,0,4971.67,-9.46823,0,268.957,0,0,0,0.999608,0,-0.028004,0,0,-0.00770203,0,82.4797,0.958441,-12.3813,0,430.178,21.9073,-0,-337.144,116.428,116.428,2.24959,10,0,0,-0.0287779,-0,0.0560154,0,1
28.75,-114.801,0,4974.36,-9.46769,0,268.87,0,0,0,0.999607,0,-0.0280426,0,0,-0.00773044,0,82.4785,0.958434,-12.3011,0,426.779,21.8116,-0,-336.829,116.427,116.427,2.24957,10,0,0,-0.0288193,-0,0.0560926,0,1
28.76,-114.896,0,4977.05,-9.46714,0,268.782,0,0,0,0.999606,0,-0.0280813,0,0,-0.00775904,0,82.4772,0.958428,-12.2207,0,423.379,21.7157,-0,-336.514,116.426,116.426,2.24954,10,0,0,-0.0288609,-0,0.05617,0,1
28.77,-114.991,0,4979.74,-9.46657,0,268.695,0,0,0,0.999605,0,-0.0281202,0,0,-0.00778781,0,82.476,0.958421,-12.1401,0,419.979,21.6195,-0,-336.198,116.425,116.425,2.24952,10,0,0,-0.0289026,-0,0.0562477,0,1
28.78,-115.085,0,4982.42,-9.46599,0,268.607,0,0,0,0.999603,0,-0.0281592,0,0,-0.00781677,0,82.4748,0.958415,-12.0593,0,416.578,21.5231,-0,-335.881,116.424,116.424,2.2495,10,0,0,-0.0289446,-0,0.0563258,0,1
28.79,-115.18,0,4985.11,-9.46538,0,268.518,0,0,0,0.999602,0,-0.0281983,0,0,-0.00784592,0,82.4735,0.958409,-11.9782,0,413.178,21.4265,-0,-335.564,116.423,116.423,2.24947,10,0,0,-0.0289866,-0,0.0564041,0,1
28.8,-115.275,0,4987.79,-9.46476,0,268.429,0,0,0,0.999601,0,-0.0282376,0,0,-0.00787526,0,82.4723,0.958402,-11.897,0,409.777,21.3297,-0,-335.246,116.422,116.422,2.24945,10,0,0,-0.0290289,-0,0.0564827,0,1
28.81,-115.369,0,4990.48,-9.46411,0,268.34,0,0,0,0.9996,0,-0.028277,0,0,-0.00790478,0,82.4711,0.958396,-11.8155,0,406.376,21.2326,-0,-334.927,116.421,116.421,2.24942,10,0,0,-0.0290713,-0,0.0565616,0,1
28.82,-115.464,0,4993.16,-9.46345,0,268.25,0,0,0,0.999599,0,-0.0283166,0,0,-0.0079345,0,82.47,0.95839,-11.7337,0,402.975,21.1353,-0,-334.608,116.42,116.42,2.2494,10,0,0,-0.0291138,-0,0.0566408,0,1
28.83,-115.558,0,4995.84,-9.46277,0,268.161,0,0,0,0.999598,0,-0.0283563,0,0,-0.00796441,0,82.4688,0.958384,-11.6518,0,399.573,21.0378,-0,-334.288,116.419,116.419,2.24938,10,0,0,-0.0291566,-0,0.0567203,0,1
28.84,-115.653,0,4998.52,-9.46208,0,268.07,0,0,0,0.999597,0,-0.0283962,0,0,-0.00799451,0,82.4676,0.958377,-11.5696,0,396.171,20.94,-0,-333.967,116.418,116.418,2.24935,10,0,0,-0.0291995,-0,0.0568001,0,1
28.85,-115.748,0,5001.2,-9.46136,0,267.979,0,0,0,0.999596,0,-0.0284362,0,0,-0.00802481,0,82.4665,0.958371,-11.4872,0,392.769,20.842,-0,-333.645,116.417,116.417,2.24933,10,0,0,-0.0292426,-0,0.0568802,0,1
28.86,-115.842,0,5003.88,-9.46062,0,267.888,0,0,0,0.999594,0,-0.0284764,0,0,-0.00805531,0,82.4653,0.958365,-11.4045,0,389.367,20.7438,-0,-333.323,116.416,116.416,2.24931,10,0,0,-0.0292858,-0,0.0569606,0,1
28.87,-115.937,0,5006.56,-9.45987,0,267.797,0,0,0,0.999593,0,-0.0285168,0,0,-0.008086,0,82.4642,0.958359,-11.3216,0,385.964,20.6453,-0,-333.001,116.415,116.415,2.24928,10,0,0,-0.0293292,-0,0.0570413,0,1
28.88,-116.031,0,5009.24,-9.45909,0,267.705,0,0,0,0.999592,0,-0.0285573,0,0,-0.0081169,0,82.4631,0.958353,-11.2385,0,382.562,20.5466,-0,-332.677,116.414,116.414,2.24926,10,0,0,-0.0293728,-0,0.0571223,0,1
28.89,-116.126,0,5011.92,-9.4583,0,267.613,0,0,0,0.999591,0,-0.0285979,0,0,-0.008148,0,82.4619,0.958347,-11.1551,0,379.159,20.4476,-0,-332.353,116.414,116.414,2.24924,10,0,0,-0.0294166,-0,0.0572036,0,1
28.9,-116.221,0,5014.59,-9.45749,0,267.52,0,0,0,0.99959,0,-0.0286387,0,0,-0.0081793,0,82.4608,0.958342,-11.0715,0,375.755,20.3484,-0,-332.029,116.413,116.413,2.24922,10,0,0,-0.0294605,-0,0.0572852,0,1
28.91,-116.315,0,5017.27,-9.45666,0,267.427,0,0,0,0.999589,0,-0.0286797,0,0,-0.00821081,0,82.4598,0.958336,-10.9877,0,372.352,20.249,-0,-331.703,116.412,116.412,2.2492,10,0,0,-0.0295047,-0,0.0573672,0,1
28.92,-116.41,0,5019.94,-9.45581,0,267.334,0,0,0,0.999587,0,-0.0287208,0,0,-0.00824252,0,82.4587,0.95833,-10.9036,0,368.948,20.1493,-0,-331.377,116.411,116.411,2.24917,10,0,0,-0.029549,-0,0.0574495,0,1
28.93,-116.504,0,5022.61,-9.45494,0,267.24,0,0,0,0.999586,0,-0.0287621,0,0,-0.00827445,0,82.4576,0.958325,-10.8192,0,365.544,20.0494,-0,-331.05,116.41,116.41,2.24915,10,0,0,-0.0295935,-0,0.057532,0,1
28.94,-116.599,0,5025.29,-9.45405,0,267.146,0,0,0,0.999585,0,-0.0288035,0,0,-0.00830658,0,82.4565,0.958319,-10.7347,0,362.14,19.9492,-0,-330.723,116.409,116.409,2.24913,10,0,0,-0.0296381,-0,0.0576149,0,1
28.95,-116.693,0,5027.96,-9.45314,0,267.052,0,0,0,0.999584,0,-0.0288451,0,0,-0.00833893,0,82.4555,0.958313,-10.6499,0,358.735,19.8488,-0,-330.395,116.408,116.408,2.24911,10,0,0,-0.029683,-0,0.0576982,0,1
28.96,-116.788,0,5030.63,-9.45222,0,266.957,0,0,0,0.999583,0,-0.0288868,0,0,-0.0083715,0,82.4544,0.958308,-10.5648,0,355.331,19.7482,-0,-330.066,116.407,116.407,2.24909,10,0,0,-0.029728,-0,0.0577817,0,1
28.97,-116.882,0,5033.3,-9.45127,0,266.862,0,0,0,0.999581,0,-0.0289288,0,0,-0.00840428,0,82.4534,0.958302,-10.4795,0,351.926,19.6473,-0,-329.737,116.406,116.406,2.24907,10,0,0,-0.0297732,-0,0.0578656,0,1
28.98,-116.977,0,5035.96,-9.4503,0,266.766,0,0,0,0.99958,0,-0.0289709,0,0,-0.00843728,0,82.4524,0.958297,-10.3939,0,348.521,19.5461,-0,-329.407,116.405,116.405,2.24905,10,0,0,-0.0298186,-0,0.0579498,0,1
28.99,-117.071,0,5038.63,-9.44932,0,266.67,0,0,0,0.999579,0,-0.0290131,0,0,-0.00847049,0,82.4514,0.958292,-10.3081,0,345.115,19.4447,-0,-329.077,116.405,116.405,2.24903,10,0,0,-0.0298642,-0,0.0580344,0,1
29,-117.166,0,5041.3,-9.44831,0,266.574,0,0,0,0.999578,0,-0.0290555,0,0,-0.00850393,0,82.4503,0.958286,-10.222,0,341.71,19.343,-0,-328.745,116.404,116.404,2.24901,10,0,0,-0.02991,-0,0.0581192,0,1
29.01,-117.26,0,5043.96,-9.44729,0,266.477,0,0,0,0.999577,0,-0.0290981,0,0,-0.0085376,0,82.4494,0.958281,-10.1357,0,338.304,19.2411,-0,-328.414,116.403,116.403,2.24899,10,0,0,-0.029956,-0,0.0582044,0,1
29.02,-117.355,0,5046.63,-9.44624,0,266.38,0,0,0,0.999575,0,-0.0291409,0,0,-0.00857149,0,82.4484,0.958276,-10.0491,0,334.898,19.1389,-0,-328.081,116.402,116.402,2.24897,10,0,0,-0.0300021,-0,0.05829,0,1
29.03,-117.449,0,5049.29,-9.44518,0,266.283,0,0,0,0.999574,0,-0.0291838,0,0,-0.00860561,0,82.4474,0.958271,-9.96227,0,331.491,19.0365,-0,-327.748,116.401,116.401,2.24895,10,0,0,-0.0300485,-0,0.0583759,0,1
29.04,-117.544,0,5051.95,-9.4441,0,266.185,0,0,0,0.999573,0,-0.0292269,0,0,-0.00863995,0,82.4464,0.958266,-9.87518,0,328.085,18.9338,-0,-327.414,116.4,116.4,2.24893,10,0,0,-0.030095,-0,0.0584621,0,1
29.05,-117.638,0,5054.61,-9.44299,0,266.087,0,0,0,0.999572,0,-0.0292702,0,0,-0.00867453,0,82.4455,0.958261,-9.78782,0,324.678,18.8308,-0,-327.08,116.4,116.4,2.24891,10,0,0,-0.0301418,-0,0.0585487,0,1
29.06,-117.733,0,5057.27,-9.44187,0,265.988,0,0,0,0.99957,0,-0.0293136,0,0,-0.00870934,0,82.4445,0.958256,-9.70019,0,321.271,18.7276,-0,-326.745,116.399,116.399,2.24889,10,0,0,-0.0301887,-0,0.0586356,0,1
29.07,-117.827,0,5059.93,-9.44073,0,265.89,0,0,0,0.999569,0,-0.0293572,0,0,-0.00874439,0,82.4436,0.958251,-9.61231,0,317.864,18.6241,-0,-326.409,116.398,116.398,2.24887,10,0,0,-0.0302359,-0,0.0587229,0,1
29.08,-117.921,0,5062.59,-9.43956,0,265.79,0,0,0,0.999568,0,-0.029401,0,0,-0.00877968,0,82.4427,0.958246,-9.52416,0,314.456,18.5204,-0,-326.073,116.397,116.397,2.24885,10,0,0,-0.0302832,-0,0.0588105,0,1
29.09,-118.016,0,5065.25,-9.43838,0,265.691,0,0,0,0.999566,0,-0.029445,0,0,-0.0088152,0,82.4418,0.958241,-9.43574,0,311.048,18.4164,-0,-325.736,116.397,116.397,2.24884,10,0,0,-0.0303307,-0,0.0588984,0,1
29.1,-118.11,0,5067.91,-9.43717,0,265.591,0,0,0,0.999565,0,-0.0294891,0,0,-0.00885097,0,82.4409,0.958236,-9.34705,0,307.64,18.3121,-0,-325.399,116.396,116.396,2.24882,10,0,0,-0.0303785,-0,0.0589868,0,1
29.11,-118.205,0,5070.56,-9.43595,0,265.49,0,0,0,0.999564,0,-0.0295334,0,0,-0.00888698,0,82.44,0.958232,-9.25809,0,304.232,18.2076,-0,-325.06,116.395,116.395,2.2488,10,0,0,-0.0304264,-0,0.0590755,0,1
29.12,-118.299,0,5073.22,-9.4347,0,265.389,0,0,0,0.999562,0,-0.0295779,0,0,-0.00892324,0,82.4391,0.958227,-9.16886,0,300.824,18.1027,-0,-324.722,116.394,116.394,2.24878,10,0,0,-0.0304746,-0,0.0591645,0,1
29.13,-118.393,0,5075.87,-9.43344,0,265.288,0,0,0,0.999561,0,-0.0296226,0,0,-0.00895974,0,82.4382,0.958222,-9.07936,0,297.415,17.9977,-0,-324.382,116.394,116.394,2.24876,10,0,0,-0.0305229,-0,0.0592539,0,1
29.14,-118.488,0,5078.52,-9.43215,0,265.187,0,0,0,0.99956,0,-0.0296675,0,0,-0.0089965,0,82.4373,0.958218,-8.98958,0,294.006,17.8923,-0,-324.042,116.393,116.393,2.24875,10,0,0,-0.0305715,-0,0.0593437,0,1
29.15,-118.582,0,5081.17,-9.43085,0,265.085,0,0,0,0.999558,0,-0.0297126,0,0,-0.00903351,0,82.4365,0.958213,-8.89952,0,290.597,17.7867,-0,-323.702,116.392,116.392,2.24873,10,0,0,-0.0306203,-0,0.0594339,0,1
29.16,-118.676,0,5083.82,-9.42952,0,264.983,0,0,0,0.999557,0,-0.0297578,0,0,-0.00907077,0,82.4356,0.958209,-8.80918,0,287.187,17.6808,-0,-323.36,116.391,116.391,2.24871,10,0,0,-0.0306693,-0,0.0595244,0,1
29.17,-118.771,0,5086.47,-9.42817,0,264.88,0,0,0,0.999556,0,-0.0298032,0,0,-0.00910829,0,82.4348,0.958204,-8.71856,0,283.778,17.5746,-0,-323.019,116.391,116.391,2.2487,10,0,0,-0.0307185,-0,0.0596153,0,1
29.18,-118.865,0,5089.12,-9.4268,0,264.777,0,0,0,0.999554,0,-0.0298488,0,0,-0.00914607,0,82.434,0.9582,-8.62766,0,280.368,17.4681,-0,-322.676,116.39,116.39,2.24868,10,0,0,-0.0307679,-0,0.0597066,0,1
29.19,-118.959,0,5091.77,-9.42542,0,264.674,0,0,0,0.999553,0,-0.0298946,0,0,-0.00918411,0,82.4332,0.958196,-8.53648,0,276.958,17.3614,-0,-322.333,116.389,116.389,2.24866,10,0,0,-0.0308175,-0,0.0597982,0,1
29.2,-119.053,0,5094.41,-9.42401,0,264.57,0,0,0,0.999552,0,-0.0299406,0,0,-0.00922242,0,82.4324,0.958192,-8.44501,0,273.548,17.2543,-0,-321.989,116.389,116.389,2.24865,10,0,0,-0.0308674,-0,0.0598902,0,1
29.21,-119.148,0,5097.06,-9.42257,0,264.466,0,0,0,0.99955,0,-0.0299868,0,0,-0.00926099,0,82.4316,0.958187,-8.35325,0,270.137,17.147,-0,-321.645,116.388,116.388,2.24863,10,0,0,-0.0309174,-0,0.0599827,0,1
29.22,-119.242,0,5099.7,-9.42112,0,264.361,0,0,0,0.999549,0,-0.0300332,0,0,-0.00929983,0,82.4308,0.958183,-8.2612,0,266.726,17.0394,-0,-321.3,116.387,116.387,2.24862,10,0,0,-0.0309677,-0,0.0600755,0,1
29.23,-119.336,0,5102.35,-9.41965,0,264.257,0,0,0,0.999548,0,-0.0300798,0,0,-0.00933894,0,82.43,0.958179,-8.16885,0,263.315,16.9315,-0,-320.955,116.387,116.387,2.2486,10,0,0,-0.0310182,-0,0.0601687,0,1
29.24,-119.43,0,5104.99,-9.41816,0,264.151,0,0,0,0.999546,0,-0.0301266,0,0,-0.00937833,0,82.4292,0.958175,-8.07622,0,259.904,16.8234,-0,-320.609,116.386,116.386,2.24858,10,0,0,-0.031069,-0,0.0602622,0,1
29.25,-119.524,0,5107.63,-9.41664,0,264.046,0,0,0,0.999545,0,-0.0301735,0,0,-0.00941799,0,82.4285,0.958171,-7.98329,0,256.492,16.7149,-0,-320.262,116.385,116.385,2.24857,10,0,0,-0.0311199,-0,0.0603562,0,1
29.26,-119.618,0,5110.27,-9.4151,0,263.94,0,0,0,0.999543,0,-0.0302207,0,0,-0.00945792,0,82.4277,0.958167,-7.89006,0,253.081,16.6062,-0,-319.915,116.385,116.385,2.24855,10,0,0,-0.0311711,-0,0.0604506,0,1
29.27,-119.713,0,5112.91,-9.41355,0,263.833,0,0,0,0.999542,0,-0.0302681,0,0,-0.00949814,0,82.427,0.958163,-7.79653,0,249.669,16.4971,-0,-319.567,116.384,116.384,2.24854,10,0,0,-0.0312225,-0,0.0605454,0,1
29.28,-119.807,0,5115.55,-9.41197,0,263.727,0,0,0,0.99954,0,-0.0303156,0,0,-0.00953865,0,82.4263,0.958159,-7.7027,0,246.257,16.3878,-0,-319.219,116.384,116.384,2.24853,10,0,0,-0.0312741,-0,0.0606406,0,1
29.29,-119.901,0,5118.18,-9.41037,0,263.62,0,0,0,0.999539,0,-0.0303634,0,0,-0.00957944,0,82.4256,0.958156,-7.60857,0,242.844,16.2781,-0,-318.87,116.383,116.383,2.24851,10,0,0,-0.031326,-0,0.0607362,0,1
29.3,-119.995,0,5120.82,-9.40874,0,263.512,0,0,0,0.999537,0,-0.0304114,0,0,-0.00962052,0,82.4249,0.958152,-7.51413,0,239.432,16.1682,-0,-318.52,116.382,116.382,2.2485,10,0,0,-0.0313781,-0,0.0608322,0,1
29.31,-120.089,0,5123.45,-9.4071,0,263.404,0,0,0,0.999536,0,-0.0304596,0,0,-0.00966189,0,82.4242,0.958148,-7.41938,0,236.019,16.058,-0,-318.17,116.382,116.382,2.24848,10,0,0,-0.0314305,-0,0.0609286,0,1
29.32,-120.183,0,5126.09,-9.40543,0,263.296,0,0,0,0.999535,0,-0.030508,0,0,-0.00970355,0,82.4235,0.958145,-7.32433,0,232.606,15.9474,-0,-317.819,116.381,116.381,2.24847,10,0,0,-0.0314831,-0,0.0610254,0,1
29.33,-120.277,0,5128.72,-9.40375,0,263.188,0,0,0,0.999533,0,-0.0305566,0,0,-0.00974551,0,82.4228,0.958141,-7.22896,0,229.192,15.8366,-0,-317.468,116.381,116.381,2.24846,10,0,0,-0.0315359,-0,0.0611226,0,1
29.34,-120.371,0,5131.35,-9.40204,0,263.079,0,0,0,0.999532,0,-0.0306054,0,0,-0.00978777,0,82.4221,0.958138,-7.13328,0,225.779,15.7254,-0,-317.116,116.38,116.38,2.24844,10,0,0,-0.0315889,-0,0.0612203,0,1
29.35,-120.465,0,5133.98,-9.40031,0,262.969,0,0,0,0.99953,0,-0.0306544,0,0,-0.00983033,0,82.4215,0.958134,-7.03729,0,222.365,15.614,-0,-316.763,116.379,116.379,2.24843,10,0,0,-0.0316422,-0,0.0613184,0,1
29.36,-120.559,0,5136.61,-9.39855,0,262.86,0,0,0,0.999529,0,-0.0307036,0,0,-0.00987319,0,82.4208,0.958131,-6.94097,0,218.951,15.5022,-0,-316.41,116.379,116.379,2.24842,10,0,0,-0.0316958,-0,0.0614169,0,1
29.37,-120.653,0,5139.24,-9.39678,0,262.75,0,0,0,0.999527,0,-0.0307531,0,0,-0.00991637,0,82.4202,0.958127,-6.84434,0,215.537,15.3902,-0,-316.056,116.378,116.378,2.2484,10,0,0,-0.0317496,-0,0.0615159,0,1
29.38,-120.747,0,5141.86,-9.39498,0,262.639,0,0,0,0.999525,0,-0.0308027,0,0,-0.00995985,0,82.4196,0.958124,-6.74738,0,212.122,15.2778,-0,-315.702,116.378,116.378,2.24839,10,0,0,-0.0318036,-0,0.0616152,0,1
29.39,-120.841,0,5144.49,-9.39316,0,262.528,0,0,0,0.999524,0,-0.0308526,0,0,-0.0100037,0,82.419,0.958121,-6.6501,0,208.708,15.1651,-0,-315.347,116.377,116.377,2.24838,10,0,0,-0.0318579,-0,0.0617151,0,1
29.4,-120.935,0,5147.12,-9.39132,0,262.417,0,0,0,0.999522,0,-0.0309027,0,0,-0.0100478,0,82.4184,0.958118,-6.5525,0,205.293,15.0521,-0,-314.992,116.377,116.377,2.24837,10,0,0,-0.0319124,-0,0.0618153,0,1
29.41,-121.029,0,5149.74,-9.38945,0,262.306,0,0,0,0.999521,0,-0.0309531,0,0,-0.0100922,0,82.4178,0.958115,-6.45456,0,201.878,14.9387,-0,-314.636,116.376,116.376,2.24836,10,0,0,-0.0319672,-0,0.061916,0,1
29.42,-121.123,0,5152.36,-9.38757,0,262.194,0,0,0,0.999519,0,-0.0310036,0,0,-0.010137,0,82.4172,0.958112,-6.35629,0,198.462,14.8251,-0,-314.28,116.376,116.376,2.24834,10,0,0,-0.0320223,-0,0.0620172,0,1
29.43,-121.217,0,5154.98,-9.38566,0,262.082,0,0,0,0.999518,0,-0.0310544,0,0,-0.010182,0,82.4166,0.958109,-6.25769,0,195.047,14.7111,-0,-313.922,116.375,116.375,2.24833,10,0,0,-0.0320776,-0,0.0621188,0,1
29.44,-121.31,0,5157.6,-9.38372,0,261.969,0,0,0,0.999516,0,-0.0311054,0,0,-0.0102274,0,82.4161,0.958106,-6.15876,0,191.631,14.5968,-0,-313.565,116.375,116.375,2.24832,10,0,0,-0.0321331,-0,0.0622208,0,1
29.45,-121.404,0,5160.22,-9.38177,0,261.856,0,0,0,0.999515,0,-0.0311566,0,0,-0.0102732,0,82.4155,0.958103,-6.05949,0,188.215,14.4822,-0,-313.207,116.374,116.374,2.24831,10,0,0,-0.032189,-0,0.0623233,0,1
29.46,-121.498,0,5162.84,-9.37979,0,261.743,0,0,0,0.999513,0,-0.0312081,0,0,-0.0103193,0,82.415,0.9581,-5.95987,0,184.799,14.3672,-0,-312.848,116.374,116.374,2.2483,10,0,0,-0.0322451,-0,0.0624263,0,1
29.47,-121.592,0,5165.46,-9.37779,0,261.629,0,0,0,0.999511,0,-0.0312598,0,0,-0.0103657,0,82.4144,0.958097,-5.85992,0,181.382,14.2519,-0,-312.489,116.374,116.374,2.24829,10,0,0,-0.0323014,-0,0.0625297,0,1
29.48,-121.686,0,5168.07,-9.37577,0,261.515,0,0,0,0.99951,0,-0.0313117,0,0,-0.0104124,0,82.4139,0.958094,-5.75962,0,177.966,14.1363,-0,-312.129,116.373,116.373,2.24828,10,0,0,-0.032358,-0,0.0626336,0,1
29.49,-121.779,0,5170.69,-9.37372,0,261.4,0,0,0,0.999508,0,-0.0313638,0,0,-0.0104595,0,82.4134,0.958091,-5.65897,0,174.549,14.0204,-0,-311.768,116.373,116.373,2.24827,10,0,0,-0.0324149,-0,0.0627379,0,1
29.5,-121.873,0,5173.3,-9.37165,0,261.285,0,0,0,0.999506,0,-0.0314162,0,0,-0.010507,0,82.4129,0.958089,-5.55797,0,171.132,13.9041,-0,-311.407,116.372,116.372,2.24826,10,0,0,-0.0324721,-0,0.0628428,0,1
29.51,-121.967,0,5175.91,-9.36956,0,261.17,0,0,0,0.999505,0,-0.0314688,0,0,-0.0105548,0,82.4124,0.958086,-5.45662,0,167.714,13.7875,-0,-311.046,116.372,116.372,2.24825,10,0,0,-0.0325295,-0,0.0629481,0,1
29.52,-122.061,0,5178.52,-9.36744,0,261.055,0,0,0,0.999503,0,-0.0315217,0,0,-0.0106029,0,82.4119,0.958084,-5.35492,0,164.297,13.6705,-0,-310.684,116.371,116.371,2.24824,10,0,0,-0.0325872,-0,0.0630539,0,1
29.53,-122.154,0,5181.13,-9.3653,0,260.939,0,0,0,0.999501,0,-0.0315748,0,0,-0.0106514,0,82.4114,0.958081,-5.25285,0,160.879,13.5532,-0,-310.321,116.371,116.371,2.24823,10,0,0,-0.0326452,-0,0.0631601,0,1
29.54,-122.248,0,5183.74,-9.36314,0,260.822,0,0,0,0.9995,0,-0.0316282,0,0,-0.0107003,0,82.411,0.958079,-5.15043,0,157.461,13.4355,-0,-309.958,116.371,116.371,2.24822,10,0,0,-0.0327035,-0,0.0632669,0,1
29.55,-122.341,0,5186.35,-9.36095,0,260.706,0,0,0,0.999498,0,-0.0316818,0,0,-0.0107495,0,82.4105,0.958076,-5.04765,0,154.043,13.3175,-0,-309.594,116.37,116.37,2.24821,10,0,0,-0.032762,-0,0.0633741,0,1
29.56,-122.435,0,5188.96,-9.35874,0,260.588,0,0,0,0.999496,0,-0.0317356,0,0,-0.0107991,0,82.4101,0.958074,-4.9445,0,150.624,13.1992,-0,-309.23,116.37,116.37,2.2482,10,0,0,-0.0328209,-0,0.0634819,0,1
29.57,-122.529,0,5191.56,-9.3565,0,260.471,0,0,0,0.999495,0,-0.0317897,0,0,-0.0108491,0,82.4096,0.958072,-4.84098,0,147.205,13.0805,-0,-308.865,116.37,116.37,2.24819,10,0,0,-0.03288,-0,0.0635901,0,1
29.58,-122.622,0,5194.17,-9.35425,0,260.353,0,0,0,0.999493,0,-0.0318441,0,0,-0.0108994,0,82.4092,0.958069,-4.7371,0,143.787,12.9614,-0,-308.5,116.369,116.369,2.24818,10,0,0,-0.0329394,-0,0.0636989,0,1
29.59,-122.716,0,5196.77,-9.35196,0,260.235,0,0,0,0.999491,0,-0.0318986,0,0,-0.0109501,0,82.4088,0.958067,-4.63284,0,140.367,12.842,-0,-308.134,116.369,116.369,2.24818,10,0,0,-0.0329991,-0,0.0638081,0,1
29.6,-122.809,0,5199.37,-9.34966,0,260.116,0,0,0,0.999489,0,-0.0319535,0,0,-0.0110013,0,82.4084,0.958065,-4.5282,0,136.948,12.7223,-0,-307.768,116.368,116.368,2.24817,10,0,0,-0.0330591,-0,0.0639179,0,1
29.61,-122.903,0,5201.97,-9.34733,0,259.997,0,0,0,0.999488,0,-0.0320086,0,0,-0.0110527,0,82.408,0.958063,-4.42319,0,133.529,12.6022,-0,-307.401,116.368,116.368,2.24816,10,0,0,-0.0331193,-0,0.0640282,0,1
29.62,-122.996,0,5204.57,-9.34497,0,259.878,0,0,0,0.999486,0,-0.032064,0,0,-0.0111046,0,82.4076,0.958061,-4.31779,0,130.109,12.4817,-0,-307.033,116.368,116.368,2.24815,10,0,0,-0.0331799,-0,0.0641389,0,1
29.63,-123.09,0,5207.17,-9.34259,0,259.759,0,0,0,0.999484,0,-0.0321196,0,0,-0.0111569,0,82.4072,0.958059,-4.21202,0,126.689,12.3608,-0,-306.665,116.367,116.367,2.24814,10,0,0,-0.0332408,-0,0.0642502,0,1
29.64,-123.183,0,5209.77,-9.34019,0,259.638,0,0,0,0.999482,0,-0.0321755,0,0,-0.0112096,0,82.4069,0.958057,-4.10585,0,123.269,12.2396,-0,-306.297,116.367,116.367,2.24814,10,0,0,-0.033302,-0,0.0643621,0,1
29.65,-123.276,0,5212.36,-9.33776,0,259.518,0,0,0,0.99948,0,-0.0322316,0,0,-0.0112626,0,82.4065,0.958055,-3.9993,0,119.848,12.118,-0,-305.928,116.367,116.367,2.24813,10,0,0,-0.0333635,-0,0.0644744,0,1
29.66,-123.37,0,5214.96,-9.33531,0,259.397,0,0,0,0.999479,0,-0.0322881,0,0,-0.0113161,0,82.4062,0.958053,-3.89235,0,116.428,11.9961,-0,-305.558,116.367,116.367,2.24812,10,0,0,-0.0334253,-0,0.0645873,0,1
29.67,-123.463,0,5217.55,-9.33283,0,259.276,0,0,0,0.999477,0,-0.0323447,0,0,-0.01137,0,82.4058,0.958052,-3.78501,0,113.007,11.8737,-0,-305.188,116.366,116.366,2.24812,10,0,0,-0.0334874,-0,0.0647008,0,1
29.68,-123.556,0,5220.14,-9.33033,0,259.155,0,0,0,0.999475,0,-0.0324017,0,0,-0.0114243,0,82.4055,0.95805,-3.67727,0,109.586,11.751,-0,-304.818,116.366,116.366,2.24811,10,0,0,-0.0335498,-0,0.0648147,0,1
29.69,-123.65,0,5222.73,-9.32781,0,259.033,0,0,0,0.999473,0,-0.0324589,0,0,-0.011479,0,82.4052,0.958048,-3.56913,0,106.164,11.6279,-0,-304.447,116.366,116.366,2.2481,10,0,0,-0.0336125,-0,0.0649293,0,1
29.7,-123.743,0,5225.32,-9.32525,0,258.91,0,0,0,0.999471,0,-0.0325164,0,0,-0.0115342,0,82.4049,0.958047,-3.46058,0,102.743,11.5045,-0,-304.075,116.366,116.366,2.2481,10,0,0,-0.0336756,-0,0.0650443,0,1
29.71,-123.836,0,5227.91,-9.32268,0,258.788,0,0,0,0.999469,0,-0.0325742,0,0,-0.0115897,0,82.4046,0.958045,-3.35163,0,99.3211,11.3806,-0,-303.703,116.365,116.365,2.24809,10,0,0,-0.0337389,-0,0.0651599,0,1
29.72,-123.929,0,5230.5,-9.32007,0,258.665,0,0,0,0.999467,0,-0.0326323,0,0,-0.0116457,0,82.4043,0.958044,-3.24227,0,95.8992,11.2564,-0,-303.33,116.365,116.365,2.24809,10,0,0,-0.0338026,-0,0.0652761,0,1
29.73,-124.023,0,5233.08,-9.31745,0,258.542,0,0,0,0.999466,0,-0.0326906,0,0,-0.0117022,0,82.404,0.958042,-3.13249,0,92.477,11.1318,-0,-302.957,116.365,116.365,2.24808,10,0,0,-0.0338666,-0,0.0653929,0,1
29.74,-124.116,0,5235.67,-9.3148,0,258.418,0,0,0,0.999464,0,-0.0327492,0,0,-0.011759,0,82.4038,0.958041,-3.0223,0,89.0547,11.0068,-0,-302.583,116.365,116.365,2.24808,10,0,0,-0.033931,-0,0.0655102,0,1
29.75,-124.209,0,5238.25,-9.31212,0,258.294,0,0,0,0.999462,0,-0.0328081,0,0,-0.0118163,0,82.4035,0.958039,-2.91169,0,85.6321,10.8813,-0,-302.209,116.364,116.364,2.24807,10,0,0,-0.0339957,-0,0.065628,0,1
29.76,-124.302,0,5240.84,-9.30941,0,258.169,0,0,0,0.99946,0,-0.0328673,0,0,-0.0118741,0,82.4033,0.958038,-2.80065,0,82.2093,10.7555,-0,-301.835,116.364,116.364,2.24807,10,0,0,-0.0340607,-0,0.0657465,0,1
29.77,-124.395,0,5243.42,-9.30668,0,258.044,0,0,0,0.999458,0,-0.0329268,0,0,-0.0119323,0,82.403,0.958037,-2.68919,0,78.7863,10.6293,-0,-301.459,116.364,116.364,2.24806,10,0,0,-0.034126,-0,0.0658655,0,1
29.78,-124.488,0,5246,-9.30393,0,257.919,0,0,0,0.999456,0,-0.0329866,0,0,-0.011991,0,82.4028,0.958036,-2.5773,0,75.3631,10.5027,-0,-301.084,116.364,116.364,2.24806,10,0,0,-0.0341917,-0,0.0659851,0,1
29.79,-124.581,0,5248.57,-9.30115,0,257.794,0,0,0,0.999454,0,-0.0330467,0,0,-0.0120501,0,82.4026,0.958035,-2.46498,0,71.9397,10.3757,-0,-300.708,116.364,116.364,2.24805,10,0,0,-0.0342577,-0,0.0661053,0,1
29.8,-124.674,0,5251.15,-9.29834,0,257.668,0,0,0,0.999452,0,-0.033107,0,0,-0.0121097,0,82.4024,0.958033,-2.35222,0,68.5161,10.2483,-0,-300.331,116.363,116.363,2.24805,10,0,0,-0.034324,-0,0.0662261,0,1
29.81,-124.767,0,5253.73,-9.29551,0,257.541,0,0,0,0.99945,0,-0.0331677,0,0,-0.0121698,0,82.4022,0.958032,-2.23902,0,65.0923,10.1204,-0,-299.954,116.363,116.363,2.24804,10,0,0,-0.0343907,-0,0.0663475,0,1
29.82,-124.86,0,5256.3,-9.29265,0,257.415,0,0,0,0.999448,0,-0.0332287,0,0,-0.0122303,0,82.402,0.958031,-2.12538,0,61.6682,9.9922,-0,-299.576,116.363,116.363,2.24804,10,0,0,-0.0344578,-0,0.0664695,0,1
29.83,-124.953,0,5258.88,-9.28976,0,257.288,0,0,0,0.999446,0,-0.0332899,0,0,-0.0122913,0,82.4018,0.958031,-2.01129,0,58.244,9.86354,-0,-299.198,116.363,116.363,2.24804,10,0,0,-0.0345252,-0,0.0665921,0,1
29.84,-125.046,0,5261.45,-9.28685,0,257.16,0,0,0,0.999444,0,-0.0333515,0,0,-0.0123528,0,82.4017,0.95803,-1.89675,0,54.8195,9.73446,-0,-298.819,116.363,116.363,2.24803,10,0,0,-0.034593,-0,0.0667154,0,1
29.85,-125.139,0,5264.02,-9.28391,0,257.032,0,0,0,0.999442,0,-0.0334134,0,0,-0.0124148,0,82.4015,0.958029,-1.78176,0,51.3948,9.60496,-0,-298.44,116.363,116.363,2.24803,10,0,0,-0.0346611,-0,0.0668392,0,1
29.86,-125.232,0,5266.59,-9.28095,0,256.904,0,0,0,0.99944,0,-0.0334756,0,0,-0.0124773,0,82.4014,0.958028,-1.66632,0,47.9699,9.47503,-0,-298.061,116.363,116.363,2.24803,10,0,0,-0.0347296,-0,0.0669637,0,1
29.87,-125.324,0,5269.16,-9.27796,0,256.776,0,0,0,0.999437,0,-0.0335381,0,0,-0.0125403,0,82.4012,0.958027,-1.55041,0,44.5449,9.34467,-0,-297.681,116.362,116.362,2.24802,10,0,0,-0.0347984,-0,0.0670888,0,1
29.88,-125.417,0,5271.72,-9.27494,0,256.647,0,0,0,0.999435,0,-0.0336009,0,0,-0.0126038,0,82.4011,0.958027,-1.43404,0,41.1196,9.21389,-0,-297.3,116.362,116.362,2.24802,10,0,0,-0.0348676,-0,0.0672145,0,1
29.89,-125.51,0,5274.29,-9.27189,0,256.518,0,0,0,0.999433,0,-0.0336641,0,0,-0.0126678,0,82.401,0.958026,-1.3172,0,37.6941,9.08267,-0,-296.919,116.362,116.362,2.24802,10,0,0,-0.0349372,-0,0.0673408,0,1
29.9,-125.603,0,5276.86,-9.26882,0,256.388,0,0,0,0.999431,0,-0.0337275,0,0,-0.0127323,0,82.4009,0.958026,-1.19989,0,34.2684,8.95102,-0,-296.537,116.362,116.362,2.24802,10,0,0,-0.0350071,-0,0.0674678,0,1
29.91,-125.695,0,5279.42,-9.26572,0,256.258,0,0,0,0.999429,0,-0.0337913,0,0,-0.0127974,0,82.4008,0.958025,-1.0821,0,30.8424,8.81892,-0,-296.155,116.362,116.362,2.24802,10,0,0,-0.0350775,-0,0.0675955,0,1
29.92,-125.788,0,5281.98,-9.26259,0,256.128,0,0,0,0.999427,0,-0.0338554,0,0,-0.012863,0,82.4007,0.958025,-0.963836,0,27.4163,8.68638,-0,-295.773,116.362,116.362,2.24801,10,0,0,-0.0351482,-0,0.0677238,0,1
29.93,-125.881,0,5284.54,-9.25944,0,255.997,0,0,0,0.999425,0,-0.0339199,0,0,-0.0129291,0,82.4006,0.958024,-0.845088,0,23.99,8.5534,-0,-295.39,116.362,116.362,2.24801,10,0,0,-0.0352193,-0,0.0678527,0,1
29.94,-125.973,0,5287.1,-9.25626,0,255.866,0,0,0,0.999422,0,-0.0339846,0,0,-0.0129957,0,82.4006,0.958024,-0.725854,0,20.5635,8.41997,-0,-295.007,116.362,116.362,2.24801,10,0,0,-0.0352908,-0,0.0679824,0,1
29.95,-126.066,0,5289.66,-9.25304,0,255.734,0,0,0,0.99942,0,-0.0340497,0,0,-0.0130629,0,82.4005,0.958024,-0.606129,0,17.1367,8.28608,-0,-294.623,116.362,116.362,2.24801,10,0,0,-0.0353626,-0,0.0681127,0,1
29.96,-126.158,0,5292.21,-9.24981,0,255.602,0,0,0,0.999418,0,-0.0341152,0,0,-0.0131306,0,82.4005,0.958023,-0.485909,0,13.7098,8.15174,-0,-294.238,116.362,116.362,2.24801,10,0,0,-0.0354349,-0,0.0682436,0,1
29.97,-126.251,0,5294.77,-9.24654,0,255.47,0,0,0,0.999416,0,-0.034181,0,0,-0.0131989,0,82.4004,0.958023,-0.36519,0,10.2826,8.01695,-0,-293.854,116.362,116.362,2.24801,10,0,0,-0.0355075,-0,0.0683753,0,1
29.98,-126.343,0,5297.32,-9.24325,0,255.338,0,0,0,0.999413,0,-0.0342471,0,0,-0.0132678,0,82.4004,0.958023,-0.243968,0,6.8553,7.88168,-0,-293.468,116.362,116.362,2.24801,10,0,0,-0.0355806,-0,0.0685076,0,1
29.99,-126.436,0,5299.88,-9.23993,0,255.205,0,0,0,0.999411,0,-0.0343136,0,0,-0.0133372,0,82.4004,0.958023,-0.12224,0,3.42775,7.74596,-0,-293.083,116.362,116.362,2.24801,10,0,0,-0.035654,-0,0.0686406,0,1
